[Licensing::Module] Trying to connect to existing licensing client channel...
Built from '6000.3/staging' branch; Version is '6000.3.23f1 (09d2ecc7fb28) revision 643820'; Using compiler version '194234433'; Build Type 'Release'
OS: 'Windows 10  (10.0.19045) 64bit Professional' Language: 'uk' Physical Memory: 15836 MB
BatchMode: 1, IsHumanControllingUs: 0, StartBugReporterOnCrash: 0, Is64bit: 1
System  architecture: x64
Process architecture: x64
Date: 2026-09-10T09:57:24Z
[Licensing::IpcConnector] Successfully connected to: "LicenseClient-Nikolaienko" at "2026-09-10T09:57:24.3733046Z"

COMMAND LINE ARGUMENTS:
C:\Program Files\Unity 6000.3.23f1\Editor\Unity.exe
-adb2
-batchMode
-noUpm
-name
AssetImportWorker0
-projectPath
D:/Work/GitHub/TestNGO
-logFile
Logs/AssetImportWorker0.log
-srvPort
63846
-parentPid
10016
-analyticsCloudUserId
7971561647502
-analyticsLocalProjectId
6ef48c1db021efa48ab362fdfa404ce8
-editorAnalyticsEnabled
1
-cbmEditorLicense
39f005d78c910ce70fc36487da3499a96581a704
-cbmMachineId
GTLbflJvPjdNQFstkC1Rl42jIrU=
-licensingIpc
LicenseClient-Nikolaienko
-job-worker-count
1
-background-job-worker-count
8
-gc-helper-count
1
-name
AssetImport
Successfully changed project path to: D:/Work/GitHub/TestNGO
D:/Work/GitHub/TestNGO
[UnityMemory] Configuration Parameters - Can be set up in boot.config
    "memorysetup-temp-allocator-size-nav-mesh-worker=65536"
    "memorysetup-temp-allocator-size-audio-worker=65536"
    "memorysetup-temp-allocator-size-gfx=262144"
    "memorysetup-allocator-temp-initial-block-size-main=262144"
    "memorysetup-allocator-temp-initial-block-size-worker=262144"
    "memorysetup-temp-allocator-size-background-worker=32768"
    "memorysetup-temp-allocator-size-job-worker=262144"
    "memorysetup-temp-allocator-size-preload-manager=33554432"
    "memorysetup-remapper-allocator-initial-capacity=32768"
    "memorysetup-temp-allocator-size-gi-baking-worker=262144"
    "memorysetup-temp-allocator-size-gi-baking-worker=262144"
    "memorysetup-temp-allocator-size-gi-baking-worker=262144"
    "memorysetup-temp-allocator-size-gi-baking-worker=262144"
    "memorysetup-temp-allocator-size-gi-baking-worker=262144"
    "memorysetup-bucket-allocator-granularity=16"
    "memorysetup-bucket-allocator-bucket-count=8"
    "memorysetup-bucket-allocator-block-size=33554432"
    "memorysetup-bucket-allocator-block-count=8"
    "memorysetup-main-allocator-block-size=16777216"
    "memorysetup-thread-allocator-block-size=16777216"
    "memorysetup-gfx-main-allocator-block-size=16777216"
    "memorysetup-gfx-thread-allocator-block-size=16777216"
    "memorysetup-cache-allocator-block-size=4194304"
    "memorysetup-typetree-allocator-block-size=2097152"
    "memorysetup-profiler-bucket-allocator-granularity=16"
    "memorysetup-profiler-bucket-allocator-bucket-count=8"
    "memorysetup-profiler-bucket-allocator-block-size=33554432"
    "memorysetup-profiler-bucket-allocator-block-count=8"
    "memorysetup-profiler-allocator-block-size=16777216"
    "memorysetup-profiler-editor-allocator-block-size=1048576"
    "memorysetup-temp-allocator-size-main=16777216"
    "memorysetup-job-temp-allocator-block-size=2097152"
    "memorysetup-job-temp-allocator-block-size-background=1048576"
    "memorysetup-job-temp-allocator-reduction-small-platforms=262144"
    "memorysetup-temp-allocator-size-cloud-worker=32768"
Player connection [9848]  Target information:

Player connection [9848]  * "[IP] 192.168.0.106 [Port] 0 [Flags] 2 [Guid] 1995659744 [EditorId] 1995659744 [Version] 1048832 [Id] WindowsEditor(7,DESKTOP-O7KKPMB) [Debug] 1 [PackageName] WindowsEditor [ProjectName] Editor" 

Player connection [9848] Host joined multi-casting on [225.0.0.222:54997]...
Player connection [9848] Host joined alternative multi-casting on [225.0.0.222:34997]...
JobSystem: Creating JobQueue using job-worker-count value 1
Input System module state changed to: Initialized.
[Physics::Module] Initialized fallback backend.
[Physics::Module] Id: 0xdecafbad
Library Redirect Path: Library/
[Physics::Module] Selected backend.
[Physics::Module] Name: PhysX
[Physics::Module] Id: 0xf2b8ea05
[Physics::Module] SDK Version: 4.1.2
[Physics::Module] Integration Version: 1.0.0
[Physics::Module] Threading Mode: Multi-Threaded
Refreshing native plugins compatible for Editor in 0.00 ms, found 0 plugins.
Preloading 0 native plugins for Editor in 0.00 ms.
Initialize engine version: 6000.3.23f1 (09d2ecc7fb28)
[Subsystems] Discovering subsystems at path C:/Program Files/Unity 6000.3.23f1/Editor/Data/Resources/UnitySubsystems
[Subsystems] Discovering subsystems at path D:/Work/GitHub/TestNGO/Assets
GfxDevice: creating device client; kGfxThreadingModeNonThreaded
d3d12: failed to query info queue interface (0x80004002).
Direct3D:
    Version:         Direct3D 12 [level 11.1]
    Renderer:        Intel(R) HD Graphics 4600 (ID=0x412)
    Vendor:          Intel
    VRAM:            2048 MB
    App VRAM Budget: 2048 MB
    Driver:          20.19.15.4531
    Unified Memory Architecture
    Cache Coherent UMA
Initialize mono
Mono path[0] = 'C:/Program Files/Unity 6000.3.23f1/Editor/Data/Managed'
Mono path[1] = 'C:/Program Files/Unity 6000.3.23f1/Editor/Data/MonoBleedingEdge/lib/mono/unityjit-win32'
Mono config path = 'C:/Program Files/Unity 6000.3.23f1/Editor/Data/MonoBleedingEdge/etc'
Using monoOptions --debugger-agent=transport=dt_socket,embedding=1,server=y,suspend=n,address=127.0.0.1:56144
Begin MonoManager ReloadAssembly
Registering precompiled unity dll's ...
Register platform support module: C:/Program Files/Unity 6000.3.23f1/Editor/Data/PlaybackEngines/WindowsStandaloneSupport/UnityEditor.WindowsStandalone.Extensions.dll
Registered in 0.002699 seconds.
- Loaded All Assemblies, in  0.692 seconds
Native extension for WindowsStandalone target not found
Package Manager log level set to [2]
[Package Manager] Failed to launch server process. Reason: Unity was launched with the -noUpm command-line argument
[Package Manager] Unable to send message (not connected to server process).
[Package Manager] Cannot connect to Unity Package Manager local server
ScheduleIndexationOnStartup MainProcess:False IndexOnStartup:True
Mono: successfully reloaded assembly
[Licensing::Client] Error: HandshakeResponse reported an error:
	ResponseCode: 505
	ResponseStatus: Unsupported protocol version '1.18.3'.
[Licensing::Module] Error: Failed to handshake to channel: "LicenseClient-Nikolaienko"
[Licensing::IpcConnector] LicenseClient-Nikolaienko channel disconnected successfully.
[Licensing::IpcConnector] Successfully connected to: "LicenseClient-Nikolaienko-6000.3.23" at "2026-09-10T09:57:26.2492639Z"
[Licensing::Client] Code 10 while verifying Licensing Client signature (process Id: 7672, path: "C:/Program Files/Unity 6000.3.23f1/Editor/Data/Resources/Licensing/Client/Unity.Licensing.Client.exe")
[Licensing::Module] LicensingClient has failed validation; ignoring
[Licensing::Client] Handshaking with LicensingClient:
  Version:                 1.18.3+d7ffd15
  Session Id:              de239ecc502541d996e351e1f790e239
  Correlation Id:          dce60458523d43282233134fe49ccee8
  External correlation Id: 7123936596735836769
  Machine Id:              GTLbflJvPjdNQFstkC1Rl42jIrU=
[Licensing::Module] Successfully connected to LicensingClient on channel: "LicenseClient-Nikolaienko-6000.3.23" (connect: 0.01s, validation: 0.00s, handshake: 0.01s)
[Licensing::IpcConnector] Successfully connected to: "LicenseClient-Nikolaienko-6000.3.23-notifications" at "2026-09-10T09:57:26.2677718Z"
[Licensing::Module] Licensing Background thread has ended after 1.91s
- Finished resetting the current domain, in  0.594 seconds
Domain Reload Profiling: 1284ms
	BeginReloadAssembly (197ms)
		ExecutionOrderSort (0ms)
		DisableScriptedObjects (0ms)
		BackupInstance (0ms)
		ReleaseScriptingObjects (0ms)
		CreateAndSetChildDomain (1ms)
	RebuildCommonClasses (53ms)
	RebuildNativeTypeToScriptingClass (21ms)
	initialDomainReloadingComplete (95ms)
	LoadAllAssembliesAndSetupDomain (323ms)
		LoadAssemblies (198ms)
		RebuildTransferFunctionScriptingTraits (0ms)
		AnalyzeDomain (314ms)
			TypeCache.Refresh (312ms)
				TypeCache.ScanAssembly (292ms)
			BuildScriptInfoCaches (0ms)
			ResolveRequiredComponents (1ms)
	FinalizeReload (595ms)
		ReleaseScriptCaches (0ms)
		RebuildScriptCaches (0ms)
		SetupLoadedEditorAssemblies (518ms)
			LogAssemblyErrors (0ms)
			InitializePlatformSupportModulesInManaged (71ms)
			SetLoadedEditorAssemblies (5ms)
			BeforeProcessingInitializeOnLoad (124ms)
			ProcessInitializeOnLoadAttributes (214ms)
			ProcessInitializeOnLoadMethodAttributes (103ms)
			AfterProcessingInitializeOnLoad (0ms)
			EditorAssembliesLoaded (0ms)
		ExecutionOrderSort2 (0ms)
		AwakeInstancesAfterBackupRestoration (0ms)
[Licensing::Client] Successfully resolved entitlement details
[Licensing::Module] License group:
  Id: 7971561647502-UnityPersXXXX
  Product: Unity Personal
  Type: Assigned
  Expiration: Unlimited
========================================================================
Worker process is ready to serve import requests
Import Worker Mode flag is 0x00
Begin MonoManager ReloadAssembly
- Loaded All Assemblies, in  0.377 seconds
Refreshing native plugins compatible for Editor in 0.00 ms, found 0 plugins.
Native extension for WindowsStandalone target not found
[Package Manager] Failed to launch server process. Reason: Unity was launched with the -noUpm command-line argument
[Package Manager] Unable to send message (not connected to server process).
[Package Manager] Cannot connect to Unity Package Manager local server
ScheduleIndexationOnStartup MainProcess:False IndexOnStartup:True
Mono: successfully reloaded assembly
- Finished resetting the current domain, in  0.491 seconds
Domain Reload Profiling: 864ms
	BeginReloadAssembly (254ms)
		ExecutionOrderSort (0ms)
		DisableScriptedObjects (17ms)
		BackupInstance (0ms)
		ReleaseScriptingObjects (0ms)
		CreateAndSetChildDomain (37ms)
	RebuildCommonClasses (52ms)
	RebuildNativeTypeToScriptingClass (20ms)
	initialDomainReloadingComplete (27ms)
	LoadAllAssembliesAndSetupDomain (20ms)
		LoadAssemblies (141ms)
		RebuildTransferFunctionScriptingTraits (0ms)
		AnalyzeDomain (13ms)
			TypeCache.Refresh (9ms)
				TypeCache.ScanAssembly (3ms)
			BuildScriptInfoCaches (1ms)
			ResolveRequiredComponents (1ms)
	FinalizeReload (491ms)
		ReleaseScriptCaches (0ms)
		RebuildScriptCaches (0ms)
		SetupLoadedEditorAssemblies (354ms)
			LogAssemblyErrors (0ms)
			InitializePlatformSupportModulesInManaged (2ms)
			SetLoadedEditorAssemblies (4ms)
			BeforeProcessingInitializeOnLoad (136ms)
			ProcessInitializeOnLoadAttributes (158ms)
			ProcessInitializeOnLoadMethodAttributes (46ms)
			AfterProcessingInitializeOnLoad (7ms)
			EditorAssembliesLoaded (0ms)
		ExecutionOrderSort2 (0ms)
		AwakeInstancesAfterBackupRestoration (10ms)
Launched and connected shader compiler UnityShaderCompiler.exe after 0.01 seconds
Refreshing native plugins compatible for Editor in 0.00 ms, found 0 plugins.
Preloading 0 native plugins for Editor in 0.00 ms.
Unloading 0 Unused Serialized files (Serialized files now loaded: 0)
Curl error 3: URL rejected: Malformed input to a URL function
Unloading 64 unused Assets / (23.2 KB). Loaded Objects now: 655.
Memory consumption went from 70.3 MB to 70.3 MB.
Total: 4.778800 ms (FindLiveObjects: 0.053300 ms CreateObjectMapping: 0.011500 ms MarkObjects: 4.629700 ms  DeleteObjects: 0.083300 ms)

========================================================================
Received Import Request.
  Time since last request: 75499.896125 seconds.
  path: Packages/com.unity.multiplayer.center/Common/SelectedSolutionsData.cs
  artifactKey: Guid(ec737041edec4a5b93f7953a6ffe9f06) Importer(2089858483,b0f066a214c2f5e87bad3c948f4d605d)
Start importing Packages/com.unity.multiplayer.center/Common/SelectedSolutionsData.cs using Guid(ec737041edec4a5b93f7953a6ffe9f06) Importer(2089858483,b0f066a214c2f5e87bad3c948f4d605d) (ScriptedImporter) -> (artifact id: 'ea3ddd27b18439293f2a13f21ea95592') in 0.1184014 seconds
Number of updated asset objects reloaded before import = 0Number of asset objects unloaded after import = 0

========================================================================
Received Import Request.
  Time since last request: 0.000017 seconds.
  path: Packages/com.unity.modules.unitywebrequesttexture/package.json
  artifactKey: Guid(d0e3ad91972c66f5238f5b9b7d5ae58a) Importer(2089858483,b0f066a214c2f5e87bad3c948f4d605d)
Start importing Packages/com.unity.modules.unitywebrequesttexture/package.json using Guid(d0e3ad91972c66f5238f5b9b7d5ae58a) Importer(2089858483,b0f066a214c2f5e87bad3c948f4d605d) (ScriptedImporter) -> (artifact id: '5d60b9ca3bd5cce97aab4401f5b28ed2') in 0.011793 seconds
Number of updated asset objects reloaded before import = 0Number of asset objects unloaded after import = 1

========================================================================
Received Import Request.
  Time since last request: 0.000034 seconds.
  path: Packages/com.unity.modules.terrain/package.ModuleCompilationTrigger
  artifactKey: Guid(23032f4383e95e772bce465c5896d0fd) Importer(2089858483,b0f066a214c2f5e87bad3c948f4d605d)
Start importing Packages/com.unity.modules.terrain/package.ModuleCompilationTrigger using Guid(23032f4383e95e772bce465c5896d0fd) Importer(2089858483,b0f066a214c2f5e87bad3c948f4d605d) (ScriptedImporter) -> (artifact id: '7f4ae1794c312ddb314962507ff443b9') in 0.0105164 seconds
Number of updated asset objects reloaded before import = 0Number of asset objects unloaded after import = 1

========================================================================
Received Import Request.
  Time since last request: 0.000069 seconds.
  path: Packages/com.unity.multiplayer.center/Tests/Runtime/Unity.Multiplayer.Center.Tests.asmdef
  artifactKey: Guid(2664430aff4254d79887d32c3fc1e221) Importer(2089858483,b0f066a214c2f5e87bad3c948f4d605d)
Start importing Packages/com.unity.multiplayer.center/Tests/Runtime/Unity.Multiplayer.Center.Tests.asmdef using Guid(2664430aff4254d79887d32c3fc1e221) Importer(2089858483,b0f066a214c2f5e87bad3c948f4d605d) (ScriptedImporter) -> (artifact id: '08cb8335569fbe7e88857386d2b79508') in 0.0122635 seconds
Number of updated asset objects reloaded before import = 0Number of asset objects unloaded after import = 1

========================================================================
Received Import Request.
  Time since last request: 0.000075 seconds.
  path: Packages/com.unity.multiplayer.center/Editor/MultiplayerCenterWindow/UI/light.uss
  artifactKey: Guid(f1ac2efb1bcd4dfd95dc196ed3c11367) Importer(2089858483,b0f066a214c2f5e87bad3c948f4d605d)
Start importing Packages/com.unity.multiplayer.center/Editor/MultiplayerCenterWindow/UI/light.uss using Guid(f1ac2efb1bcd4dfd95dc196ed3c11367) Importer(2089858483,b0f066a214c2f5e87bad3c948f4d605d) (ScriptedImporter) -> (artifact id: '8795686997afe014df71bc4183037bc5') in 0.0534679 seconds
Number of updated asset objects reloaded before import = 0Number of asset objects unloaded after import = 9

========================================================================
Received Import Request.
  Time since last request: 0.000262 seconds.
  path: Packages/com.unity.multiplayer.center/CHANGELOG.md
  artifactKey: Guid(3bbd27b3dd7be4a74aeab8da6b0af5cc) Importer(2089858483,b0f066a214c2f5e87bad3c948f4d605d)
Start importing Packages/com.unity.multiplayer.center/CHANGELOG.md using Guid(3bbd27b3dd7be4a74aeab8da6b0af5cc) Importer(2089858483,b0f066a214c2f5e87bad3c948f4d605d) (ScriptedImporter) -> (artifact id: 'b6d75fef3fc1f466de0cbd58474c9cfe') in 0.0101296 seconds
Number of updated asset objects reloaded before import = 0Number of asset objects unloaded after import = 1

========================================================================
Received Import Request.
  Time since last request: 0.000158 seconds.
  path: Packages/com.unity.modules.screencapture/package.json
  artifactKey: Guid(80beef77cb19e713c7c2d481b65ed485) Importer(2089858483,b0f066a214c2f5e87bad3c948f4d605d)
Start importing Packages/com.unity.modules.screencapture/package.json using Guid(80beef77cb19e713c7c2d481b65ed485) Importer(2089858483,b0f066a214c2f5e87bad3c948f4d605d) (ScriptedImporter) -> (artifact id: '9e538b6a4fc5924be9e7416069865d9d') in 0.0112755 seconds
Number of updated asset objects reloaded before import = 0Number of asset objects unloaded after import = 1

========================================================================
Received Import Request.
  Time since last request: 0.000020 seconds.
  path: Packages/com.unity.multiplayer.center/Editor/MultiplayerCenterWindow/UI/Icons/CloudCode.png
  artifactKey: Guid(ad1d29f4654194951a3c8bf507914d05) Importer(2089858483,b0f066a214c2f5e87bad3c948f4d605d)
Start importing Packages/com.unity.multiplayer.center/Editor/MultiplayerCenterWindow/UI/Icons/CloudCode.png using Guid(ad1d29f4654194951a3c8bf507914d05) Importer(2089858483,b0f066a214c2f5e87bad3c948f4d605d) (ScriptedImporter) -> (artifact id: 'ee339cca51dbed1622e3f25eef20746d') in 0.0657743 seconds
Number of updated asset objects reloaded before import = 0Number of asset objects unloaded after import = 1

========================================================================
Received Import Request.
  Time since last request: 0.000016 seconds.
  path: Packages/com.unity.multiplayer.center/Tests/Editor/RecommendationAnalyticsTests.cs
  artifactKey: Guid(36b51591e13f48b5bed734724d149fb4) Importer(2089858483,b0f066a214c2f5e87bad3c948f4d605d)
Start importing Packages/com.unity.multiplayer.center/Tests/Editor/RecommendationAnalyticsTests.cs using Guid(36b51591e13f48b5bed734724d149fb4) Importer(2089858483,b0f066a214c2f5e87bad3c948f4d605d) (ScriptedImporter) -> (artifact id: 'c4515a950eb340f5034e180d767ea196') in 0.0096896 seconds
Number of updated asset objects reloaded before import = 0Number of asset objects unloaded after import = 0

========================================================================
Received Import Request.
  Time since last request: 0.000030 seconds.
  path: Packages/com.unity.multiplayer.center/Editor/Questionnaire/UserChoicesObject.cs
  artifactKey: Guid(18cde282a8d045bf9d245fdcfaa7271b) Importer(2089858483,b0f066a214c2f5e87bad3c948f4d605d)
Start importing Packages/com.unity.multiplayer.center/Editor/Questionnaire/UserChoicesObject.cs using Guid(18cde282a8d045bf9d245fdcfaa7271b) Importer(2089858483,b0f066a214c2f5e87bad3c948f4d605d) (ScriptedImporter) -> (artifact id: '00352fef7dfc52b8d17defc8483e8643') in 0.0096629 seconds
Number of updated asset objects reloaded before import = 0Number of asset objects unloaded after import = 0

========================================================================
Received Import Request.
  Time since last request: 0.000024 seconds.
  path: Packages/com.unity.multiplayer.center/Editor/MultiplayerCenterWindow/UI/Icons/ClientHosted.png
  artifactKey: Guid(b2ce704e56cc84fb3b347499263c6244) Importer(2089858483,b0f066a214c2f5e87bad3c948f4d605d)
Start importing Packages/com.unity.multiplayer.center/Editor/MultiplayerCenterWindow/UI/Icons/ClientHosted.png using Guid(b2ce704e56cc84fb3b347499263c6244) Importer(2089858483,b0f066a214c2f5e87bad3c948f4d605d) (ScriptedImporter) -> (artifact id: 'f1aa7e23b39a319853fd44482c31c119') in 0.0164997 seconds
Number of updated asset objects reloaded before import = 0Number of asset objects unloaded after import = 1

========================================================================
Received Import Request.
  Time since last request: 0.000021 seconds.
  path: Packages/com.unity.modules.tilemap/package.ModuleCompilationTrigger
  artifactKey: Guid(a1c42005fe7c5d78585a77ce396a5eea) Importer(2089858483,b0f066a214c2f5e87bad3c948f4d605d)
Start importing Packages/com.unity.modules.tilemap/package.ModuleCompilationTrigger using Guid(a1c42005fe7c5d78585a77ce396a5eea) Importer(2089858483,b0f066a214c2f5e87bad3c948f4d605d) (ScriptedImporter) -> (artifact id: '9b64289d3c9219e5d68a75e7fbc307e7') in 0.0097484 seconds
Number of updated asset objects reloaded before import = 0Number of asset objects unloaded after import = 1

========================================================================
Received Import Request.
  Time since last request: 0.000023 seconds.
  path: Packages/com.unity.modules.imgui/package.json
  artifactKey: Guid(42fe78c8fe682715a2cb531422e6ccb3) Importer(2089858483,b0f066a214c2f5e87bad3c948f4d605d)
Start importing Packages/com.unity.modules.imgui/package.json using Guid(42fe78c8fe682715a2cb531422e6ccb3) Importer(2089858483,b0f066a214c2f5e87bad3c948f4d605d) (ScriptedImporter) -> (artifact id: 'bb9ef557267738236518d6c74b3ab9b3') in 0.0121591 seconds
Number of updated asset objects reloaded before import = 0Number of asset objects unloaded after import = 1

========================================================================
Received Import Request.
  Time since last request: 0.000021 seconds.
  path: Packages/com.unity.multiplayer.center/package.json
  artifactKey: Guid(df0857f6a11054383be91b1f8e1b5800) Importer(2089858483,b0f066a214c2f5e87bad3c948f4d605d)
Start importing Packages/com.unity.multiplayer.center/package.json using Guid(df0857f6a11054383be91b1f8e1b5800) Importer(2089858483,b0f066a214c2f5e87bad3c948f4d605d) (ScriptedImporter) -> (artifact id: '3906d94937d589fa37dda0df9aefc5e6') in 0.0097232 seconds
Number of updated asset objects reloaded before import = 0Number of asset objects unloaded after import = 1

========================================================================
Received Import Request.
  Time since last request: 0.000031 seconds.
  path: Packages/com.unity.multiplayer.center/Editor/Analytics/OnboardingSectionAnalyticsProvider.cs
  artifactKey: Guid(e9faa4a7023c43c5805642250c703f48) Importer(2089858483,b0f066a214c2f5e87bad3c948f4d605d)
Start importing Packages/com.unity.multiplayer.center/Editor/Analytics/OnboardingSectionAnalyticsProvider.cs using Guid(e9faa4a7023c43c5805642250c703f48) Importer(2089858483,b0f066a214c2f5e87bad3c948f4d605d) (ScriptedImporter) -> (artifact id: '8dac8ef4077360d842d3a48fee4b84b6') in 0.01225 seconds
Number of updated asset objects reloaded before import = 0Number of asset objects unloaded after import = 0

========================================================================
Received Import Request.
  Time since last request: 0.000042 seconds.
  path: Packages/com.unity.multiplayer.center/Tests/Editor/ExpectedPresetRecommendations.cs
  artifactKey: Guid(8110dd6ddbc04e58b50978562ce0c00a) Importer(2089858483,b0f066a214c2f5e87bad3c948f4d605d)
Start importing Packages/com.unity.multiplayer.center/Tests/Editor/ExpectedPresetRecommendations.cs using Guid(8110dd6ddbc04e58b50978562ce0c00a) Importer(2089858483,b0f066a214c2f5e87bad3c948f4d605d) (ScriptedImporter) -> (artifact id: '983053f5fdc79fc622bc1053f9e1a086') in 0.0100189 seconds
Number of updated asset objects reloaded before import = 0Number of asset objects unloaded after import = 0

========================================================================
Received Import Request.
  Time since last request: 0.000026 seconds.
  path: Packages/com.unity.multiplayer.center/Editor/OnBoarding/SectionsFinder.cs
  artifactKey: Guid(fcbb62ff857b4cf49e74f5f9aca6e8d6) Importer(2089858483,b0f066a214c2f5e87bad3c948f4d605d)
Start importing Packages/com.unity.multiplayer.center/Editor/OnBoarding/SectionsFinder.cs using Guid(fcbb62ff857b4cf49e74f5f9aca6e8d6) Importer(2089858483,b0f066a214c2f5e87bad3c948f4d605d) (ScriptedImporter) -> (artifact id: '89943a428432ec0211193b4d16571dcf') in 0.0106687 seconds
Number of updated asset objects reloaded before import = 0Number of asset objects unloaded after import = 0

========================================================================
Received Import Request.
  Time since last request: 0.000036 seconds.
  path: Packages/com.unity.multiplayer.center/Editor/MultiplayerCenterWindow/UI/QuestionSection.cs
  artifactKey: Guid(157e1606dfbd48dda6f01acbf49435b0) Importer(2089858483,b0f066a214c2f5e87bad3c948f4d605d)
Start importing Packages/com.unity.multiplayer.center/Editor/MultiplayerCenterWindow/UI/QuestionSection.cs using Guid(157e1606dfbd48dda6f01acbf49435b0) Importer(2089858483,b0f066a214c2f5e87bad3c948f4d605d) (ScriptedImporter) -> (artifact id: '08f8df76eb04074b17b170ac605e332e') in 0.0111592 seconds
Number of updated asset objects reloaded before import = 0Number of asset objects unloaded after import = 0

========================================================================
Received Import Request.
  Time since last request: 0.000022 seconds.
  path: Packages/com.unity.modules.terrainphysics/package.ModuleCompilationTrigger
  artifactKey: Guid(cbb1a39d56ce4d9ac1a46ac505893fa7) Importer(2089858483,b0f066a214c2f5e87bad3c948f4d605d)
Start importing Packages/com.unity.modules.terrainphysics/package.ModuleCompilationTrigger using Guid(cbb1a39d56ce4d9ac1a46ac505893fa7) Importer(2089858483,b0f066a214c2f5e87bad3c948f4d605d) (ScriptedImporter) -> (artifact id: '9d5f9f8b2928c5473316639c691769fd') in 0.0131053 seconds
Number of updated asset objects reloaded before import = 0Number of asset objects unloaded after import = 1

========================================================================
Received Import Request.
  Time since last request: 0.000037 seconds.
  path: Packages/com.unity.modules.uielements/package.ModuleCompilationTrigger
  artifactKey: Guid(8a752aaaadd2410dd9a84e01c1bace9f) Importer(2089858483,b0f066a214c2f5e87bad3c948f4d605d)
Start importing Packages/com.unity.modules.uielements/package.ModuleCompilationTrigger using Guid(8a752aaaadd2410dd9a84e01c1bace9f) Importer(2089858483,b0f066a214c2f5e87bad3c948f4d605d) (ScriptedImporter) -> (artifact id: 'a36f393d6ec1324487a7750a31f59bbf') in 0.0129652 seconds
Number of updated asset objects reloaded before import = 0Number of asset objects unloaded after import = 1

========================================================================
Received Import Request.
  Time since last request: 0.000028 seconds.
  path: Packages/com.unity.modules.terrain/package.json
  artifactKey: Guid(6d56244f8c39a851975d3c0bd432c66f) Importer(2089858483,b0f066a214c2f5e87bad3c948f4d605d)
Start importing Packages/com.unity.modules.terrain/package.json using Guid(6d56244f8c39a851975d3c0bd432c66f) Importer(2089858483,b0f066a214c2f5e87bad3c948f4d605d) (ScriptedImporter) -> (artifact id: 'faeef4198acbd6090c8fb19372ab4d63') in 0.0105327 seconds
Number of updated asset objects reloaded before import = 0Number of asset objects unloaded after import = 1

========================================================================
Received Import Request.
  Time since last request: 0.000053 seconds.
  path: Packages/com.unity.multiplayer.center/Editor/Analytics/DebugAnalytics.cs
  artifactKey: Guid(dd20f32039084a12a8e48dffd4d58f48) Importer(2089858483,b0f066a214c2f5e87bad3c948f4d605d)
Start importing Packages/com.unity.multiplayer.center/Editor/Analytics/DebugAnalytics.cs using Guid(dd20f32039084a12a8e48dffd4d58f48) Importer(2089858483,b0f066a214c2f5e87bad3c948f4d605d) (ScriptedImporter) -> (artifact id: 'dd12b7f26257711b573e99b58c56c459') in 0.0152832 seconds
Number of updated asset objects reloaded before import = 0Number of asset objects unloaded after import = 0

========================================================================
Received Import Request.
  Time since last request: 0.000022 seconds.
  path: Packages/com.unity.multiplayer.center/Tests/Runtime/PlaceholderTest.cs
  artifactKey: Guid(7456ea4ba2dcd48d3909b82e610f2048) Importer(2089858483,b0f066a214c2f5e87bad3c948f4d605d)
Start importing Packages/com.unity.multiplayer.center/Tests/Runtime/PlaceholderTest.cs using Guid(7456ea4ba2dcd48d3909b82e610f2048) Importer(2089858483,b0f066a214c2f5e87bad3c948f4d605d) (ScriptedImporter) -> (artifact id: '086f6032383ff006b18de924663544b7') in 0.011922 seconds
Number of updated asset objects reloaded before import = 0Number of asset objects unloaded after import = 0

========================================================================
Received Import Request.
  Time since last request: 0.000213 seconds.
  path: Packages/com.unity.multiplayer.center/Editor/Analytics/AnalyticsUtils.cs
  artifactKey: Guid(54407f5deee4439eb1885bee01956e9c) Importer(2089858483,b0f066a214c2f5e87bad3c948f4d605d)
Start importing Packages/com.unity.multiplayer.center/Editor/Analytics/AnalyticsUtils.cs using Guid(54407f5deee4439eb1885bee01956e9c) Importer(2089858483,b0f066a214c2f5e87bad3c948f4d605d) (ScriptedImporter) -> (artifact id: 'c769664bdd8d848aaed87125f6e9df1e') in 0.0129254 seconds
Number of updated asset objects reloaded before import = 0Number of asset objects unloaded after import = 0

========================================================================
Received Import Request.
  Time since last request: 0.000051 seconds.
  path: Packages/com.unity.multiplayer.center/Editor/Recommendations/RecommendationAuthoringData.cs
  artifactKey: Guid(71b3035ad4d343cbbe033e93369d187e) Importer(2089858483,b0f066a214c2f5e87bad3c948f4d605d)
Start importing Packages/com.unity.multiplayer.center/Editor/Recommendations/RecommendationAuthoringData.cs using Guid(71b3035ad4d343cbbe033e93369d187e) Importer(2089858483,b0f066a214c2f5e87bad3c948f4d605d) (ScriptedImporter) -> (artifact id: '6890b2f2a231faa1e6b62a8b731270af') in 0.0128799 seconds
Number of updated asset objects reloaded before import = 0Number of asset objects unloaded after import = 0

========================================================================
Received Import Request.
  Time since last request: 0.000030 seconds.
  path: Packages/com.unity.multiplayer.center/Common/IOnboardingSection.cs
  artifactKey: Guid(1bd8e2f47a6c4478ab8f0ade7687e79b) Importer(2089858483,b0f066a214c2f5e87bad3c948f4d605d)
Start importing Packages/com.unity.multiplayer.center/Common/IOnboardingSection.cs using Guid(1bd8e2f47a6c4478ab8f0ade7687e79b) Importer(2089858483,b0f066a214c2f5e87bad3c948f4d605d) (ScriptedImporter) -> (artifact id: 'd81f3312609736d47a93ee08de6d77e6') in 0.0110553 seconds
Number of updated asset objects reloaded before import = 0Number of asset objects unloaded after import = 0

========================================================================
Received Import Request.
  Time since last request: 0.000047 seconds.
  path: Packages/com.unity.multiplayer.center/Editor/Unity.Multiplayer.Center.Editor.asmdef
  artifactKey: Guid(be17709716f1648caa5de6d0c38103ed) Importer(2089858483,b0f066a214c2f5e87bad3c948f4d605d)
Start importing Packages/com.unity.multiplayer.center/Editor/Unity.Multiplayer.Center.Editor.asmdef using Guid(be17709716f1648caa5de6d0c38103ed) Importer(2089858483,b0f066a214c2f5e87bad3c948f4d605d) (ScriptedImporter) -> (artifact id: 'e2f8216dafa40265fcf49dc03e78f457') in 0.0117739 seconds
Number of updated asset objects reloaded before import = 0Number of asset objects unloaded after import = 1

========================================================================
Received Import Request.
  Time since last request: 0.000027 seconds.
  path: Packages/com.unity.modules.screencapture/package.ModuleCompilationTrigger
  artifactKey: Guid(cd561f5f687aed43bf280c27a84f79e3) Importer(2089858483,b0f066a214c2f5e87bad3c948f4d605d)
Start importing Packages/com.unity.modules.screencapture/package.ModuleCompilationTrigger using Guid(cd561f5f687aed43bf280c27a84f79e3) Importer(2089858483,b0f066a214c2f5e87bad3c948f4d605d) (ScriptedImporter) -> (artifact id: '92e65ec39dbb191387dcec5ce80a7dfe') in 0.0157238 seconds
Number of updated asset objects reloaded before import = 0Number of asset objects unloaded after import = 1

========================================================================
Received Import Request.
  Time since last request: 0.000022 seconds.
  path: Packages/com.unity.modules.unitywebrequestwww/package.ModuleCompilationTrigger
  artifactKey: Guid(ae87256f29d9c8b50490f4caf75b2c41) Importer(2089858483,b0f066a214c2f5e87bad3c948f4d605d)
Start importing Packages/com.unity.modules.unitywebrequestwww/package.ModuleCompilationTrigger using Guid(ae87256f29d9c8b50490f4caf75b2c41) Importer(2089858483,b0f066a214c2f5e87bad3c948f4d605d) (ScriptedImporter) -> (artifact id: 'cf691ec391a5f88c0fd28645179f36f6') in 0.0132171 seconds
Number of updated asset objects reloaded before import = 0Number of asset objects unloaded after import = 1

========================================================================
Received Import Request.
  Time since last request: 0.000043 seconds.
  path: Packages/com.unity.multiplayer.center/Common/IOnboardingSectionAnalyticsProvider.cs
  artifactKey: Guid(833328f3bcf144cc94f92e286e86b427) Importer(2089858483,b0f066a214c2f5e87bad3c948f4d605d)
Start importing Packages/com.unity.multiplayer.center/Common/IOnboardingSectionAnalyticsProvider.cs using Guid(833328f3bcf144cc94f92e286e86b427) Importer(2089858483,b0f066a214c2f5e87bad3c948f4d605d) (ScriptedImporter) -> (artifact id: '6e56e5b951fafcba88994b56d401e371') in 0.0141056 seconds
Number of updated asset objects reloaded before import = 0Number of asset objects unloaded after import = 0

========================================================================
Received Import Request.
  Time since last request: 0.000030 seconds.
  path: Packages/com.unity.modules.umbra/package.ModuleCompilationTrigger
  artifactKey: Guid(1b6246f2248883964991eac9e9b4817c) Importer(2089858483,b0f066a214c2f5e87bad3c948f4d605d)
Start importing Packages/com.unity.modules.umbra/package.ModuleCompilationTrigger using Guid(1b6246f2248883964991eac9e9b4817c) Importer(2089858483,b0f066a214c2f5e87bad3c948f4d605d) (ScriptedImporter) -> (artifact id: 'af04330646705ff888d24c106015cd3b') in 0.0098357 seconds
Number of updated asset objects reloaded before import = 0Number of asset objects unloaded after import = 1

========================================================================
Received Import Request.
  Time since last request: 0.000020 seconds.
  path: Packages/com.unity.multiplayer.center/Tests/Editor/AssemblyInfo.cs
  artifactKey: Guid(89ffa359141b49fea9bfa6a1db3b18be) Importer(2089858483,b0f066a214c2f5e87bad3c948f4d605d)
Start importing Packages/com.unity.multiplayer.center/Tests/Editor/AssemblyInfo.cs using Guid(89ffa359141b49fea9bfa6a1db3b18be) Importer(2089858483,b0f066a214c2f5e87bad3c948f4d605d) (ScriptedImporter) -> (artifact id: '87ffb8e78fe34e7ff9241e3b847efadc') in 0.0128791 seconds
Number of updated asset objects reloaded before import = 0Number of asset objects unloaded after import = 0

========================================================================
Received Import Request.
  Time since last request: 0.000039 seconds.
  path: Packages/com.unity.modules.imgui/package.ModuleCompilationTrigger
  artifactKey: Guid(be13c398521e3c1ad21fb9da30ab2ab6) Importer(2089858483,b0f066a214c2f5e87bad3c948f4d605d)
Start importing Packages/com.unity.modules.imgui/package.ModuleCompilationTrigger using Guid(be13c398521e3c1ad21fb9da30ab2ab6) Importer(2089858483,b0f066a214c2f5e87bad3c948f4d605d) (ScriptedImporter) -> (artifact id: '47ad689e089c180964f43c787e198842') in 0.0116134 seconds
Number of updated asset objects reloaded before import = 0Number of asset objects unloaded after import = 1

========================================================================
Received Import Request.
  Time since last request: 0.000022 seconds.
  path: Packages/com.unity.multiplayer.center/Third Party Notices.md
  artifactKey: Guid(c8f6fa942856442b8bd72594d3ce7363) Importer(2089858483,b0f066a214c2f5e87bad3c948f4d605d)
Start importing Packages/com.unity.multiplayer.center/Third Party Notices.md using Guid(c8f6fa942856442b8bd72594d3ce7363) Importer(2089858483,b0f066a214c2f5e87bad3c948f4d605d) (ScriptedImporter) -> (artifact id: 'ef4e4ea40986c1bd48bfadaecdce906c') in 0.0106207 seconds
Number of updated asset objects reloaded before import = 0Number of asset objects unloaded after import = 1

========================================================================
Received Import Request.
  Time since last request: 0.000031 seconds.
  path: Packages/com.unity.multiplayer.center/Tests/Editor/UtilsForRecommendationTests.cs
  artifactKey: Guid(ca560c7d2a0d4453a50ec4f704ce9ce1) Importer(2089858483,b0f066a214c2f5e87bad3c948f4d605d)
Start importing Packages/com.unity.multiplayer.center/Tests/Editor/UtilsForRecommendationTests.cs using Guid(ca560c7d2a0d4453a50ec4f704ce9ce1) Importer(2089858483,b0f066a214c2f5e87bad3c948f4d605d) (ScriptedImporter) -> (artifact id: 'd346ed8ba9a23aff363c8ba1b163c82c') in 0.0138781 seconds
Number of updated asset objects reloaded before import = 0Number of asset objects unloaded after import = 0

========================================================================
Received Import Request.
  Time since last request: 0.000026 seconds.
  path: Packages/com.unity.modules.jsonserialize/package.ModuleCompilationTrigger
  artifactKey: Guid(e6a135e3ea9cb46795d1b0e05ac3e1e5) Importer(2089858483,b0f066a214c2f5e87bad3c948f4d605d)
Start importing Packages/com.unity.modules.jsonserialize/package.ModuleCompilationTrigger using Guid(e6a135e3ea9cb46795d1b0e05ac3e1e5) Importer(2089858483,b0f066a214c2f5e87bad3c948f4d605d) (ScriptedImporter) -> (artifact id: 'fea256a7c357ca862b9d5092f47e70b6') in 0.0121115 seconds
Number of updated asset objects reloaded before import = 0Number of asset objects unloaded after import = 1

========================================================================
Received Import Request.
  Time since last request: 0.000078 seconds.
  path: Packages/com.unity.multiplayer.center/Editor/MultiplayerCenterWindow/UI/dark.uss
  artifactKey: Guid(1984cd07fe96417f9e88f5771f6b4b32) Importer(2089858483,b0f066a214c2f5e87bad3c948f4d605d)
Start importing Packages/com.unity.multiplayer.center/Editor/MultiplayerCenterWindow/UI/dark.uss using Guid(1984cd07fe96417f9e88f5771f6b4b32) Importer(2089858483,b0f066a214c2f5e87bad3c948f4d605d) (ScriptedImporter) -> (artifact id: '6ab04bc7314d57b500bb3211d3145fb5') in 0.0204467 seconds
Number of updated asset objects reloaded before import = 0Number of asset objects unloaded after import = 9

========================================================================
Received Import Request.
  Time since last request: 0.000018 seconds.
  path: Packages/com.unity.multiplayer.center/Tests/Editor/SectionHeaderTests.cs
  artifactKey: Guid(6cfa81557736450abfb73264580451c1) Importer(2089858483,b0f066a214c2f5e87bad3c948f4d605d)
Start importing Packages/com.unity.multiplayer.center/Tests/Editor/SectionHeaderTests.cs using Guid(6cfa81557736450abfb73264580451c1) Importer(2089858483,b0f066a214c2f5e87bad3c948f4d605d) (ScriptedImporter) -> (artifact id: '2738c99853b34521c0ff7b852f3e1ebb') in 0.018462 seconds
Number of updated asset objects reloaded before import = 0Number of asset objects unloaded after import = 0

========================================================================
Received Import Request.
  Time since last request: 0.000018 seconds.
  path: Packages/com.unity.multiplayer.center/Editor/Recommendations/RecommendationUtils.cs
  artifactKey: Guid(52a77c59214a4cb5a43fc7b0e097d832) Importer(2089858483,b0f066a214c2f5e87bad3c948f4d605d)
Start importing Packages/com.unity.multiplayer.center/Editor/Recommendations/RecommendationUtils.cs using Guid(52a77c59214a4cb5a43fc7b0e097d832) Importer(2089858483,b0f066a214c2f5e87bad3c948f4d605d) (ScriptedImporter) -> (artifact id: '361a5e9e90ed91ce30b74975f516e880') in 0.0136569 seconds
Number of updated asset objects reloaded before import = 0Number of asset objects unloaded after import = 0

========================================================================
Received Import Request.
  Time since last request: 0.000042 seconds.
  path: Packages/com.unity.modules.unityanalytics/package.ModuleCompilationTrigger
  artifactKey: Guid(71136fc5cf34f2cc10be0e33c0b08019) Importer(2089858483,b0f066a214c2f5e87bad3c948f4d605d)
Start importing Packages/com.unity.modules.unityanalytics/package.ModuleCompilationTrigger using Guid(71136fc5cf34f2cc10be0e33c0b08019) Importer(2089858483,b0f066a214c2f5e87bad3c948f4d605d) (ScriptedImporter) -> (artifact id: '9d331ba68c47c7d244a5c6db4ed737cc') in 0.0162058 seconds
Number of updated asset objects reloaded before import = 0Number of asset objects unloaded after import = 1

========================================================================
Received Import Request.
  Time since last request: 0.000025 seconds.
  path: Packages/com.unity.multiplayer.center/Editor/MultiplayerCenterWindow/UI/Icons/CustomNetcode.png
  artifactKey: Guid(dce12af736e0a4a1ba35d6424f897dc9) Importer(2089858483,b0f066a214c2f5e87bad3c948f4d605d)
Start importing Packages/com.unity.multiplayer.center/Editor/MultiplayerCenterWindow/UI/Icons/CustomNetcode.png using Guid(dce12af736e0a4a1ba35d6424f897dc9) Importer(2089858483,b0f066a214c2f5e87bad3c948f4d605d) (ScriptedImporter) -> (artifact id: 'c40e22b7e5c27fa9af7488c0310cff2f') in 0.0204271 seconds
Number of updated asset objects reloaded before import = 0Number of asset objects unloaded after import = 1

========================================================================
Received Import Request.
  Time since last request: 0.000273 seconds.
  path: Packages/com.unity.multiplayer.center/Editor/MultiplayerCenterWindow/UI/Icons/DistributedAuthority.png
  artifactKey: Guid(d63245ece6d8f476c8c7ca24da9937f6) Importer(2089858483,b0f066a214c2f5e87bad3c948f4d605d)
Start importing Packages/com.unity.multiplayer.center/Editor/MultiplayerCenterWindow/UI/Icons/DistributedAuthority.png using Guid(d63245ece6d8f476c8c7ca24da9937f6) Importer(2089858483,b0f066a214c2f5e87bad3c948f4d605d) (ScriptedImporter) -> (artifact id: '71c30e7f77e43ea0fc0c4d8a417c731a') in 0.0237261 seconds
Number of updated asset objects reloaded before import = 0Number of asset objects unloaded after import = 1

========================================================================
Received Import Request.
  Time since last request: 0.000018 seconds.
  path: Packages/com.unity.multiplayer.center/Editor/MultiplayerCenterWindow/UI/Icons/DedicatedServer.png
  artifactKey: Guid(3fe892784421e47f5aa40c2784a6cb3e) Importer(2089858483,b0f066a214c2f5e87bad3c948f4d605d)
Start importing Packages/com.unity.multiplayer.center/Editor/MultiplayerCenterWindow/UI/Icons/DedicatedServer.png using Guid(3fe892784421e47f5aa40c2784a6cb3e) Importer(2089858483,b0f066a214c2f5e87bad3c948f4d605d) (ScriptedImporter) -> (artifact id: '77ff2c7d712056fd16e3b5c741fc5233') in 0.0223272 seconds
Number of updated asset objects reloaded before import = 0Number of asset objects unloaded after import = 1

========================================================================
Received Import Request.
  Time since last request: 0.000019 seconds.
  path: Packages/com.unity.multiplayer.center/Editor/MultiplayerCenterWindow/UI/Icons/Questionnaire.png
  artifactKey: Guid(dd70cd654275d47db807e918055e004f) Importer(2089858483,b0f066a214c2f5e87bad3c948f4d605d)
Start importing Packages/com.unity.multiplayer.center/Editor/MultiplayerCenterWindow/UI/Icons/Questionnaire.png using Guid(dd70cd654275d47db807e918055e004f) Importer(2089858483,b0f066a214c2f5e87bad3c948f4d605d) (ScriptedImporter) -> (artifact id: 'c1802d27d683445f1c6c6c2a2a447a05') in 0.0233096 seconds
Number of updated asset objects reloaded before import = 0Number of asset objects unloaded after import = 1

========================================================================
Received Import Request.
  Time since last request: 0.000017 seconds.
  path: Packages/com.unity.multiplayer.center/Editor/MultiplayerCenterWindow/UI/Icons/d_PackageInstalled@2x.png
  artifactKey: Guid(318df756abab5463e9aa361360784865) Importer(2089858483,b0f066a214c2f5e87bad3c948f4d605d)
Start importing Packages/com.unity.multiplayer.center/Editor/MultiplayerCenterWindow/UI/Icons/d_PackageInstalled@2x.png using Guid(318df756abab5463e9aa361360784865) Importer(2089858483,b0f066a214c2f5e87bad3c948f4d605d) (ScriptedImporter) -> (artifact id: '10cc33dccbc0548915205c27d3a5b9dd') in 0.018572 seconds
Number of updated asset objects reloaded before import = 0Number of asset objects unloaded after import = 1

========================================================================
Received Import Request.
  Time since last request: 0.000016 seconds.
  path: Packages/com.unity.multiplayer.center/Editor/MultiplayerCenterWindow/UI/Icons/EmptyViewIcon.png
  artifactKey: Guid(84e4bbd00035e4671bf14e0380a89001) Importer(2089858483,b0f066a214c2f5e87bad3c948f4d605d)
Start importing Packages/com.unity.multiplayer.center/Editor/MultiplayerCenterWindow/UI/Icons/EmptyViewIcon.png using Guid(84e4bbd00035e4671bf14e0380a89001) Importer(2089858483,b0f066a214c2f5e87bad3c948f4d605d) (ScriptedImporter) -> (artifact id: '9000cc82d4475d4826e0caa8327b4a32') in 0.0180602 seconds
Number of updated asset objects reloaded before import = 0Number of asset objects unloaded after import = 1

========================================================================
Received Import Request.
  Time since last request: 0.000018 seconds.
  path: Packages/com.unity.multiplayer.center/Editor/MultiplayerCenterWindow/UI/Icons/PackageInstalled.png
  artifactKey: Guid(4616b2fa4acd1429e931835b80966c2a) Importer(2089858483,b0f066a214c2f5e87bad3c948f4d605d)
Start importing Packages/com.unity.multiplayer.center/Editor/MultiplayerCenterWindow/UI/Icons/PackageInstalled.png using Guid(4616b2fa4acd1429e931835b80966c2a) Importer(2089858483,b0f066a214c2f5e87bad3c948f4d605d) (ScriptedImporter) -> (artifact id: 'a6ec5323fcf9dc485607605a021306ac') in 0.0197096 seconds
Number of updated asset objects reloaded before import = 0Number of asset objects unloaded after import = 1

========================================================================
Received Import Request.
  Time since last request: 0.000025 seconds.
  path: Packages/com.unity.multiplayer.center/Editor/MultiplayerCenterWindow/UI/Icons/d_PackageManager.png
  artifactKey: Guid(1b4c88814ec6241eb8e327515399c006) Importer(2089858483,b0f066a214c2f5e87bad3c948f4d605d)
Start importing Packages/com.unity.multiplayer.center/Editor/MultiplayerCenterWindow/UI/Icons/d_PackageManager.png using Guid(1b4c88814ec6241eb8e327515399c006) Importer(2089858483,b0f066a214c2f5e87bad3c948f4d605d) (ScriptedImporter) -> (artifact id: '007b9ed3776f848aa930e165c234a1cf') in 0.0211514 seconds
Number of updated asset objects reloaded before import = 0Number of asset objects unloaded after import = 1

========================================================================
Received Import Request.
  Time since last request: 0.000016 seconds.
  path: Packages/com.unity.multiplayer.center/Editor/MultiplayerCenterWindow/UI/Icons/d_Package.png
  artifactKey: Guid(525a6cca8dd9a4d28875a8fe824710d9) Importer(2089858483,b0f066a214c2f5e87bad3c948f4d605d)
Start importing Packages/com.unity.multiplayer.center/Editor/MultiplayerCenterWindow/UI/Icons/d_Package.png using Guid(525a6cca8dd9a4d28875a8fe824710d9) Importer(2089858483,b0f066a214c2f5e87bad3c948f4d605d) (ScriptedImporter) -> (artifact id: '6dd9af388e4fdd943c79bb5f73d69ada') in 0.0176191 seconds
Number of updated asset objects reloaded before import = 0Number of asset objects unloaded after import = 1

========================================================================
Received Import Request.
  Time since last request: 0.000017 seconds.
  path: Packages/com.unity.multiplayer.center/Editor/MultiplayerCenterWindow/UI/Icons/NGO.png
  artifactKey: Guid(99da7b3894f364efdb5fa1443952a55d) Importer(2089858483,b0f066a214c2f5e87bad3c948f4d605d)
Start importing Packages/com.unity.multiplayer.center/Editor/MultiplayerCenterWindow/UI/Icons/NGO.png using Guid(99da7b3894f364efdb5fa1443952a55d) Importer(2089858483,b0f066a214c2f5e87bad3c948f4d605d) (ScriptedImporter) -> (artifact id: '1803e2ce2d38b0f4950370c04611085b') in 0.0198959 seconds
Number of updated asset objects reloaded before import = 0Number of asset objects unloaded after import = 1

========================================================================
Received Import Request.
  Time since last request: 0.000022 seconds.
  path: Packages/com.unity.multiplayer.center/Editor/MultiplayerCenterWindow/UI/Icons/Loading.png
  artifactKey: Guid(424a8de5def3b46dcb08edd00ad1c7bd) Importer(2089858483,b0f066a214c2f5e87bad3c948f4d605d)
Start importing Packages/com.unity.multiplayer.center/Editor/MultiplayerCenterWindow/UI/Icons/Loading.png using Guid(424a8de5def3b46dcb08edd00ad1c7bd) Importer(2089858483,b0f066a214c2f5e87bad3c948f4d605d) (ScriptedImporter) -> (artifact id: '83bac8f8f29c74cf72fd11f42d48c415') in 0.0182804 seconds
Number of updated asset objects reloaded before import = 0Number of asset objects unloaded after import = 1

========================================================================
Received Import Request.
  Time since last request: 0.000017 seconds.
  path: Packages/com.unity.multiplayer.center/Editor/MultiplayerCenterWindow/UI/RecommendationView/RecommendationItemView.cs
  artifactKey: Guid(281e16dfc02f4a86bf924188eb96b176) Importer(2089858483,b0f066a214c2f5e87bad3c948f4d605d)
Start importing Packages/com.unity.multiplayer.center/Editor/MultiplayerCenterWindow/UI/RecommendationView/RecommendationItemView.cs using Guid(281e16dfc02f4a86bf924188eb96b176) Importer(2089858483,b0f066a214c2f5e87bad3c948f4d605d) (ScriptedImporter) -> (artifact id: 'e91e275181f6b80f7a66985f2bd30adc') in 0.0105176 seconds
Number of updated asset objects reloaded before import = 0Number of asset objects unloaded after import = 0

========================================================================
Received Import Request.
  Time since last request: 0.000022 seconds.
  path: Packages/com.unity.multiplayer.center/Tests/Editor/QuickstartTabTests.cs
  artifactKey: Guid(29cbd1c6a8c9419aac357b8d4edbdc84) Importer(2089858483,b0f066a214c2f5e87bad3c948f4d605d)
Start importing Packages/com.unity.multiplayer.center/Tests/Editor/QuickstartTabTests.cs using Guid(29cbd1c6a8c9419aac357b8d4edbdc84) Importer(2089858483,b0f066a214c2f5e87bad3c948f4d605d) (ScriptedImporter) -> (artifact id: '210d50cecafc33646d4b2613f811ba6f') in 0.0138246 seconds
Number of updated asset objects reloaded before import = 0Number of asset objects unloaded after import = 0

========================================================================
Received Import Request.
  Time since last request: 0.000036 seconds.
  path: Packages/com.unity.modules.uielements/package.json
  artifactKey: Guid(4f0f9b9f3ed97ad2b9ba8f1a8e4666c2) Importer(2089858483,b0f066a214c2f5e87bad3c948f4d605d)
Start importing Packages/com.unity.modules.uielements/package.json using Guid(4f0f9b9f3ed97ad2b9ba8f1a8e4666c2) Importer(2089858483,b0f066a214c2f5e87bad3c948f4d605d) (ScriptedImporter) -> (artifact id: '01523c78f0e83262a874fb7c7545e3df') in 0.0127053 seconds
Number of updated asset objects reloaded before import = 0Number of asset objects unloaded after import = 1

========================================================================
Received Import Request.
  Time since last request: 0.000021 seconds.
  path: Packages/com.unity.multiplayer.center/Editor/MultiplayerCenterWindow/UI/Icons/d_Check.png
  artifactKey: Guid(29395f0639574c1fbc8b729aa257fb84) Importer(2089858483,b0f066a214c2f5e87bad3c948f4d605d)
Start importing Packages/com.unity.multiplayer.center/Editor/MultiplayerCenterWindow/UI/Icons/d_Check.png using Guid(29395f0639574c1fbc8b729aa257fb84) Importer(2089858483,b0f066a214c2f5e87bad3c948f4d605d) (ScriptedImporter) -> (artifact id: 'f9e9a8a100e852e434bb370dee829026') in 0.0187555 seconds
Number of updated asset objects reloaded before import = 0Number of asset objects unloaded after import = 1

========================================================================
Received Import Request.
  Time since last request: 0.000017 seconds.
  path: Packages/com.unity.multiplayer.center/Editor/Questionnaire/PresetData.cs
  artifactKey: Guid(3595bcaa1af84e6d92e07f0258a4256c) Importer(2089858483,b0f066a214c2f5e87bad3c948f4d605d)
Start importing Packages/com.unity.multiplayer.center/Editor/Questionnaire/PresetData.cs using Guid(3595bcaa1af84e6d92e07f0258a4256c) Importer(2089858483,b0f066a214c2f5e87bad3c948f4d605d) (ScriptedImporter) -> (artifact id: '0f5b21a1adca3cac3fb8be21da3879ba') in 0.0117341 seconds
Number of updated asset objects reloaded before import = 0Number of asset objects unloaded after import = 0

========================================================================
Received Import Request.
  Time since last request: 0.000037 seconds.
  path: Packages/com.unity.multiplayer.center/Editor/MultiplayerCenterWindow/UI/Icons/d_Loading.png
  artifactKey: Guid(dab91f148d99946e7b3c3a87ecf4b973) Importer(2089858483,b0f066a214c2f5e87bad3c948f4d605d)
Start importing Packages/com.unity.multiplayer.center/Editor/MultiplayerCenterWindow/UI/Icons/d_Loading.png using Guid(dab91f148d99946e7b3c3a87ecf4b973) Importer(2089858483,b0f066a214c2f5e87bad3c948f4d605d) (ScriptedImporter) -> (artifact id: '21afab90c8bc63891098aaa035485162') in 0.0206682 seconds
Number of updated asset objects reloaded before import = 0Number of asset objects unloaded after import = 1

========================================================================
Received Import Request.
  Time since last request: 0.000189 seconds.
  path: Packages/com.unity.multiplayer.center/Editor/MultiplayerCenterWindow/UI/Icons/PackageInstalled@2x.png
  artifactKey: Guid(0423146d9f51c4563a0f2a8200b6cd38) Importer(2089858483,b0f066a214c2f5e87bad3c948f4d605d)
Start importing Packages/com.unity.multiplayer.center/Editor/MultiplayerCenterWindow/UI/Icons/PackageInstalled@2x.png using Guid(0423146d9f51c4563a0f2a8200b6cd38) Importer(2089858483,b0f066a214c2f5e87bad3c948f4d605d) (ScriptedImporter) -> (artifact id: 'cca92f4e013ab2b84abf901b1c377cd5') in 0.0179238 seconds
Number of updated asset objects reloaded before import = 0Number of asset objects unloaded after import = 1

========================================================================
Received Import Request.
  Time since last request: 0.000017 seconds.
  path: Packages/com.unity.multiplayer.center/Editor/MultiplayerCenterWindow/UI/RecommendationView/RecommendationView.cs
  artifactKey: Guid(a2c71c02b50345e99168bda191ec01b4) Importer(2089858483,b0f066a214c2f5e87bad3c948f4d605d)
Start importing Packages/com.unity.multiplayer.center/Editor/MultiplayerCenterWindow/UI/RecommendationView/RecommendationView.cs using Guid(a2c71c02b50345e99168bda191ec01b4) Importer(2089858483,b0f066a214c2f5e87bad3c948f4d605d) (ScriptedImporter) -> (artifact id: '274780d6d706294c2d4d800ed7a9162c') in 0.0125201 seconds
Number of updated asset objects reloaded before import = 0Number of asset objects unloaded after import = 0

========================================================================
Received Import Request.
  Time since last request: 0.000036 seconds.
  path: Packages/com.unity.multiplayer.center/Editor/Questionnaire/Logic.cs
  artifactKey: Guid(d9beb5106d424f23902054f76d4b673d) Importer(2089858483,b0f066a214c2f5e87bad3c948f4d605d)
Start importing Packages/com.unity.multiplayer.center/Editor/Questionnaire/Logic.cs using Guid(d9beb5106d424f23902054f76d4b673d) Importer(2089858483,b0f066a214c2f5e87bad3c948f4d605d) (ScriptedImporter) -> (artifact id: '8aa3ad1629e3a4bf90689c67d601b5dd') in 0.0121846 seconds
Number of updated asset objects reloaded before import = 0Number of asset objects unloaded after import = 0

========================================================================
Received Import Request.
  Time since last request: 0.000063 seconds.
  path: Packages/com.unity.multiplayer.center/Editor/Analytics/MultiplayerCenterAnalyticsFactory.cs
  artifactKey: Guid(8bce0b24c28e45d884acfcf49a3b8945) Importer(2089858483,b0f066a214c2f5e87bad3c948f4d605d)
Start importing Packages/com.unity.multiplayer.center/Editor/Analytics/MultiplayerCenterAnalyticsFactory.cs using Guid(8bce0b24c28e45d884acfcf49a3b8945) Importer(2089858483,b0f066a214c2f5e87bad3c948f4d605d) (ScriptedImporter) -> (artifact id: 'e0df84342469d71529e644330e0842b3') in 0.0141515 seconds
Number of updated asset objects reloaded before import = 0Number of asset objects unloaded after import = 0

========================================================================
Received Import Request.
  Time since last request: 0.000024 seconds.
  path: Packages/com.unity.multiplayer.center/Editor/MultiplayerCenterWindow/UI/MultiplayerCenterWindow.uss
  artifactKey: Guid(bac00d6e07f0b4305bb395363c89d92b) Importer(2089858483,b0f066a214c2f5e87bad3c948f4d605d)
Start importing Packages/com.unity.multiplayer.center/Editor/MultiplayerCenterWindow/UI/MultiplayerCenterWindow.uss using Guid(bac00d6e07f0b4305bb395363c89d92b) Importer(2089858483,b0f066a214c2f5e87bad3c948f4d605d) (ScriptedImporter) -> (artifact id: 'e93d63d972f2347e4d6cf067b41be70e') in 0.0263567 seconds
Number of updated asset objects reloaded before import = 0Number of asset objects unloaded after import = 19

========================================================================
Received Import Request.
  Time since last request: 0.000021 seconds.
  path: Packages/com.unity.multiplayer.center/Editor/Questionnaire/Questionnaire.questionnaire
  artifactKey: Guid(a659150180ae3489ba41c71780ba3779) Importer(2089858483,b0f066a214c2f5e87bad3c948f4d605d)
Start importing Packages/com.unity.multiplayer.center/Editor/Questionnaire/Questionnaire.questionnaire using Guid(a659150180ae3489ba41c71780ba3779) Importer(2089858483,b0f066a214c2f5e87bad3c948f4d605d) (ScriptedImporter) -> (artifact id: '12dc68e031710effee94f7d97c310191') in 0.0111807 seconds
Number of updated asset objects reloaded before import = 0Number of asset objects unloaded after import = 1

========================================================================
Received Import Request.
  Time since last request: 0.000047 seconds.
  path: Packages/com.unity.modules.assetbundle/package.ModuleCompilationTrigger
  artifactKey: Guid(222fc39b0c85d800342910da2cd64781) Importer(2089858483,b0f066a214c2f5e87bad3c948f4d605d)
Start importing Packages/com.unity.modules.assetbundle/package.ModuleCompilationTrigger using Guid(222fc39b0c85d800342910da2cd64781) Importer(2089858483,b0f066a214c2f5e87bad3c948f4d605d) (ScriptedImporter) -> (artifact id: '9b29f6ba52108452bebe94cc840d096f') in 0.0120338 seconds
Number of updated asset objects reloaded before import = 0Number of asset objects unloaded after import = 1

========================================================================
Received Import Request.
  Time since last request: 0.000032 seconds.
  path: Packages/com.unity.multiplayer.center/Common/AnswerData.cs
  artifactKey: Guid(89b6d933e4994d0980f6b48dc2b8779c) Importer(2089858483,b0f066a214c2f5e87bad3c948f4d605d)
Start importing Packages/com.unity.multiplayer.center/Common/AnswerData.cs using Guid(89b6d933e4994d0980f6b48dc2b8779c) Importer(2089858483,b0f066a214c2f5e87bad3c948f4d605d) (ScriptedImporter) -> (artifact id: '68e15f7ac9433255c48f893df9036538') in 0.0146883 seconds
Number of updated asset objects reloaded before import = 0Number of asset objects unloaded after import = 0

========================================================================
Received Import Request.
  Time since last request: 0.000036 seconds.
  path: Packages/com.unity.multiplayer.center/Editor/Recommendations/PreReleaseHandling.cs
  artifactKey: Guid(23342257960b4b618e6f7c444137663c) Importer(2089858483,b0f066a214c2f5e87bad3c948f4d605d)
Start importing Packages/com.unity.multiplayer.center/Editor/Recommendations/PreReleaseHandling.cs using Guid(23342257960b4b618e6f7c444137663c) Importer(2089858483,b0f066a214c2f5e87bad3c948f4d605d) (ScriptedImporter) -> (artifact id: '975b650dca328e8311be73b198380dcb') in 0.0123014 seconds
Number of updated asset objects reloaded before import = 0Number of asset objects unloaded after import = 0

========================================================================
Received Import Request.
  Time since last request: 0.000027 seconds.
  path: Packages/com.unity.modules.assetbundle/package.json
  artifactKey: Guid(e1ef8466c8fd01a549f10baa4d51fa17) Importer(2089858483,b0f066a214c2f5e87bad3c948f4d605d)
Start importing Packages/com.unity.modules.assetbundle/package.json using Guid(e1ef8466c8fd01a549f10baa4d51fa17) Importer(2089858483,b0f066a214c2f5e87bad3c948f4d605d) (ScriptedImporter) -> (artifact id: 'a58a605f102bfa2307eebff1530a73b6') in 0.0138932 seconds
Number of updated asset objects reloaded before import = 0Number of asset objects unloaded after import = 1

========================================================================
Received Import Request.
  Time since last request: 0.000016 seconds.
  path: Packages/com.unity.modules.jsonserialize/package.json
  artifactKey: Guid(40bf3cec17fa0b49fe04443c8332d638) Importer(2089858483,b0f066a214c2f5e87bad3c948f4d605d)
Start importing Packages/com.unity.modules.jsonserialize/package.json using Guid(40bf3cec17fa0b49fe04443c8332d638) Importer(2089858483,b0f066a214c2f5e87bad3c948f4d605d) (ScriptedImporter) -> (artifact id: '62cf66b9f8d8cc33976342a3b706c79f') in 0.0155778 seconds
Number of updated asset objects reloaded before import = 0Number of asset objects unloaded after import = 1

========================================================================
Received Import Request.
  Time since last request: 0.000021 seconds.
  path: Packages/com.unity.multiplayer.center/Tests/Editor/UserChoicesMigrationTests.cs
  artifactKey: Guid(15513aed5d41411c887ccfe14c103337) Importer(2089858483,b0f066a214c2f5e87bad3c948f4d605d)
Start importing Packages/com.unity.multiplayer.center/Tests/Editor/UserChoicesMigrationTests.cs using Guid(15513aed5d41411c887ccfe14c103337) Importer(2089858483,b0f066a214c2f5e87bad3c948f4d605d) (ScriptedImporter) -> (artifact id: '91d7f9ec4efee5b846cc7d2fd1ae41dd') in 0.0117152 seconds
Number of updated asset objects reloaded before import = 0Number of asset objects unloaded after import = 0

========================================================================
Received Import Request.
  Time since last request: 0.000027 seconds.
  path: Packages/com.unity.multiplayer.center/Editor/MultiplayerCenterWindow/UI/RecommendationView/SolutionSelectionView.cs
  artifactKey: Guid(f1e4f3f59aa446bfb097357fa8ad4a8b) Importer(2089858483,b0f066a214c2f5e87bad3c948f4d605d)
Start importing Packages/com.unity.multiplayer.center/Editor/MultiplayerCenterWindow/UI/RecommendationView/SolutionSelectionView.cs using Guid(f1e4f3f59aa446bfb097357fa8ad4a8b) Importer(2089858483,b0f066a214c2f5e87bad3c948f4d605d) (ScriptedImporter) -> (artifact id: 'd3e69b44336b81c7f41bb4b3c2cbacdd') in 0.0583283 seconds
Number of updated asset objects reloaded before import = 0Number of asset objects unloaded after import = 0

========================================================================
Received Import Request.
  Time since last request: 0.000031 seconds.
  path: Packages/com.unity.modules.imageconversion/package.ModuleCompilationTrigger
  artifactKey: Guid(830a36a23cf3ab1e61fa47940a6dc35e) Importer(2089858483,b0f066a214c2f5e87bad3c948f4d605d)
Start importing Packages/com.unity.modules.imageconversion/package.ModuleCompilationTrigger using Guid(830a36a23cf3ab1e61fa47940a6dc35e) Importer(2089858483,b0f066a214c2f5e87bad3c948f4d605d) (ScriptedImporter) -> (artifact id: '0b9a25b03fb4f2ccc991b96f93d3c49d') in 0.0136802 seconds
Number of updated asset objects reloaded before import = 0Number of asset objects unloaded after import = 1

========================================================================
Received Import Request.
  Time since last request: 0.000068 seconds.
  path: Packages/com.unity.modules.ui/package.ModuleCompilationTrigger
  artifactKey: Guid(51fa60bb2bd1e5bc74e8cc95a7bfd5b7) Importer(2089858483,b0f066a214c2f5e87bad3c948f4d605d)
Start importing Packages/com.unity.modules.ui/package.ModuleCompilationTrigger using Guid(51fa60bb2bd1e5bc74e8cc95a7bfd5b7) Importer(2089858483,b0f066a214c2f5e87bad3c948f4d605d) (ScriptedImporter) -> (artifact id: 'f01004f823be35baadd1805976ab58a1') in 0.0120123 seconds
Number of updated asset objects reloaded before import = 0Number of asset objects unloaded after import = 1

========================================================================
Received Import Request.
  Time since last request: 0.000030 seconds.
  path: Packages/com.unity.modules.director/package.ModuleCompilationTrigger
  artifactKey: Guid(c88e90bad18cceb5d182d0c805883056) Importer(2089858483,b0f066a214c2f5e87bad3c948f4d605d)
Start importing Packages/com.unity.modules.director/package.ModuleCompilationTrigger using Guid(c88e90bad18cceb5d182d0c805883056) Importer(2089858483,b0f066a214c2f5e87bad3c948f4d605d) (ScriptedImporter) -> (artifact id: '5f058c2683d74dc7af92fe1e8529f241') in 0.0136292 seconds
Number of updated asset objects reloaded before import = 0Number of asset objects unloaded after import = 1

========================================================================
Received Import Request.
  Time since last request: 0.000028 seconds.
  path: Packages/com.unity.modules.video/package.ModuleCompilationTrigger
  artifactKey: Guid(f62135e79edb837b2d2ee3c524da864c) Importer(2089858483,b0f066a214c2f5e87bad3c948f4d605d)
Start importing Packages/com.unity.modules.video/package.ModuleCompilationTrigger using Guid(f62135e79edb837b2d2ee3c524da864c) Importer(2089858483,b0f066a214c2f5e87bad3c948f4d605d) (ScriptedImporter) -> (artifact id: '388a500988cacc0311979cd37b948b5c') in 0.0137992 seconds
Number of updated asset objects reloaded before import = 0Number of asset objects unloaded after import = 1

========================================================================
Received Import Request.
  Time since last request: 0.000025 seconds.
  path: Packages/com.unity.modules.hierarchycore/package.json
  artifactKey: Guid(9b1a5759726ef9d39a0ab82047b615f1) Importer(2089858483,b0f066a214c2f5e87bad3c948f4d605d)
Start importing Packages/com.unity.modules.hierarchycore/package.json using Guid(9b1a5759726ef9d39a0ab82047b615f1) Importer(2089858483,b0f066a214c2f5e87bad3c948f4d605d) (ScriptedImporter) -> (artifact id: 'd4378df2874609617bdebcd678bcb6e4') in 0.0138854 seconds
Number of updated asset objects reloaded before import = 0Number of asset objects unloaded after import = 1

========================================================================
Received Import Request.
  Time since last request: 0.000021 seconds.
  path: Packages/com.unity.modules.ai/package.json
  artifactKey: Guid(f0f13f2ab3d6d13cfc6e4656824bfca8) Importer(2089858483,b0f066a214c2f5e87bad3c948f4d605d)
Start importing Packages/com.unity.modules.ai/package.json using Guid(f0f13f2ab3d6d13cfc6e4656824bfca8) Importer(2089858483,b0f066a214c2f5e87bad3c948f4d605d) (ScriptedImporter) -> (artifact id: 'e1627924d79427856c4c0c649f1baace') in 0.0110734 seconds
Number of updated asset objects reloaded before import = 0Number of asset objects unloaded after import = 1

========================================================================
Received Import Request.
  Time since last request: 0.000026 seconds.
  path: Packages/com.unity.modules.imageconversion/package.json
  artifactKey: Guid(953fab16d15d5885b3600fcd6388b2ad) Importer(2089858483,b0f066a214c2f5e87bad3c948f4d605d)
Start importing Packages/com.unity.modules.imageconversion/package.json using Guid(953fab16d15d5885b3600fcd6388b2ad) Importer(2089858483,b0f066a214c2f5e87bad3c948f4d605d) (ScriptedImporter) -> (artifact id: '2e75552e7d0b0258cc447faa74136f42') in 0.0138293 seconds
Number of updated asset objects reloaded before import = 0Number of asset objects unloaded after import = 1

========================================================================
Received Import Request.
  Time since last request: 0.000039 seconds.
  path: Packages/com.unity.modules.vr/package.ModuleCompilationTrigger
  artifactKey: Guid(b5bd8fa6f4c55ab6f09322b86d18b0e3) Importer(2089858483,b0f066a214c2f5e87bad3c948f4d605d)
Start importing Packages/com.unity.modules.vr/package.ModuleCompilationTrigger using Guid(b5bd8fa6f4c55ab6f09322b86d18b0e3) Importer(2089858483,b0f066a214c2f5e87bad3c948f4d605d) (ScriptedImporter) -> (artifact id: '0f2e60d74e351ee43219e2e7b94336f2') in 0.0112837 seconds
Number of updated asset objects reloaded before import = 0Number of asset objects unloaded after import = 1

========================================================================
Received Import Request.
  Time since last request: 0.000031 seconds.
  path: Packages/com.unity.modules.physics/package.json
  artifactKey: Guid(1a4266815e998967becf686f9c71f0a6) Importer(2089858483,b0f066a214c2f5e87bad3c948f4d605d)
Start importing Packages/com.unity.modules.physics/package.json using Guid(1a4266815e998967becf686f9c71f0a6) Importer(2089858483,b0f066a214c2f5e87bad3c948f4d605d) (ScriptedImporter) -> (artifact id: '7ac2f3b4f85ac121a021ca1ad93de5da') in 0.0131107 seconds
Number of updated asset objects reloaded before import = 0Number of asset objects unloaded after import = 1

========================================================================
Received Import Request.
  Time since last request: 0.000051 seconds.
  path: Packages/com.unity.modules.vehicles/package.json
  artifactKey: Guid(6afb166a156df2d20433d981f4bb2832) Importer(2089858483,b0f066a214c2f5e87bad3c948f4d605d)
Start importing Packages/com.unity.modules.vehicles/package.json using Guid(6afb166a156df2d20433d981f4bb2832) Importer(2089858483,b0f066a214c2f5e87bad3c948f4d605d) (ScriptedImporter) -> (artifact id: 'f7f76048c77ea2c6b8b546706ac37354') in 0.0118884 seconds
Number of updated asset objects reloaded before import = 0Number of asset objects unloaded after import = 1

========================================================================
Received Import Request.
  Time since last request: 0.000022 seconds.
  path: Packages/com.unity.modules.wind/package.json
  artifactKey: Guid(b83f06ac0c0696e9563230865ca72b81) Importer(2089858483,b0f066a214c2f5e87bad3c948f4d605d)
Start importing Packages/com.unity.modules.wind/package.json using Guid(b83f06ac0c0696e9563230865ca72b81) Importer(2089858483,b0f066a214c2f5e87bad3c948f4d605d) (ScriptedImporter) -> (artifact id: '9b9200be716ba92c1aa6874d2a113c6a') in 0.0157983 seconds
Number of updated asset objects reloaded before import = 0Number of asset objects unloaded after import = 1

========================================================================
Received Import Request.
  Time since last request: 0.000037 seconds.
  path: Packages/com.unity.modules.director/package.json
  artifactKey: Guid(ec02776fe29df900b897106d61977735) Importer(2089858483,b0f066a214c2f5e87bad3c948f4d605d)
Start importing Packages/com.unity.modules.director/package.json using Guid(ec02776fe29df900b897106d61977735) Importer(2089858483,b0f066a214c2f5e87bad3c948f4d605d) (ScriptedImporter) -> (artifact id: 'a5fb3cd47b02e268428646b65b0c2126') in 0.0142096 seconds
Number of updated asset objects reloaded before import = 0Number of asset objects unloaded after import = 1

========================================================================
Received Import Request.
  Time since last request: 0.000053 seconds.
  path: Packages/com.unity.modules.androidjni/package.ModuleCompilationTrigger
  artifactKey: Guid(c82e859b16636ddd2ca4a1f63fd34938) Importer(2089858483,b0f066a214c2f5e87bad3c948f4d605d)
Start importing Packages/com.unity.modules.androidjni/package.ModuleCompilationTrigger using Guid(c82e859b16636ddd2ca4a1f63fd34938) Importer(2089858483,b0f066a214c2f5e87bad3c948f4d605d) (ScriptedImporter) -> (artifact id: 'edf984c1f454927e56d8a3960c273328') in 0.0120665 seconds
Number of updated asset objects reloaded before import = 0Number of asset objects unloaded after import = 1

========================================================================
Received Import Request.
  Time since last request: 0.000025 seconds.
  path: Packages/com.unity.modules.particlesystem/package.ModuleCompilationTrigger
  artifactKey: Guid(17f093324b67f5bd57e55b546736750e) Importer(2089858483,b0f066a214c2f5e87bad3c948f4d605d)
Start importing Packages/com.unity.modules.particlesystem/package.ModuleCompilationTrigger using Guid(17f093324b67f5bd57e55b546736750e) Importer(2089858483,b0f066a214c2f5e87bad3c948f4d605d) (ScriptedImporter) -> (artifact id: '8265f37f803647691e84beec542f84f7') in 0.0120799 seconds
Number of updated asset objects reloaded before import = 0Number of asset objects unloaded after import = 1

========================================================================
Received Import Request.
  Time since last request: 0.000049 seconds.
  path: Packages/com.unity.modules.particlesystem/package.json
  artifactKey: Guid(87d720faa37005c08600090e04d8c739) Importer(2089858483,b0f066a214c2f5e87bad3c948f4d605d)
Start importing Packages/com.unity.modules.particlesystem/package.json using Guid(87d720faa37005c08600090e04d8c739) Importer(2089858483,b0f066a214c2f5e87bad3c948f4d605d) (ScriptedImporter) -> (artifact id: 'f6f6969ab3ce1e0f41ba9f9d0b971319') in 0.0125447 seconds
Number of updated asset objects reloaded before import = 0Number of asset objects unloaded after import = 1

========================================================================
Received Import Request.
  Time since last request: 0.000025 seconds.
  path: Packages/com.unity.multiplayer.center/Editor/Recommendations/Scoring.cs
  artifactKey: Guid(f526d484b0c04a1896c469f31c713786) Importer(2089858483,b0f066a214c2f5e87bad3c948f4d605d)
Start importing Packages/com.unity.multiplayer.center/Editor/Recommendations/Scoring.cs using Guid(f526d484b0c04a1896c469f31c713786) Importer(2089858483,b0f066a214c2f5e87bad3c948f4d605d) (ScriptedImporter) -> (artifact id: '871df67679ad64e81964915ea0a35f0f') in 0.0147877 seconds
Number of updated asset objects reloaded before import = 0Number of asset objects unloaded after import = 0

========================================================================
Received Import Request.
  Time since last request: 0.000021 seconds.
  path: Packages/com.unity.modules.audio/package.ModuleCompilationTrigger
  artifactKey: Guid(042dc296246916648e55a43d0eeb2036) Importer(2089858483,b0f066a214c2f5e87bad3c948f4d605d)
Start importing Packages/com.unity.modules.audio/package.ModuleCompilationTrigger using Guid(042dc296246916648e55a43d0eeb2036) Importer(2089858483,b0f066a214c2f5e87bad3c948f4d605d) (ScriptedImporter) -> (artifact id: '88bb20360a4b35e0108676b2096e6c3f') in 0.0108464 seconds
Number of updated asset objects reloaded before import = 0Number of asset objects unloaded after import = 1

========================================================================
Received Import Request.
  Time since last request: 0.000035 seconds.
  path: Packages/com.unity.modules.subsystems/package.json
  artifactKey: Guid(30b312a167534621b316172253b08723) Importer(2089858483,b0f066a214c2f5e87bad3c948f4d605d)
Start importing Packages/com.unity.modules.subsystems/package.json using Guid(30b312a167534621b316172253b08723) Importer(2089858483,b0f066a214c2f5e87bad3c948f4d605d) (ScriptedImporter) -> (artifact id: 'b6f071fa5ce7bf17852ef0f601a65d02') in 0.0129961 seconds
Number of updated asset objects reloaded before import = 0Number of asset objects unloaded after import = 1

========================================================================
Received Import Request.
  Time since last request: 0.000027 seconds.
  path: Packages/com.unity.multiplayer.center/Editor/MultiplayerCenterWindow/UI/QuestionnaireView.cs
  artifactKey: Guid(bcf305fff4614e26a6979b63e954f6d6) Importer(2089858483,b0f066a214c2f5e87bad3c948f4d605d)
Start importing Packages/com.unity.multiplayer.center/Editor/MultiplayerCenterWindow/UI/QuestionnaireView.cs using Guid(bcf305fff4614e26a6979b63e954f6d6) Importer(2089858483,b0f066a214c2f5e87bad3c948f4d605d) (ScriptedImporter) -> (artifact id: '84735519293ba2a29385204f682fcce9') in 0.0141479 seconds
Number of updated asset objects reloaded before import = 0Number of asset objects unloaded after import = 0

========================================================================
Received Import Request.
  Time since last request: 0.000070 seconds.
  path: Packages/com.unity.multiplayer.center/Editor/MultiplayerCenterWindow/UI/Icons/N4E@2x.png
  artifactKey: Guid(2cb589d4e01184d928bb698f06e77561) Importer(2089858483,b0f066a214c2f5e87bad3c948f4d605d)
Start importing Packages/com.unity.multiplayer.center/Editor/MultiplayerCenterWindow/UI/Icons/N4E@2x.png using Guid(2cb589d4e01184d928bb698f06e77561) Importer(2089858483,b0f066a214c2f5e87bad3c948f4d605d) (ScriptedImporter) -> (artifact id: 'db1336fc60d7ea197b74058575d12f5b') in 0.0192808 seconds
Number of updated asset objects reloaded before import = 0Number of asset objects unloaded after import = 1

========================================================================
Received Import Request.
  Time since last request: 0.000062 seconds.
  path: Packages/com.unity.modules.audio/package.json
  artifactKey: Guid(e9df95f53f1c1d0c9199e235d6c42b50) Importer(2089858483,b0f066a214c2f5e87bad3c948f4d605d)
Start importing Packages/com.unity.modules.audio/package.json using Guid(e9df95f53f1c1d0c9199e235d6c42b50) Importer(2089858483,b0f066a214c2f5e87bad3c948f4d605d) (ScriptedImporter) -> (artifact id: 'df91dc4048e858ba527ef2689c9f112f') in 0.0099753 seconds
Number of updated asset objects reloaded before import = 0Number of asset objects unloaded after import = 1

========================================================================
Received Import Request.
  Time since last request: 0.000037 seconds.
  path: Packages/com.unity.multiplayer.center/Tests/Editor/LogicTests.cs
  artifactKey: Guid(ea491f91a8b84866ad13371715bf90c8) Importer(2089858483,b0f066a214c2f5e87bad3c948f4d605d)
Start importing Packages/com.unity.multiplayer.center/Tests/Editor/LogicTests.cs using Guid(ea491f91a8b84866ad13371715bf90c8) Importer(2089858483,b0f066a214c2f5e87bad3c948f4d605d) (ScriptedImporter) -> (artifact id: '96f6c44770c79767a3fef1acecd498c3') in 0.0129114 seconds
Number of updated asset objects reloaded before import = 0Number of asset objects unloaded after import = 0

========================================================================
Received Import Request.
  Time since last request: 0.000038 seconds.
  path: Packages/com.unity.multiplayer.center/Tests/Editor/UserVisibleTextTests.cs
  artifactKey: Guid(c3d3226643b94888b02e25de0a9de55f) Importer(2089858483,b0f066a214c2f5e87bad3c948f4d605d)
Start importing Packages/com.unity.multiplayer.center/Tests/Editor/UserVisibleTextTests.cs using Guid(c3d3226643b94888b02e25de0a9de55f) Importer(2089858483,b0f066a214c2f5e87bad3c948f4d605d) (ScriptedImporter) -> (artifact id: '9a0566542e24d287f1bfd9f9aefd73bc') in 0.0128533 seconds
Number of updated asset objects reloaded before import = 0Number of asset objects unloaded after import = 0

========================================================================
Received Import Request.
  Time since last request: 0.000041 seconds.
  path: Packages/com.unity.multiplayer.center/Editor/Recommendations/RecommendationData_6000.0.recommendations
  artifactKey: Guid(b66d076cdcfe3b14388de66307a0e7ff) Importer(2089858483,b0f066a214c2f5e87bad3c948f4d605d)
Start importing Packages/com.unity.multiplayer.center/Editor/Recommendations/RecommendationData_6000.0.recommendations using Guid(b66d076cdcfe3b14388de66307a0e7ff) Importer(2089858483,b0f066a214c2f5e87bad3c948f4d605d) (ScriptedImporter) -> (artifact id: '3f1038a90c92eb9c7c154ea436291c24') in 0.0110385 seconds
Number of updated asset objects reloaded before import = 0Number of asset objects unloaded after import = 1

========================================================================
Received Import Request.
  Time since last request: 0.000048 seconds.
  path: Packages/com.unity.multiplayer.center/Tests/Editor/UtilsForMultiplayerCenterTests.cs
  artifactKey: Guid(cfc5ccd4416341629caf73dd3e318aac) Importer(2089858483,b0f066a214c2f5e87bad3c948f4d605d)
Start importing Packages/com.unity.multiplayer.center/Tests/Editor/UtilsForMultiplayerCenterTests.cs using Guid(cfc5ccd4416341629caf73dd3e318aac) Importer(2089858483,b0f066a214c2f5e87bad3c948f4d605d) (ScriptedImporter) -> (artifact id: 'c0f78ad89cd32d862b5b48deefee12a7') in 0.01239 seconds
Number of updated asset objects reloaded before import = 0Number of asset objects unloaded after import = 0

========================================================================
Received Import Request.
  Time since last request: 0.000031 seconds.
  path: Packages/com.unity.modules.xr/package.json
  artifactKey: Guid(2c814623cb42764d304be0c5ddd03ceb) Importer(2089858483,b0f066a214c2f5e87bad3c948f4d605d)
Start importing Packages/com.unity.modules.xr/package.json using Guid(2c814623cb42764d304be0c5ddd03ceb) Importer(2089858483,b0f066a214c2f5e87bad3c948f4d605d) (ScriptedImporter) -> (artifact id: 'd6e147c7a9e84156ca820295667cbf63') in 0.0112388 seconds
Number of updated asset objects reloaded before import = 0Number of asset objects unloaded after import = 1

========================================================================
Received Import Request.
  Time since last request: 0.000023 seconds.
  path: Packages/com.unity.multiplayer.center/Editor/MultiplayerCenterWindow/UI/Icons/Package.png
  artifactKey: Guid(9d9689eab72c8480c90679f4dcf18820) Importer(2089858483,b0f066a214c2f5e87bad3c948f4d605d)
Start importing Packages/com.unity.multiplayer.center/Editor/MultiplayerCenterWindow/UI/Icons/Package.png using Guid(9d9689eab72c8480c90679f4dcf18820) Importer(2089858483,b0f066a214c2f5e87bad3c948f4d605d) (ScriptedImporter) -> (artifact id: 'a9c4c80c7e965a56b9b30a6c7a748571') in 0.0165645 seconds
Number of updated asset objects reloaded before import = 0Number of asset objects unloaded after import = 1

========================================================================
Received Import Request.
  Time since last request: 0.000046 seconds.
  path: Packages/com.unity.multiplayer.center/Editor/Questionnaire/QuestionnaireObject.cs
  artifactKey: Guid(c3677cd9ede84e78b2fff6331c6301da) Importer(2089858483,b0f066a214c2f5e87bad3c948f4d605d)
Start importing Packages/com.unity.multiplayer.center/Editor/Questionnaire/QuestionnaireObject.cs using Guid(c3677cd9ede84e78b2fff6331c6301da) Importer(2089858483,b0f066a214c2f5e87bad3c948f4d605d) (ScriptedImporter) -> (artifact id: '29ac4aed5e0ced420150b9d65febf7aa') in 0.0128175 seconds
Number of updated asset objects reloaded before import = 0Number of asset objects unloaded after import = 0

========================================================================
Received Import Request.
  Time since last request: 0.000030 seconds.
  path: Packages/com.unity.multiplayer.center/README.md
  artifactKey: Guid(c359bcaf4a0bc4040aac650bf14ec619) Importer(2089858483,b0f066a214c2f5e87bad3c948f4d605d)
Start importing Packages/com.unity.multiplayer.center/README.md using Guid(c359bcaf4a0bc4040aac650bf14ec619) Importer(2089858483,b0f066a214c2f5e87bad3c948f4d605d) (ScriptedImporter) -> (artifact id: '315176522a2ef38f973f51c13df69b2d') in 0.0116144 seconds
Number of updated asset objects reloaded before import = 0Number of asset objects unloaded after import = 1

========================================================================
Received Import Request.
  Time since last request: 0.000053 seconds.
  path: Packages/com.unity.multiplayer.center/Editor/MultiplayerCenterWindow/UI/Icons/NoNetcode@2x.png
  artifactKey: Guid(b58a826ca804e4c67bab4283ad5a6102) Importer(2089858483,b0f066a214c2f5e87bad3c948f4d605d)
Start importing Packages/com.unity.multiplayer.center/Editor/MultiplayerCenterWindow/UI/Icons/NoNetcode@2x.png using Guid(b58a826ca804e4c67bab4283ad5a6102) Importer(2089858483,b0f066a214c2f5e87bad3c948f4d605d) (ScriptedImporter) -> (artifact id: '674de78cf7c1c0afe93f20ff9fd03eeb') in 0.020194 seconds
Number of updated asset objects reloaded before import = 0Number of asset objects unloaded after import = 1

========================================================================
Received Import Request.
  Time since last request: 0.000020 seconds.
  path: Packages/com.unity.multiplayer.center/Editor/MultiplayerCenterWindow/UI/Icons/PackageManager.png
  artifactKey: Guid(679f9999c6f8f497e806a2d5d0511879) Importer(2089858483,b0f066a214c2f5e87bad3c948f4d605d)
Start importing Packages/com.unity.multiplayer.center/Editor/MultiplayerCenterWindow/UI/Icons/PackageManager.png using Guid(679f9999c6f8f497e806a2d5d0511879) Importer(2089858483,b0f066a214c2f5e87bad3c948f4d605d) (ScriptedImporter) -> (artifact id: 'bc931e3bfe646514349f2a4ed8dfc5c2') in 0.0202992 seconds
Number of updated asset objects reloaded before import = 0Number of asset objects unloaded after import = 1

========================================================================
Received Import Request.
  Time since last request: 0.000019 seconds.
  path: Packages/com.unity.modules.cloth/package.ModuleCompilationTrigger
  artifactKey: Guid(082fbee38a82835433261a5e9c00e267) Importer(2089858483,b0f066a214c2f5e87bad3c948f4d605d)
Start importing Packages/com.unity.modules.cloth/package.ModuleCompilationTrigger using Guid(082fbee38a82835433261a5e9c00e267) Importer(2089858483,b0f066a214c2f5e87bad3c948f4d605d) (ScriptedImporter) -> (artifact id: '4de42042c6500cc94e6573ac361e76cc') in 0.0117875 seconds
Number of updated asset objects reloaded before import = 0Number of asset objects unloaded after import = 1

========================================================================
Received Import Request.
  Time since last request: 0.000047 seconds.
  path: Packages/com.unity.modules.unitywebrequest/package.json
  artifactKey: Guid(3fdd83b151eb8d25c5e2f82fc39dcb04) Importer(2089858483,b0f066a214c2f5e87bad3c948f4d605d)
Start importing Packages/com.unity.modules.unitywebrequest/package.json using Guid(3fdd83b151eb8d25c5e2f82fc39dcb04) Importer(2089858483,b0f066a214c2f5e87bad3c948f4d605d) (ScriptedImporter) -> (artifact id: '56b1b833c12b0bd0ea46229ec21863bc') in 0.0132203 seconds
Number of updated asset objects reloaded before import = 0Number of asset objects unloaded after import = 1

========================================================================
Received Import Request.
  Time since last request: 0.000025 seconds.
  path: Packages/com.unity.modules.unitywebrequestassetbundle/package.ModuleCompilationTrigger
  artifactKey: Guid(7610600f5c83e01041a6fe849d39279f) Importer(2089858483,b0f066a214c2f5e87bad3c948f4d605d)
Start importing Packages/com.unity.modules.unitywebrequestassetbundle/package.ModuleCompilationTrigger using Guid(7610600f5c83e01041a6fe849d39279f) Importer(2089858483,b0f066a214c2f5e87bad3c948f4d605d) (ScriptedImporter) -> (artifact id: 'c24e829acd04db7a78ff73b00ea5008b') in 0.0130879 seconds
Number of updated asset objects reloaded before import = 0Number of asset objects unloaded after import = 1

========================================================================
Received Import Request.
  Time since last request: 0.000022 seconds.
  path: Packages/com.unity.modules.cloth/package.json
  artifactKey: Guid(906c12bc9cd95d3963c6d58f62522c78) Importer(2089858483,b0f066a214c2f5e87bad3c948f4d605d)
Start importing Packages/com.unity.modules.cloth/package.json using Guid(906c12bc9cd95d3963c6d58f62522c78) Importer(2089858483,b0f066a214c2f5e87bad3c948f4d605d) (ScriptedImporter) -> (artifact id: '5a71493d06cf2f22902a9ac6b8cdddd5') in 0.0109332 seconds
Number of updated asset objects reloaded before import = 0Number of asset objects unloaded after import = 1

========================================================================
Received Import Request.
  Time since last request: 0.000018 seconds.
  path: Packages/com.unity.modules.physics2d/package.json
  artifactKey: Guid(f7a8357347c80dc69c08d0b1a05e2122) Importer(2089858483,b0f066a214c2f5e87bad3c948f4d605d)
Start importing Packages/com.unity.modules.physics2d/package.json using Guid(f7a8357347c80dc69c08d0b1a05e2122) Importer(2089858483,b0f066a214c2f5e87bad3c948f4d605d) (ScriptedImporter) -> (artifact id: 'cb2e64fb34114a907173e870d9bcc958') in 0.0115715 seconds
Number of updated asset objects reloaded before import = 0Number of asset objects unloaded after import = 1

========================================================================
Received Import Request.
  Time since last request: 0.000021 seconds.
  path: Packages/com.unity.modules.unitywebrequestassetbundle/package.json
  artifactKey: Guid(05f7f519769978b79b31d063a7fc6fa1) Importer(2089858483,b0f066a214c2f5e87bad3c948f4d605d)
Start importing Packages/com.unity.modules.unitywebrequestassetbundle/package.json using Guid(05f7f519769978b79b31d063a7fc6fa1) Importer(2089858483,b0f066a214c2f5e87bad3c948f4d605d) (ScriptedImporter) -> (artifact id: 'a1f1c13d76223c8180fbce3e27b56165') in 0.1007799 seconds
Number of updated asset objects reloaded before import = 0Number of asset objects unloaded after import = 1

========================================================================
Received Import Request.
  Time since last request: 0.000037 seconds.
  path: Packages/com.unity.modules.vectorgraphics/package.json
  artifactKey: Guid(78e5667e52329c3ceef41288763404ae) Importer(2089858483,b0f066a214c2f5e87bad3c948f4d605d)
Start importing Packages/com.unity.modules.vectorgraphics/package.json using Guid(78e5667e52329c3ceef41288763404ae) Importer(2089858483,b0f066a214c2f5e87bad3c948f4d605d) (ScriptedImporter) -> (artifact id: '8911889837688a8aedcc10e4c3a7999a') in 0.0128431 seconds
Number of updated asset objects reloaded before import = 0Number of asset objects unloaded after import = 1

========================================================================
Received Import Request.
  Time since last request: 0.000019 seconds.
  path: Packages/com.unity.modules.adaptiveperformance/package.json
  artifactKey: Guid(4c413a81cadcce7038e446e56570117e) Importer(2089858483,b0f066a214c2f5e87bad3c948f4d605d)
Start importing Packages/com.unity.modules.adaptiveperformance/package.json using Guid(4c413a81cadcce7038e446e56570117e) Importer(2089858483,b0f066a214c2f5e87bad3c948f4d605d) (ScriptedImporter) -> (artifact id: '5e36f7915a665b5efa768ff636c63950') in 0.0105951 seconds
Number of updated asset objects reloaded before import = 0Number of asset objects unloaded after import = 1

========================================================================
Received Import Request.
  Time since last request: 0.000028 seconds.
  path: Packages/com.unity.modules.adaptiveperformance/package.ModuleCompilationTrigger
  artifactKey: Guid(1af35a910338381f753e8a985eb5daab) Importer(2089858483,b0f066a214c2f5e87bad3c948f4d605d)
Start importing Packages/com.unity.modules.adaptiveperformance/package.ModuleCompilationTrigger using Guid(1af35a910338381f753e8a985eb5daab) Importer(2089858483,b0f066a214c2f5e87bad3c948f4d605d) (ScriptedImporter) -> (artifact id: '27b68ff6cf866cd2db3efb0492e35de2') in 0.0125511 seconds
Number of updated asset objects reloaded before import = 0Number of asset objects unloaded after import = 1

========================================================================
Received Import Request.
  Time since last request: 0.000027 seconds.
  path: Packages/com.unity.modules.accessibility/package.json
  artifactKey: Guid(43674d438e19b89d7fe6af07234f3252) Importer(2089858483,b0f066a214c2f5e87bad3c948f4d605d)
Start importing Packages/com.unity.modules.accessibility/package.json using Guid(43674d438e19b89d7fe6af07234f3252) Importer(2089858483,b0f066a214c2f5e87bad3c948f4d605d) (ScriptedImporter) -> (artifact id: '24874361d6c0a0d8aec15346fcbf8a66') in 0.0171606 seconds
Number of updated asset objects reloaded before import = 0Number of asset objects unloaded after import = 1

========================================================================
Received Import Request.
  Time since last request: 0.000049 seconds.
  path: Packages/com.unity.multiplayer.center/Editor/MultiplayerCenterWindow/UI/Icons/DedicatedServer@2x.png
  artifactKey: Guid(38b78df4a34c94fa6a52c90239606ff1) Importer(2089858483,b0f066a214c2f5e87bad3c948f4d605d)
Start importing Packages/com.unity.multiplayer.center/Editor/MultiplayerCenterWindow/UI/Icons/DedicatedServer@2x.png using Guid(38b78df4a34c94fa6a52c90239606ff1) Importer(2089858483,b0f066a214c2f5e87bad3c948f4d605d) (ScriptedImporter) -> (artifact id: '0e5d6885e3789c12357f5cd4945644a5') in 0.0200378 seconds
Number of updated asset objects reloaded before import = 0Number of asset objects unloaded after import = 1

========================================================================
Received Import Request.
  Time since last request: 0.000026 seconds.
  path: Packages/com.unity.multiplayer.center/Tests/Editor/UtilsForGettingStartedTabTests.cs
  artifactKey: Guid(c37c4c45cacc46edb43b8c32617b3e34) Importer(2089858483,b0f066a214c2f5e87bad3c948f4d605d)
Start importing Packages/com.unity.multiplayer.center/Tests/Editor/UtilsForGettingStartedTabTests.cs using Guid(c37c4c45cacc46edb43b8c32617b3e34) Importer(2089858483,b0f066a214c2f5e87bad3c948f4d605d) (ScriptedImporter) -> (artifact id: 'd035129538fd9f848c9b93079d61a249') in 0.0133824 seconds
Number of updated asset objects reloaded before import = 0Number of asset objects unloaded after import = 0

========================================================================
Received Import Request.
  Time since last request: 0.000032 seconds.
  path: Packages/com.unity.modules.unitywebrequestwww/package.json
  artifactKey: Guid(fa27413e9edb06a6058d6c894eca0338) Importer(2089858483,b0f066a214c2f5e87bad3c948f4d605d)
Start importing Packages/com.unity.modules.unitywebrequestwww/package.json using Guid(fa27413e9edb06a6058d6c894eca0338) Importer(2089858483,b0f066a214c2f5e87bad3c948f4d605d) (ScriptedImporter) -> (artifact id: '6f6de5d03b6481dca002737b1aa6efc4') in 0.0123219 seconds
Number of updated asset objects reloaded before import = 0Number of asset objects unloaded after import = 1

========================================================================
Received Import Request.
  Time since last request: 0.000022 seconds.
  path: Packages/com.unity.multiplayer.center/Editor/MultiplayerCenterWindow/UI/Icons/NGO@2x.png
  artifactKey: Guid(83b28bcaaf34b4fd580114fb05d9f160) Importer(2089858483,b0f066a214c2f5e87bad3c948f4d605d)
Start importing Packages/com.unity.multiplayer.center/Editor/MultiplayerCenterWindow/UI/Icons/NGO@2x.png using Guid(83b28bcaaf34b4fd580114fb05d9f160) Importer(2089858483,b0f066a214c2f5e87bad3c948f4d605d) (ScriptedImporter) -> (artifact id: 'c995564c8b51b2be2e2dd32e47d22521') in 0.0195994 seconds
Number of updated asset objects reloaded before import = 0Number of asset objects unloaded after import = 1

========================================================================
Received Import Request.
  Time since last request: 0.000016 seconds.
  path: Packages/com.unity.modules.video/package.json
  artifactKey: Guid(96d14b71b907bb52333b2886e665aba6) Importer(2089858483,b0f066a214c2f5e87bad3c948f4d605d)
Start importing Packages/com.unity.modules.video/package.json using Guid(96d14b71b907bb52333b2886e665aba6) Importer(2089858483,b0f066a214c2f5e87bad3c948f4d605d) (ScriptedImporter) -> (artifact id: 'cd404a70508871c95464eded93dba697') in 0.0126155 seconds
Number of updated asset objects reloaded before import = 0Number of asset objects unloaded after import = 1

========================================================================
Received Import Request.
  Time since last request: 0.000039 seconds.
  path: Packages/com.unity.modules.androidjni/package.json
  artifactKey: Guid(bd1af0a6633ee94ae21c7d1d702cdc12) Importer(2089858483,b0f066a214c2f5e87bad3c948f4d605d)
Start importing Packages/com.unity.modules.androidjni/package.json using Guid(bd1af0a6633ee94ae21c7d1d702cdc12) Importer(2089858483,b0f066a214c2f5e87bad3c948f4d605d) (ScriptedImporter) -> (artifact id: 'af0751143ea307641e81031447bbf542') in 0.011363 seconds
Number of updated asset objects reloaded before import = 0Number of asset objects unloaded after import = 1

========================================================================
Received Import Request.
  Time since last request: 0.000024 seconds.
  path: Packages/com.unity.multiplayer.center/Editor/MultiplayerCenterWindow/UI/Icons/d_PackageInstalled.png
  artifactKey: Guid(77be953cf28de42a4ad8532539fef3f5) Importer(2089858483,b0f066a214c2f5e87bad3c948f4d605d)
Start importing Packages/com.unity.multiplayer.center/Editor/MultiplayerCenterWindow/UI/Icons/d_PackageInstalled.png using Guid(77be953cf28de42a4ad8532539fef3f5) Importer(2089858483,b0f066a214c2f5e87bad3c948f4d605d) (ScriptedImporter) -> (artifact id: '8c97a64d3cea256982a4479ae25f1540') in 0.0183347 seconds
Number of updated asset objects reloaded before import = 0Number of asset objects unloaded after import = 1

========================================================================
Received Import Request.
  Time since last request: 0.000021 seconds.
  path: Packages/com.unity.multiplayer.center/Editor/MultiplayerCenterWindow/UI/Icons/CustomNetcode@2x.png
  artifactKey: Guid(d7711b0cc806d430b8a95f1e33ec3649) Importer(2089858483,b0f066a214c2f5e87bad3c948f4d605d)
Start importing Packages/com.unity.multiplayer.center/Editor/MultiplayerCenterWindow/UI/Icons/CustomNetcode@2x.png using Guid(d7711b0cc806d430b8a95f1e33ec3649) Importer(2089858483,b0f066a214c2f5e87bad3c948f4d605d) (ScriptedImporter) -> (artifact id: 'a0b93749cab6a65acc33605168bb2606') in 0.0193126 seconds
Number of updated asset objects reloaded before import = 0Number of asset objects unloaded after import = 1

========================================================================
Received Import Request.
  Time since last request: 0.000016 seconds.
  path: Packages/com.unity.multiplayer.center/Editor/MultiplayerCenterWindow/UI/Icons/N4E.png
  artifactKey: Guid(e9669051ff70449b5923861e0e0b8838) Importer(2089858483,b0f066a214c2f5e87bad3c948f4d605d)
Start importing Packages/com.unity.multiplayer.center/Editor/MultiplayerCenterWindow/UI/Icons/N4E.png using Guid(e9669051ff70449b5923861e0e0b8838) Importer(2089858483,b0f066a214c2f5e87bad3c948f4d605d) (ScriptedImporter) -> (artifact id: 'bb192a6003422f0658f83b8e7f71bbaf') in 0.0176411 seconds
Number of updated asset objects reloaded before import = 0Number of asset objects unloaded after import = 1

========================================================================
Received Import Request.
  Time since last request: 0.000019 seconds.
  path: Packages/com.unity.multiplayer.center/Editor/MultiplayerCenterWindow/UI/StyleClasses.cs
  artifactKey: Guid(1c3db2c484234a94a19c3acdc2539575) Importer(2089858483,b0f066a214c2f5e87bad3c948f4d605d)
Start importing Packages/com.unity.multiplayer.center/Editor/MultiplayerCenterWindow/UI/StyleClasses.cs using Guid(1c3db2c484234a94a19c3acdc2539575) Importer(2089858483,b0f066a214c2f5e87bad3c948f4d605d) (ScriptedImporter) -> (artifact id: '85889bf44a833fca5246c49ff5dd8c81') in 0.0111188 seconds
Number of updated asset objects reloaded before import = 0Number of asset objects unloaded after import = 0

========================================================================
Received Import Request.
  Time since last request: 0.000026 seconds.
  path: Packages/com.unity.multiplayer.center/Editor/Recommendations/RecommenderSystemDataObject.cs
  artifactKey: Guid(b6a02e450cd04bb781e7728f2056251c) Importer(2089858483,b0f066a214c2f5e87bad3c948f4d605d)
Start importing Packages/com.unity.multiplayer.center/Editor/Recommendations/RecommenderSystemDataObject.cs using Guid(b6a02e450cd04bb781e7728f2056251c) Importer(2089858483,b0f066a214c2f5e87bad3c948f4d605d) (ScriptedImporter) -> (artifact id: '54725036439377095a583de59eeafe3a') in 0.0151921 seconds
Number of updated asset objects reloaded before import = 0Number of asset objects unloaded after import = 0

========================================================================
Received Import Request.
  Time since last request: 0.000023 seconds.
  path: Packages/com.unity.multiplayer.center/Editor/MultiplayerCenterWindow/UI/RecommendationView/SectionHeader.cs
  artifactKey: Guid(63314900d81e4a15814496af1889cb51) Importer(2089858483,b0f066a214c2f5e87bad3c948f4d605d)
Start importing Packages/com.unity.multiplayer.center/Editor/MultiplayerCenterWindow/UI/RecommendationView/SectionHeader.cs using Guid(63314900d81e4a15814496af1889cb51) Importer(2089858483,b0f066a214c2f5e87bad3c948f4d605d) (ScriptedImporter) -> (artifact id: '6bfb3d09f7fe56dfac8138e87df3ebe1') in 0.0126308 seconds
Number of updated asset objects reloaded before import = 0Number of asset objects unloaded after import = 0

========================================================================
Received Import Request.
  Time since last request: 0.000057 seconds.
  path: Packages/com.unity.modules.vectorgraphics/package.ModuleCompilationTrigger
  artifactKey: Guid(3cc1ebf2abb7fef6871ad48f499b6e21) Importer(2089858483,b0f066a214c2f5e87bad3c948f4d605d)
Start importing Packages/com.unity.modules.vectorgraphics/package.ModuleCompilationTrigger using Guid(3cc1ebf2abb7fef6871ad48f499b6e21) Importer(2089858483,b0f066a214c2f5e87bad3c948f4d605d) (ScriptedImporter) -> (artifact id: '699ba3a89350e6e8d1866d6b35f0514e') in 0.0143349 seconds
Number of updated asset objects reloaded before import = 0Number of asset objects unloaded after import = 1

========================================================================
Received Import Request.
  Time since last request: 0.000024 seconds.
  path: Packages/com.unity.modules.physics/package.ModuleCompilationTrigger
  artifactKey: Guid(5c1ee4056d0ac7ad3c5a16597fcaa38a) Importer(2089858483,b0f066a214c2f5e87bad3c948f4d605d)
Start importing Packages/com.unity.modules.physics/package.ModuleCompilationTrigger using Guid(5c1ee4056d0ac7ad3c5a16597fcaa38a) Importer(2089858483,b0f066a214c2f5e87bad3c948f4d605d) (ScriptedImporter) -> (artifact id: 'f002d1fe58783ef9ae2d7e5b97c5ce15') in 0.0135891 seconds
Number of updated asset objects reloaded before import = 0Number of asset objects unloaded after import = 1

========================================================================
Received Import Request.
  Time since last request: 0.000022 seconds.
  path: Packages/com.unity.multiplayer.center/Editor/MultiplayerCenterWindow/UI/Icons/NoNetcode.png
  artifactKey: Guid(1daed49eec0f94f7ebb36dfef6159884) Importer(2089858483,b0f066a214c2f5e87bad3c948f4d605d)
Start importing Packages/com.unity.multiplayer.center/Editor/MultiplayerCenterWindow/UI/Icons/NoNetcode.png using Guid(1daed49eec0f94f7ebb36dfef6159884) Importer(2089858483,b0f066a214c2f5e87bad3c948f4d605d) (ScriptedImporter) -> (artifact id: '79112e30d337cc9f8a09724309644555') in 0.0186856 seconds
Number of updated asset objects reloaded before import = 0Number of asset objects unloaded after import = 1

========================================================================
Received Import Request.
  Time since last request: 0.000051 seconds.
  path: Packages/com.unity.modules.wind/package.ModuleCompilationTrigger
  artifactKey: Guid(2adec19fac7df68adf1fd6eb83197bb1) Importer(2089858483,b0f066a214c2f5e87bad3c948f4d605d)
Start importing Packages/com.unity.modules.wind/package.ModuleCompilationTrigger using Guid(2adec19fac7df68adf1fd6eb83197bb1) Importer(2089858483,b0f066a214c2f5e87bad3c948f4d605d) (ScriptedImporter) -> (artifact id: 'a357112b5f471da3fe6deb9c759a7f0a') in 0.011695 seconds
Number of updated asset objects reloaded before import = 0Number of asset objects unloaded after import = 1

========================================================================
Received Import Request.
  Time since last request: 0.000023 seconds.
  path: Packages/com.unity.modules.unitywebrequestaudio/package.ModuleCompilationTrigger
  artifactKey: Guid(553737203d61a8109f9544a97201e1aa) Importer(2089858483,b0f066a214c2f5e87bad3c948f4d605d)
Start importing Packages/com.unity.modules.unitywebrequestaudio/package.ModuleCompilationTrigger using Guid(553737203d61a8109f9544a97201e1aa) Importer(2089858483,b0f066a214c2f5e87bad3c948f4d605d) (ScriptedImporter) -> (artifact id: '67432bc6142b8cdc7a14044051c2acbf') in 0.0113586 seconds
Number of updated asset objects reloaded before import = 0Number of asset objects unloaded after import = 1

========================================================================
Received Import Request.
  Time since last request: 0.000032 seconds.
  path: Packages/com.unity.multiplayer.center/Editor/Features/PackageManagement.cs
  artifactKey: Guid(676a3852811f4199813ce7f6dbac6880) Importer(2089858483,b0f066a214c2f5e87bad3c948f4d605d)
Start importing Packages/com.unity.multiplayer.center/Editor/Features/PackageManagement.cs using Guid(676a3852811f4199813ce7f6dbac6880) Importer(2089858483,b0f066a214c2f5e87bad3c948f4d605d) (ScriptedImporter) -> (artifact id: 'fea8885eb8c05bcc82a4642a2e97923f') in 0.0114812 seconds
Number of updated asset objects reloaded before import = 0Number of asset objects unloaded after import = 0

========================================================================
Received Import Request.
  Time since last request: 0.000034 seconds.
  path: Packages/com.unity.multiplayer.center/Editor/Recommendations/RecommendationViewData.cs
  artifactKey: Guid(0ddc3b8a12c84454b04e4d6bdd88241c) Importer(2089858483,b0f066a214c2f5e87bad3c948f4d605d)
Start importing Packages/com.unity.multiplayer.center/Editor/Recommendations/RecommendationViewData.cs using Guid(0ddc3b8a12c84454b04e4d6bdd88241c) Importer(2089858483,b0f066a214c2f5e87bad3c948f4d605d) (ScriptedImporter) -> (artifact id: '50c4f5ced4538633e4ae392d9026d783') in 0.0140245 seconds
Number of updated asset objects reloaded before import = 0Number of asset objects unloaded after import = 0

========================================================================
Received Import Request.
  Time since last request: 0.000053 seconds.
  path: Packages/com.unity.multiplayer.center/Editor/Recommendations/RecommenderSystemData.cs
  artifactKey: Guid(38a11839c22b4e67aa2e508d906edf65) Importer(2089858483,b0f066a214c2f5e87bad3c948f4d605d)
Start importing Packages/com.unity.multiplayer.center/Editor/Recommendations/RecommenderSystemData.cs using Guid(38a11839c22b4e67aa2e508d906edf65) Importer(2089858483,b0f066a214c2f5e87bad3c948f4d605d) (ScriptedImporter) -> (artifact id: 'bdd99458fa83b4caa09e4a43f4749e22') in 0.0117167 seconds
Number of updated asset objects reloaded before import = 0Number of asset objects unloaded after import = 0

========================================================================
Received Import Request.
  Time since last request: 0.000034 seconds.
  path: Packages/com.unity.modules.terrainphysics/package.json
  artifactKey: Guid(d3cbe921f7b3d9a3257e7c61a5761796) Importer(2089858483,b0f066a214c2f5e87bad3c948f4d605d)
Start importing Packages/com.unity.modules.terrainphysics/package.json using Guid(d3cbe921f7b3d9a3257e7c61a5761796) Importer(2089858483,b0f066a214c2f5e87bad3c948f4d605d) (ScriptedImporter) -> (artifact id: 'b7d6f36c144ff1badfbdee847632cd86') in 0.0129329 seconds
Number of updated asset objects reloaded before import = 0Number of asset objects unloaded after import = 1

========================================================================
Received Import Request.
  Time since last request: 0.000020 seconds.
  path: Packages/com.unity.multiplayer.center/Editor/OnBoarding/GettingStartedTabView.cs
  artifactKey: Guid(d2c2caab1f2642afa6c07dec054fd34f) Importer(2089858483,b0f066a214c2f5e87bad3c948f4d605d)
Start importing Packages/com.unity.multiplayer.center/Editor/OnBoarding/GettingStartedTabView.cs using Guid(d2c2caab1f2642afa6c07dec054fd34f) Importer(2089858483,b0f066a214c2f5e87bad3c948f4d605d) (ScriptedImporter) -> (artifact id: 'dc2cfdd5daef67a3cec80cc871a6bc24') in 0.0139225 seconds
Number of updated asset objects reloaded before import = 0Number of asset objects unloaded after import = 0

========================================================================
Received Import Request.
  Time since last request: 0.000030 seconds.
  path: Packages/com.unity.multiplayer.center/Editor/Questionnaire/QuestionnaireData.cs
  artifactKey: Guid(7ca5cd79ef39442e599efb761abcbaac) Importer(2089858483,b0f066a214c2f5e87bad3c948f4d605d)
Start importing Packages/com.unity.multiplayer.center/Editor/Questionnaire/QuestionnaireData.cs using Guid(7ca5cd79ef39442e599efb761abcbaac) Importer(2089858483,b0f066a214c2f5e87bad3c948f4d605d) (ScriptedImporter) -> (artifact id: '71c71e3810c28b64224e5cec15f4c628') in 0.0131455 seconds
Number of updated asset objects reloaded before import = 0Number of asset objects unloaded after import = 0

========================================================================
Received Import Request.
  Time since last request: 0.000040 seconds.
  path: Packages/com.unity.modules.ui/package.json
  artifactKey: Guid(bfd567a3d1631a761bca9e99fa53d86d) Importer(2089858483,b0f066a214c2f5e87bad3c948f4d605d)
Start importing Packages/com.unity.modules.ui/package.json using Guid(bfd567a3d1631a761bca9e99fa53d86d) Importer(2089858483,b0f066a214c2f5e87bad3c948f4d605d) (ScriptedImporter) -> (artifact id: 'cfded3e16b9be06934375a5204a90d15') in 0.0125002 seconds
Number of updated asset objects reloaded before import = 0Number of asset objects unloaded after import = 1

========================================================================
Received Import Request.
  Time since last request: 0.000029 seconds.
  path: Packages/com.unity.modules.subsystems/package.ModuleCompilationTrigger
  artifactKey: Guid(8d4bc6bfa28760b29f13174d6b6ea710) Importer(2089858483,b0f066a214c2f5e87bad3c948f4d605d)
Start importing Packages/com.unity.modules.subsystems/package.ModuleCompilationTrigger using Guid(8d4bc6bfa28760b29f13174d6b6ea710) Importer(2089858483,b0f066a214c2f5e87bad3c948f4d605d) (ScriptedImporter) -> (artifact id: '299f5f5f69417e167f586b2294de8dd9') in 0.011012 seconds
Number of updated asset objects reloaded before import = 0Number of asset objects unloaded after import = 1

========================================================================
Received Import Request.
  Time since last request: 0.000022 seconds.
  path: Packages/com.unity.modules.physics2d/package.ModuleCompilationTrigger
  artifactKey: Guid(fe6a6957b37b61417b457a1e0541791d) Importer(2089858483,b0f066a214c2f5e87bad3c948f4d605d)
Start importing Packages/com.unity.modules.physics2d/package.ModuleCompilationTrigger using Guid(fe6a6957b37b61417b457a1e0541791d) Importer(2089858483,b0f066a214c2f5e87bad3c948f4d605d) (ScriptedImporter) -> (artifact id: '23d2b675e3f6627e845bb9ef6ee118a7') in 0.0147609 seconds
Number of updated asset objects reloaded before import = 0Number of asset objects unloaded after import = 1

========================================================================
Received Import Request.
  Time since last request: 0.000022 seconds.
  path: Packages/com.unity.multiplayer.center/Editor/AssemblyInfo.cs
  artifactKey: Guid(51566b3736df4282bbe76645014b0cc5) Importer(2089858483,b0f066a214c2f5e87bad3c948f4d605d)
Start importing Packages/com.unity.multiplayer.center/Editor/AssemblyInfo.cs using Guid(51566b3736df4282bbe76645014b0cc5) Importer(2089858483,b0f066a214c2f5e87bad3c948f4d605d) (ScriptedImporter) -> (artifact id: '612becb07a4a1ec588dd09a74a0632a2') in 0.0118589 seconds
Number of updated asset objects reloaded before import = 0Number of asset objects unloaded after import = 0

========================================================================
Received Import Request.
  Time since last request: 0.000025 seconds.
  path: Packages/com.unity.multiplayer.center/Editor/MultiplayerCenterWindow/RecommendationTabView.cs
  artifactKey: Guid(052c764978664486a9c04518899ddf57) Importer(2089858483,b0f066a214c2f5e87bad3c948f4d605d)
Start importing Packages/com.unity.multiplayer.center/Editor/MultiplayerCenterWindow/RecommendationTabView.cs using Guid(052c764978664486a9c04518899ddf57) Importer(2089858483,b0f066a214c2f5e87bad3c948f4d605d) (ScriptedImporter) -> (artifact id: 'cbf0c608f7e5e3fd12670a9ec5ed99d0') in 0.0122398 seconds
Number of updated asset objects reloaded before import = 0Number of asset objects unloaded after import = 0

========================================================================
Received Import Request.
  Time since last request: 0.000046 seconds.
  path: Packages/com.unity.multiplayer.center/Editor/Analytics/AnalyticsData.cs
  artifactKey: Guid(4cee1dc929764056ac40ece91efef712) Importer(2089858483,b0f066a214c2f5e87bad3c948f4d605d)
Start importing Packages/com.unity.multiplayer.center/Editor/Analytics/AnalyticsData.cs using Guid(4cee1dc929764056ac40ece91efef712) Importer(2089858483,b0f066a214c2f5e87bad3c948f4d605d) (ScriptedImporter) -> (artifact id: '49735152a82e2974b65fedc43641c15f') in 0.0150925 seconds
Number of updated asset objects reloaded before import = 0Number of asset objects unloaded after import = 0

========================================================================
Received Import Request.
  Time since last request: 0.000021 seconds.
  path: Packages/com.unity.multiplayer.center/Editor/OnBoarding/QuickstartPackageHandling.cs
  artifactKey: Guid(322b0121d39f45208a3d933e6926a9d8) Importer(2089858483,b0f066a214c2f5e87bad3c948f4d605d)
Start importing Packages/com.unity.multiplayer.center/Editor/OnBoarding/QuickstartPackageHandling.cs using Guid(322b0121d39f45208a3d933e6926a9d8) Importer(2089858483,b0f066a214c2f5e87bad3c948f4d605d) (ScriptedImporter) -> (artifact id: '01ef785712e5f9db6b38987cc8b8ce6d') in 0.0129539 seconds
Number of updated asset objects reloaded before import = 0Number of asset objects unloaded after import = 0

========================================================================
Received Import Request.
  Time since last request: 0.000039 seconds.
  path: Packages/com.unity.multiplayer.center/Common/Preset.cs
  artifactKey: Guid(0a9ab22e4e004c7db707338bccb538b9) Importer(2089858483,b0f066a214c2f5e87bad3c948f4d605d)
Start importing Packages/com.unity.multiplayer.center/Common/Preset.cs using Guid(0a9ab22e4e004c7db707338bccb538b9) Importer(2089858483,b0f066a214c2f5e87bad3c948f4d605d) (ScriptedImporter) -> (artifact id: '7b754321427a42bce9e865f66d1395be') in 0.0128027 seconds
Number of updated asset objects reloaded before import = 0Number of asset objects unloaded after import = 0

========================================================================
Received Import Request.
  Time since last request: 0.000033 seconds.
  path: Packages/com.unity.multiplayer.center/Editor/MultiplayerCenterWindow/UI/Icons/CloudCode@2x.png
  artifactKey: Guid(a23c0dd570fd44b57a03a8880002fcca) Importer(2089858483,b0f066a214c2f5e87bad3c948f4d605d)
Start importing Packages/com.unity.multiplayer.center/Editor/MultiplayerCenterWindow/UI/Icons/CloudCode@2x.png using Guid(a23c0dd570fd44b57a03a8880002fcca) Importer(2089858483,b0f066a214c2f5e87bad3c948f4d605d) (ScriptedImporter) -> (artifact id: 'bcf033f368b2e3100c90476b75a56041') in 0.021086 seconds
Number of updated asset objects reloaded before import = 0Number of asset objects unloaded after import = 1

========================================================================
Received Import Request.
  Time since last request: 0.000019 seconds.
  path: Packages/com.unity.modules.unitywebrequesttexture/package.ModuleCompilationTrigger
  artifactKey: Guid(a31a332ce3485f00f7df8d987302a29c) Importer(2089858483,b0f066a214c2f5e87bad3c948f4d605d)
Start importing Packages/com.unity.modules.unitywebrequesttexture/package.ModuleCompilationTrigger using Guid(a31a332ce3485f00f7df8d987302a29c) Importer(2089858483,b0f066a214c2f5e87bad3c948f4d605d) (ScriptedImporter) -> (artifact id: '89bcae3cc40d4a7f878b0850f872995c') in 0.0162959 seconds
Number of updated asset objects reloaded before import = 0Number of asset objects unloaded after import = 1

========================================================================
Received Import Request.
  Time since last request: 0.000022 seconds.
  path: Packages/com.unity.modules.animation/package.json
  artifactKey: Guid(7ef8348b8ea834d7e1bc214b07f7fb87) Importer(2089858483,b0f066a214c2f5e87bad3c948f4d605d)
Start importing Packages/com.unity.modules.animation/package.json using Guid(7ef8348b8ea834d7e1bc214b07f7fb87) Importer(2089858483,b0f066a214c2f5e87bad3c948f4d605d) (ScriptedImporter) -> (artifact id: '90f8d68262491f46c3a4d53f8ab90816') in 0.0118377 seconds
Number of updated asset objects reloaded before import = 0Number of asset objects unloaded after import = 1

========================================================================
Received Import Request.
  Time since last request: 0.000025 seconds.
  path: Packages/com.unity.modules.accessibility/package.ModuleCompilationTrigger
  artifactKey: Guid(4745d06d5a7ca576dcf9e5e67b417652) Importer(2089858483,b0f066a214c2f5e87bad3c948f4d605d)
Start importing Packages/com.unity.modules.accessibility/package.ModuleCompilationTrigger using Guid(4745d06d5a7ca576dcf9e5e67b417652) Importer(2089858483,b0f066a214c2f5e87bad3c948f4d605d) (ScriptedImporter) -> (artifact id: 'f3a61279601a33e20359191493c5533f') in 0.01381 seconds
Number of updated asset objects reloaded before import = 0Number of asset objects unloaded after import = 1

========================================================================
Received Import Request.
  Time since last request: 0.000028 seconds.
  path: Packages/com.unity.modules.unityanalytics/package.json
  artifactKey: Guid(26a4f29db434fd79025c91f6126382cc) Importer(2089858483,b0f066a214c2f5e87bad3c948f4d605d)
Start importing Packages/com.unity.modules.unityanalytics/package.json using Guid(26a4f29db434fd79025c91f6126382cc) Importer(2089858483,b0f066a214c2f5e87bad3c948f4d605d) (ScriptedImporter) -> (artifact id: 'a932c7928d8478e2b57a49db3c8fe3df') in 0.0143578 seconds
Number of updated asset objects reloaded before import = 0Number of asset objects unloaded after import = 1

========================================================================
Received Import Request.
  Time since last request: 0.000023 seconds.
  path: Packages/com.unity.multiplayer.center/Tests/Editor/RecommendationTests.cs
  artifactKey: Guid(0efb92c924574ec59b71b9185a6ed8fb) Importer(2089858483,b0f066a214c2f5e87bad3c948f4d605d)
Start importing Packages/com.unity.multiplayer.center/Tests/Editor/RecommendationTests.cs using Guid(0efb92c924574ec59b71b9185a6ed8fb) Importer(2089858483,b0f066a214c2f5e87bad3c948f4d605d) (ScriptedImporter) -> (artifact id: '4b3a0b9d7778e86b98ac7959d9e0a853') in 0.0114194 seconds
Number of updated asset objects reloaded before import = 0Number of asset objects unloaded after import = 0

========================================================================
Received Import Request.
  Time since last request: 0.000021 seconds.
  path: Packages/com.unity.modules.vehicles/package.ModuleCompilationTrigger
  artifactKey: Guid(e5c46c19ce0ce2e0103aa6f82df1043a) Importer(2089858483,b0f066a214c2f5e87bad3c948f4d605d)
Start importing Packages/com.unity.modules.vehicles/package.ModuleCompilationTrigger using Guid(e5c46c19ce0ce2e0103aa6f82df1043a) Importer(2089858483,b0f066a214c2f5e87bad3c948f4d605d) (ScriptedImporter) -> (artifact id: 'a31f57a5874d2b61f93fbf2d68cee9a2') in 0.0115486 seconds
Number of updated asset objects reloaded before import = 0Number of asset objects unloaded after import = 1

========================================================================
Received Import Request.
  Time since last request: 0.000028 seconds.
  path: Packages/com.unity.multiplayer.center/Editor/MultiplayerCenterWindow/UI/RecommendationView/PackageSelectionView.cs
  artifactKey: Guid(5262b119dc3e4259a40e6d93c8ea1048) Importer(2089858483,b0f066a214c2f5e87bad3c948f4d605d)
Start importing Packages/com.unity.multiplayer.center/Editor/MultiplayerCenterWindow/UI/RecommendationView/PackageSelectionView.cs using Guid(5262b119dc3e4259a40e6d93c8ea1048) Importer(2089858483,b0f066a214c2f5e87bad3c948f4d605d) (ScriptedImporter) -> (artifact id: 'a364d3e9b4f85efa10241ede32286e82') in 0.01419 seconds
Number of updated asset objects reloaded before import = 0Number of asset objects unloaded after import = 0

========================================================================
Received Import Request.
  Time since last request: 0.000024 seconds.
  path: Packages/com.unity.multiplayer.center/Common/StyleConstants.cs
  artifactKey: Guid(50d5ff9fe4ab4477b7ea648da183e9d1) Importer(2089858483,b0f066a214c2f5e87bad3c948f4d605d)
Start importing Packages/com.unity.multiplayer.center/Common/StyleConstants.cs using Guid(50d5ff9fe4ab4477b7ea648da183e9d1) Importer(2089858483,b0f066a214c2f5e87bad3c948f4d605d) (ScriptedImporter) -> (artifact id: '72b664eb649622747904561f79d467a4') in 0.0140914 seconds
Number of updated asset objects reloaded before import = 0Number of asset objects unloaded after import = 0

========================================================================
Received Import Request.
  Time since last request: 0.000023 seconds.
  path: Packages/com.unity.modules.xr/package.ModuleCompilationTrigger
  artifactKey: Guid(c7a8b0317f4e68556d7509828e9e211e) Importer(2089858483,b0f066a214c2f5e87bad3c948f4d605d)
Start importing Packages/com.unity.modules.xr/package.ModuleCompilationTrigger using Guid(c7a8b0317f4e68556d7509828e9e211e) Importer(2089858483,b0f066a214c2f5e87bad3c948f4d605d) (ScriptedImporter) -> (artifact id: 'd26f2af6d35b79fabd0b155649b2d27d') in 0.010662 seconds
Number of updated asset objects reloaded before import = 0Number of asset objects unloaded after import = 1

========================================================================
Received Import Request.
  Time since last request: 0.000030 seconds.
  path: Packages/com.unity.multiplayer.center/Editor/Questionnaire/QuestionnaireEditor.cs
  artifactKey: Guid(5d117d33f89d41cd9123918383c9b981) Importer(2089858483,b0f066a214c2f5e87bad3c948f4d605d)
Start importing Packages/com.unity.multiplayer.center/Editor/Questionnaire/QuestionnaireEditor.cs using Guid(5d117d33f89d41cd9123918383c9b981) Importer(2089858483,b0f066a214c2f5e87bad3c948f4d605d) (ScriptedImporter) -> (artifact id: '6736f5c066fc1e0e2b9e9f844b0975f7') in 0.0145427 seconds
Number of updated asset objects reloaded before import = 0Number of asset objects unloaded after import = 0

========================================================================
Received Import Request.
  Time since last request: 0.000024 seconds.
  path: Packages/com.unity.multiplayer.center/Editor/Recommendations/RecommendationType.cs
  artifactKey: Guid(b46a48f780f84026b9d1e73ee1b0121d) Importer(2089858483,b0f066a214c2f5e87bad3c948f4d605d)
Start importing Packages/com.unity.multiplayer.center/Editor/Recommendations/RecommendationType.cs using Guid(b46a48f780f84026b9d1e73ee1b0121d) Importer(2089858483,b0f066a214c2f5e87bad3c948f4d605d) (ScriptedImporter) -> (artifact id: 'e204a9cf872773a0f27a004f16cc739e') in 0.0111946 seconds
Number of updated asset objects reloaded before import = 0Number of asset objects unloaded after import = 0

========================================================================
Received Import Request.
  Time since last request: 0.000027 seconds.
  path: Packages/com.unity.multiplayer.center/Editor/MultiplayerCenterWindow/RecommendationViewBottomBar.cs
  artifactKey: Guid(d1084186a4004823abee9b87c8ddf198) Importer(2089858483,b0f066a214c2f5e87bad3c948f4d605d)
Start importing Packages/com.unity.multiplayer.center/Editor/MultiplayerCenterWindow/RecommendationViewBottomBar.cs using Guid(d1084186a4004823abee9b87c8ddf198) Importer(2089858483,b0f066a214c2f5e87bad3c948f4d605d) (ScriptedImporter) -> (artifact id: '8aca5b0e4ea214fd2d2d229a9985e970') in 0.0132562 seconds
Number of updated asset objects reloaded before import = 0Number of asset objects unloaded after import = 0

========================================================================
Received Import Request.
  Time since last request: 0.000050 seconds.
  path: Packages/com.unity.modules.umbra/package.json
  artifactKey: Guid(d85e5eeaf8f135aeaaebdc8aa3cff6c3) Importer(2089858483,b0f066a214c2f5e87bad3c948f4d605d)
Start importing Packages/com.unity.modules.umbra/package.json using Guid(d85e5eeaf8f135aeaaebdc8aa3cff6c3) Importer(2089858483,b0f066a214c2f5e87bad3c948f4d605d) (ScriptedImporter) -> (artifact id: '513497f122f903304a9a6d9e34917ef1') in 0.0114908 seconds
Number of updated asset objects reloaded before import = 0Number of asset objects unloaded after import = 1

========================================================================
Received Import Request.
  Time since last request: 0.000021 seconds.
  path: Packages/com.unity.multiplayer.center/Editor/MultiplayerCenterWindow/UI/Icons/PackageManager@2x.png
  artifactKey: Guid(9431e8221045c4af189b2fa7174b9e9f) Importer(2089858483,b0f066a214c2f5e87bad3c948f4d605d)
Start importing Packages/com.unity.multiplayer.center/Editor/MultiplayerCenterWindow/UI/Icons/PackageManager@2x.png using Guid(9431e8221045c4af189b2fa7174b9e9f) Importer(2089858483,b0f066a214c2f5e87bad3c948f4d605d) (ScriptedImporter) -> (artifact id: '6a06efa4c380b63a1998e3a665af6a36') in 0.0183491 seconds
Number of updated asset objects reloaded before import = 0Number of asset objects unloaded after import = 1

========================================================================
Received Import Request.
  Time since last request: 0.000020 seconds.
  path: Packages/com.unity.multiplayer.center/Common/Unity.Multiplayer.Center.Common.asmdef
  artifactKey: Guid(84abd2ab34a74600a33a3bb9d72859fe) Importer(2089858483,b0f066a214c2f5e87bad3c948f4d605d)
Start importing Packages/com.unity.multiplayer.center/Common/Unity.Multiplayer.Center.Common.asmdef using Guid(84abd2ab34a74600a33a3bb9d72859fe) Importer(2089858483,b0f066a214c2f5e87bad3c948f4d605d) (ScriptedImporter) -> (artifact id: 'd16d0e24ad901e5ecf0178bbb08b96ae') in 0.0116562 seconds
Number of updated asset objects reloaded before import = 0Number of asset objects unloaded after import = 1

========================================================================
Received Import Request.
  Time since last request: 0.000058 seconds.
  path: Packages/com.unity.multiplayer.center/Editor/MultiplayerCenterWindow/UI/Icons/d_Questionnaire.png
  artifactKey: Guid(741761e72e6f24446bd8ba03ea3d0261) Importer(2089858483,b0f066a214c2f5e87bad3c948f4d605d)
Start importing Packages/com.unity.multiplayer.center/Editor/MultiplayerCenterWindow/UI/Icons/d_Questionnaire.png using Guid(741761e72e6f24446bd8ba03ea3d0261) Importer(2089858483,b0f066a214c2f5e87bad3c948f4d605d) (ScriptedImporter) -> (artifact id: 'cd97f66d233ad83773a6243ac9f1e9f3') in 0.0227255 seconds
Number of updated asset objects reloaded before import = 0Number of asset objects unloaded after import = 1

========================================================================
Received Import Request.
  Time since last request: 0.000018 seconds.
  path: Packages/com.unity.multiplayer.center/Editor/MultiplayerCenterWindow/MultiplayerCenterWindow.cs
  artifactKey: Guid(7e006510f5f4425ca971c7de0bfbb77a) Importer(2089858483,b0f066a214c2f5e87bad3c948f4d605d)
Start importing Packages/com.unity.multiplayer.center/Editor/MultiplayerCenterWindow/MultiplayerCenterWindow.cs using Guid(7e006510f5f4425ca971c7de0bfbb77a) Importer(2089858483,b0f066a214c2f5e87bad3c948f4d605d) (ScriptedImporter) -> (artifact id: 'be135f3c7b7562feee78725be5983cc8') in 0.012138 seconds
Number of updated asset objects reloaded before import = 0Number of asset objects unloaded after import = 0

========================================================================
Received Import Request.
  Time since last request: 0.000042 seconds.
  path: Packages/com.unity.multiplayer.center/Editor/MultiplayerCenterWindow/TabGroup.cs
  artifactKey: Guid(fdefed6b790f4373b0feb7d25854d8ac) Importer(2089858483,b0f066a214c2f5e87bad3c948f4d605d)
Start importing Packages/com.unity.multiplayer.center/Editor/MultiplayerCenterWindow/TabGroup.cs using Guid(fdefed6b790f4373b0feb7d25854d8ac) Importer(2089858483,b0f066a214c2f5e87bad3c948f4d605d) (ScriptedImporter) -> (artifact id: '07c6e1720e3fbe5bb8880a3b86dcc7ac') in 0.0126875 seconds
Number of updated asset objects reloaded before import = 0Number of asset objects unloaded after import = 0

========================================================================
Received Import Request.
  Time since last request: 0.000095 seconds.
  path: Packages/com.unity.multiplayer.center/Tests/Editor/TabGroupTests.cs
  artifactKey: Guid(470a2d15035f44b7b2888a0db0704bff) Importer(2089858483,b0f066a214c2f5e87bad3c948f4d605d)
Start importing Packages/com.unity.multiplayer.center/Tests/Editor/TabGroupTests.cs using Guid(470a2d15035f44b7b2888a0db0704bff) Importer(2089858483,b0f066a214c2f5e87bad3c948f4d605d) (ScriptedImporter) -> (artifact id: '777cce61fed1fe88e2ce94b2dcba50e1') in 0.0126182 seconds
Number of updated asset objects reloaded before import = 0Number of asset objects unloaded after import = 0

========================================================================
Received Import Request.
  Time since last request: 0.000027 seconds.
  path: Packages/com.unity.multiplayer.center/Editor/MultiplayerCenterWindow/UI/Icons/Check.png
  artifactKey: Guid(4f78a544322c742b89e63fb68557b1d2) Importer(2089858483,b0f066a214c2f5e87bad3c948f4d605d)
Start importing Packages/com.unity.multiplayer.center/Editor/MultiplayerCenterWindow/UI/Icons/Check.png using Guid(4f78a544322c742b89e63fb68557b1d2) Importer(2089858483,b0f066a214c2f5e87bad3c948f4d605d) (ScriptedImporter) -> (artifact id: '1e7669635fa80cc18ce99cf2e6c4ece9') in 0.0187011 seconds
Number of updated asset objects reloaded before import = 0Number of asset objects unloaded after import = 1

========================================================================
Received Import Request.
  Time since last request: 0.000019 seconds.
  path: Packages/com.unity.multiplayer.center/Editor/MultiplayerCenterWindow/UI/Icons/EmptyViewIcon@2x.png
  artifactKey: Guid(2adffcc506285402aa795dee6f3166d0) Importer(2089858483,b0f066a214c2f5e87bad3c948f4d605d)
Start importing Packages/com.unity.multiplayer.center/Editor/MultiplayerCenterWindow/UI/Icons/EmptyViewIcon@2x.png using Guid(2adffcc506285402aa795dee6f3166d0) Importer(2089858483,b0f066a214c2f5e87bad3c948f4d605d) (ScriptedImporter) -> (artifact id: '102f9f8649659abdfd9680aeb0487a2e') in 0.0228948 seconds
Number of updated asset objects reloaded before import = 0Number of asset objects unloaded after import = 1

========================================================================
Received Import Request.
  Time since last request: 0.000016 seconds.
  path: Packages/com.unity.modules.vr/package.json
  artifactKey: Guid(18a4fadfef534684d5af39ca8dc48fe9) Importer(2089858483,b0f066a214c2f5e87bad3c948f4d605d)
Start importing Packages/com.unity.modules.vr/package.json using Guid(18a4fadfef534684d5af39ca8dc48fe9) Importer(2089858483,b0f066a214c2f5e87bad3c948f4d605d) (ScriptedImporter) -> (artifact id: '0d1d55b9125318f5905999f2ff2bbe5e') in 0.0132728 seconds
Number of updated asset objects reloaded before import = 0Number of asset objects unloaded after import = 1

========================================================================
Received Import Request.
  Time since last request: 0.000033 seconds.
  path: Packages/com.unity.multiplayer.center/Tests/Editor/Unity.Multiplayer.Center.Editor.Tests.asmdef
  artifactKey: Guid(787ec048daec145b580d1134da5dd278) Importer(2089858483,b0f066a214c2f5e87bad3c948f4d605d)
Start importing Packages/com.unity.multiplayer.center/Tests/Editor/Unity.Multiplayer.Center.Editor.Tests.asmdef using Guid(787ec048daec145b580d1134da5dd278) Importer(2089858483,b0f066a214c2f5e87bad3c948f4d605d) (ScriptedImporter) -> (artifact id: '6496fc2be0e94cd8f1a7fc0c5395432c') in 0.01206 seconds
Number of updated asset objects reloaded before import = 0Number of asset objects unloaded after import = 1

========================================================================
Received Import Request.
  Time since last request: 0.000027 seconds.
  path: Packages/com.unity.modules.unitywebrequest/package.ModuleCompilationTrigger
  artifactKey: Guid(d2ec2d1228c8e67cdd913cb5609176a2) Importer(2089858483,b0f066a214c2f5e87bad3c948f4d605d)
Start importing Packages/com.unity.modules.unitywebrequest/package.ModuleCompilationTrigger using Guid(d2ec2d1228c8e67cdd913cb5609176a2) Importer(2089858483,b0f066a214c2f5e87bad3c948f4d605d) (ScriptedImporter) -> (artifact id: 'c3bba3edf556e1e7e47057ce6ba6bbdc') in 0.0120518 seconds
Number of updated asset objects reloaded before import = 0Number of asset objects unloaded after import = 1

========================================================================
Received Import Request.
  Time since last request: 0.000048 seconds.
  path: Packages/com.unity.modules.hierarchycore/package.ModuleCompilationTrigger
  artifactKey: Guid(d104359075a97392b803d3d5aebc77f7) Importer(2089858483,b0f066a214c2f5e87bad3c948f4d605d)
Start importing Packages/com.unity.modules.hierarchycore/package.ModuleCompilationTrigger using Guid(d104359075a97392b803d3d5aebc77f7) Importer(2089858483,b0f066a214c2f5e87bad3c948f4d605d) (ScriptedImporter) -> (artifact id: '983a216b5838639996f0631c88778e7f') in 0.0117513 seconds
Number of updated asset objects reloaded before import = 0Number of asset objects unloaded after import = 1

========================================================================
Received Import Request.
  Time since last request: 0.000039 seconds.
  path: Packages/com.unity.multiplayer.center/Tests/Editor/AnalyticsUtilsTests.cs
  artifactKey: Guid(c2c1cf24bea5410ea530b2c8a875b293) Importer(2089858483,b0f066a214c2f5e87bad3c948f4d605d)
Start importing Packages/com.unity.multiplayer.center/Tests/Editor/AnalyticsUtilsTests.cs using Guid(c2c1cf24bea5410ea530b2c8a875b293) Importer(2089858483,b0f066a214c2f5e87bad3c948f4d605d) (ScriptedImporter) -> (artifact id: '869b7c5277b27d1eb51b450f8e3ceaac') in 0.0109357 seconds
Number of updated asset objects reloaded before import = 0Number of asset objects unloaded after import = 0

========================================================================
Received Import Request.
  Time since last request: 0.000052 seconds.
  path: Packages/com.unity.modules.ai/package.ModuleCompilationTrigger
  artifactKey: Guid(e2d09a26ce46dc617b54e49a534ace20) Importer(2089858483,b0f066a214c2f5e87bad3c948f4d605d)
Start importing Packages/com.unity.modules.ai/package.ModuleCompilationTrigger using Guid(e2d09a26ce46dc617b54e49a534ace20) Importer(2089858483,b0f066a214c2f5e87bad3c948f4d605d) (ScriptedImporter) -> (artifact id: '9b4d3ecb2d4fd2372d0372d3789c9361') in 0.0111799 seconds
Number of updated asset objects reloaded before import = 0Number of asset objects unloaded after import = 1

========================================================================
Received Import Request.
  Time since last request: 0.000031 seconds.
  path: Packages/com.unity.modules.unitywebrequestaudio/package.json
  artifactKey: Guid(4b518b37798c97b0f860962cbf615533) Importer(2089858483,b0f066a214c2f5e87bad3c948f4d605d)
Start importing Packages/com.unity.modules.unitywebrequestaudio/package.json using Guid(4b518b37798c97b0f860962cbf615533) Importer(2089858483,b0f066a214c2f5e87bad3c948f4d605d) (ScriptedImporter) -> (artifact id: '00a2bdf0252e08dc5f1d41296b2873d6') in 0.0101823 seconds
Number of updated asset objects reloaded before import = 0Number of asset objects unloaded after import = 1

========================================================================
Received Import Request.
  Time since last request: 0.000025 seconds.
  path: Packages/com.unity.multiplayer.center/Editor/MultiplayerCenterWindow/UI/Icons/ClientHosted@2x.png
  artifactKey: Guid(c7a38e6eccbfc49778cb8b77f594a971) Importer(2089858483,b0f066a214c2f5e87bad3c948f4d605d)
Start importing Packages/com.unity.multiplayer.center/Editor/MultiplayerCenterWindow/UI/Icons/ClientHosted@2x.png using Guid(c7a38e6eccbfc49778cb8b77f594a971) Importer(2089858483,b0f066a214c2f5e87bad3c948f4d605d) (ScriptedImporter) -> (artifact id: 'ab84f304372a0e2193f300746038dfac') in 0.0168839 seconds
Number of updated asset objects reloaded before import = 0Number of asset objects unloaded after import = 1

========================================================================
Received Import Request.
  Time since last request: 0.000019 seconds.
  path: Packages/com.unity.multiplayer.center/Editor/Recommendations/RecommenderSystem.cs
  artifactKey: Guid(a1c995459c0d418c88dd274e04840c5d) Importer(2089858483,b0f066a214c2f5e87bad3c948f4d605d)
Start importing Packages/com.unity.multiplayer.center/Editor/Recommendations/RecommenderSystem.cs using Guid(a1c995459c0d418c88dd274e04840c5d) Importer(2089858483,b0f066a214c2f5e87bad3c948f4d605d) (ScriptedImporter) -> (artifact id: 'bf04550ed36ddb85801fe384cd20ec78') in 0.0106414 seconds
Number of updated asset objects reloaded before import = 0Number of asset objects unloaded after import = 0

========================================================================
Received Import Request.
  Time since last request: 0.000063 seconds.
  path: Packages/com.unity.multiplayer.center/Editor/MultiplayerCenterWindow/UI/Icons/d_PackageManager@2x.png
  artifactKey: Guid(a6fd0c627f5aa48fa81512221e70a11e) Importer(2089858483,b0f066a214c2f5e87bad3c948f4d605d)
Start importing Packages/com.unity.multiplayer.center/Editor/MultiplayerCenterWindow/UI/Icons/d_PackageManager@2x.png using Guid(a6fd0c627f5aa48fa81512221e70a11e) Importer(2089858483,b0f066a214c2f5e87bad3c948f4d605d) (ScriptedImporter) -> (artifact id: '4d1f06d281618fea3c9ad9ee9d0df432') in 0.0216997 seconds
Number of updated asset objects reloaded before import = 0Number of asset objects unloaded after import = 1

========================================================================
Received Import Request.
  Time since last request: 0.000046 seconds.
  path: Packages/com.unity.multiplayer.center/Tests/Editor/RecommenderSystemTests.cs
  artifactKey: Guid(284da2a38ea043d69e1a38fd8a22bec9) Importer(2089858483,b0f066a214c2f5e87bad3c948f4d605d)
Start importing Packages/com.unity.multiplayer.center/Tests/Editor/RecommenderSystemTests.cs using Guid(284da2a38ea043d69e1a38fd8a22bec9) Importer(2089858483,b0f066a214c2f5e87bad3c948f4d605d) (ScriptedImporter) -> (artifact id: 'c11b1090c48d88909209d13c09ad733a') in 0.0105335 seconds
Number of updated asset objects reloaded before import = 0Number of asset objects unloaded after import = 0

========================================================================
Received Import Request.
  Time since last request: 0.000024 seconds.
  path: Packages/com.unity.multiplayer.center/Editor/MultiplayerCenterWindow/UI/Icons/DistributedAuthority@2x.png
  artifactKey: Guid(0354877031b64465ea7e5cafea1a2653) Importer(2089858483,b0f066a214c2f5e87bad3c948f4d605d)
Start importing Packages/com.unity.multiplayer.center/Editor/MultiplayerCenterWindow/UI/Icons/DistributedAuthority@2x.png using Guid(0354877031b64465ea7e5cafea1a2653) Importer(2089858483,b0f066a214c2f5e87bad3c948f4d605d) (ScriptedImporter) -> (artifact id: '70259a04e4dda83f63df275d726c47a7') in 0.0212931 seconds
Number of updated asset objects reloaded before import = 0Number of asset objects unloaded after import = 1

========================================================================
Received Import Request.
  Time since last request: 0.000018 seconds.
  path: Packages/com.unity.multiplayer.center/Editor/Analytics/MultiplayerCenterAnalytics.cs
  artifactKey: Guid(185e678d90804a8a85ab38276eca86fb) Importer(2089858483,b0f066a214c2f5e87bad3c948f4d605d)
Start importing Packages/com.unity.multiplayer.center/Editor/Analytics/MultiplayerCenterAnalytics.cs using Guid(185e678d90804a8a85ab38276eca86fb) Importer(2089858483,b0f066a214c2f5e87bad3c948f4d605d) (ScriptedImporter) -> (artifact id: 'b331ca6266cfc9ac82f6e654e238f562') in 0.0099483 seconds
Number of updated asset objects reloaded before import = 0Number of asset objects unloaded after import = 0

========================================================================
Received Import Request.
  Time since last request: 0.000026 seconds.
  path: Packages/com.unity.multiplayer.center/Editor/MultiplayerCenterWindow/UI/QuestionViewFactory.cs
  artifactKey: Guid(e4439b4b4bb24a5eb61c59c5a67aa5a0) Importer(2089858483,b0f066a214c2f5e87bad3c948f4d605d)
Start importing Packages/com.unity.multiplayer.center/Editor/MultiplayerCenterWindow/UI/QuestionViewFactory.cs using Guid(e4439b4b4bb24a5eb61c59c5a67aa5a0) Importer(2089858483,b0f066a214c2f5e87bad3c948f4d605d) (ScriptedImporter) -> (artifact id: 'fe7d6363085e40c206d246362f0cf6cf') in 0.0117222 seconds
Number of updated asset objects reloaded before import = 0Number of asset objects unloaded after import = 0

========================================================================
Received Import Request.
  Time since last request: 0.000021 seconds.
  path: Packages/com.unity.multiplayer.center/LICENSE.md
  artifactKey: Guid(70554f6c9e4114e1084bb38f9ea400ce) Importer(2089858483,b0f066a214c2f5e87bad3c948f4d605d)
Start importing Packages/com.unity.multiplayer.center/LICENSE.md using Guid(70554f6c9e4114e1084bb38f9ea400ce) Importer(2089858483,b0f066a214c2f5e87bad3c948f4d605d) (ScriptedImporter) -> (artifact id: '5bf356ff60ddd27d33005d33efbe9c0a') in 0.012276 seconds
Number of updated asset objects reloaded before import = 0Number of asset objects unloaded after import = 1

========================================================================
Received Import Request.
  Time since last request: 0.000020 seconds.
  path: Packages/com.unity.multiplayer.center/Editor/MultiplayerCenterWindow/UI/ViewUtils.cs
  artifactKey: Guid(0d9328c739784454ad03d404f395a0ab) Importer(2089858483,b0f066a214c2f5e87bad3c948f4d605d)
Start importing Packages/com.unity.multiplayer.center/Editor/MultiplayerCenterWindow/UI/ViewUtils.cs using Guid(0d9328c739784454ad03d404f395a0ab) Importer(2089858483,b0f066a214c2f5e87bad3c948f4d605d) (ScriptedImporter) -> (artifact id: '140c2a8a547379d00bcbc44c26a1e685') in 0.0112929 seconds
Number of updated asset objects reloaded before import = 0Number of asset objects unloaded after import = 0

========================================================================
Received Import Request.
  Time since last request: 0.000039 seconds.
  path: Packages/com.unity.modules.animation/package.ModuleCompilationTrigger
  artifactKey: Guid(db8e609a39b9b231fccc54e5fa4cbd1b) Importer(2089858483,b0f066a214c2f5e87bad3c948f4d605d)
Start importing Packages/com.unity.modules.animation/package.ModuleCompilationTrigger using Guid(db8e609a39b9b231fccc54e5fa4cbd1b) Importer(2089858483,b0f066a214c2f5e87bad3c948f4d605d) (ScriptedImporter) -> (artifact id: '722721db268400618072ee7d3f9d2602') in 0.0111929 seconds
Number of updated asset objects reloaded before import = 0Number of asset objects unloaded after import = 1

========================================================================
Received Import Request.
  Time since last request: 0.000042 seconds.
  path: Packages/com.unity.modules.tilemap/package.json
  artifactKey: Guid(92a378669877c05c6071d0fed687bb95) Importer(2089858483,b0f066a214c2f5e87bad3c948f4d605d)
Start importing Packages/com.unity.modules.tilemap/package.json using Guid(92a378669877c05c6071d0fed687bb95) Importer(2089858483,b0f066a214c2f5e87bad3c948f4d605d) (ScriptedImporter) -> (artifact id: 'c6d7e6b3067ad19076adb26c832049d8') in 0.0134272 seconds
Number of updated asset objects reloaded before import = 0Number of asset objects unloaded after import = 1

========================================================================
Received Import Request.
  Time since last request: 10.945619 seconds.
  path: Assets
  artifactKey: Guid(00000000000000001000000000000000) Importer(815301076,1909f56bfc062723c751e8b465ee728b)
Start importing Assets using Guid(00000000000000001000000000000000) Importer(815301076,1909f56bfc062723c751e8b465ee728b) (PreviewImporter) -> (artifact id: 'c391582d739b6e62a5220f35cbb167ac') in 0.0006446 seconds
Number of updated asset objects reloaded before import = 0Number of asset objects unloaded after import = 0

========================================================================
Received Import Request.
  Time since last request: 8.927974 seconds.
  path: Assets/Main.unity
  artifactKey: Guid(57503b2a30f4575499dde67f205b204a) Importer(815301076,1909f56bfc062723c751e8b465ee728b)
Start importing Assets/Main.unity using Guid(57503b2a30f4575499dde67f205b204a) Importer(815301076,1909f56bfc062723c751e8b465ee728b) (PreviewImporter) -> (artifact id: 'c6fc68e6fc668ba12fba3ba0b1615c94') in 0.0006941 seconds
Number of updated asset objects reloaded before import = 0Number of asset objects unloaded after import = 0

========================================================================
Received Import Request.
  Time since last request: 0.970100 seconds.
  path: Assets/Main.unity
  artifactKey: Guid(57503b2a30f4575499dde67f205b204a) Importer(2089858483,b0f066a214c2f5e87bad3c948f4d605d)
Start importing Assets/Main.unity using Guid(57503b2a30f4575499dde67f205b204a) Importer(2089858483,b0f066a214c2f5e87bad3c948f4d605d) (ScriptedImporter) -> (artifact id: 'e3ec6ffc8a1b96c322a941681abca8e6') in 0.0169373 seconds
Number of updated asset objects reloaded before import = 0Number of asset objects unloaded after import = 1

========================================================================
Received Prepare
Begin MonoManager ReloadAssembly
[Licensing::Client] Successfully resolved entitlement details
- Loaded All Assemblies, in  1.107 seconds
Refreshing native plugins compatible for Editor in 0.67 ms, found 0 plugins.
Native extension for WindowsStandalone target not found
[Package Manager] Failed to launch server process. Reason: Unity was launched with the -noUpm command-line argument
[Package Manager] Unable to send message (not connected to server process).
[Package Manager] Cannot connect to Unity Package Manager local server
ScheduleIndexationOnStartup MainProcess:False IndexOnStartup:True
Mono: successfully reloaded assembly
- Finished resetting the current domain, in  0.784 seconds
Domain Reload Profiling: 1888ms
	BeginReloadAssembly (627ms)
		ExecutionOrderSort (0ms)
		DisableScriptedObjects (8ms)
		BackupInstance (0ms)
		ReleaseScriptingObjects (0ms)
		CreateAndSetChildDomain (35ms)
	RebuildCommonClasses (56ms)
	RebuildNativeTypeToScriptingClass (19ms)
	initialDomainReloadingComplete (48ms)
	LoadAllAssembliesAndSetupDomain (353ms)
		LoadAssemblies (725ms)
		RebuildTransferFunctionScriptingTraits (0ms)
		AnalyzeDomain (116ms)
			TypeCache.Refresh (89ms)
				TypeCache.ScanAssembly (80ms)
			BuildScriptInfoCaches (22ms)
			ResolveRequiredComponents (2ms)
	FinalizeReload (785ms)
		ReleaseScriptCaches (0ms)
		RebuildScriptCaches (0ms)
		SetupLoadedEditorAssemblies (583ms)
			LogAssemblyErrors (0ms)
			InitializePlatformSupportModulesInManaged (3ms)
			SetLoadedEditorAssemblies (7ms)
			BeforeProcessingInitializeOnLoad (209ms)
			ProcessInitializeOnLoadAttributes (222ms)
			ProcessInitializeOnLoadMethodAttributes (132ms)
			AfterProcessingInitializeOnLoad (9ms)
			EditorAssembliesLoaded (1ms)
		ExecutionOrderSort2 (0ms)
		AwakeInstancesAfterBackupRestoration (10ms)
Refreshing native plugins compatible for Editor in 0.62 ms, found 0 plugins.
Preloading 0 native plugins for Editor in 0.00 ms.
Unloading 1 Unused Serialized files (Serialized files now loaded: 0)
Unloading 1420 unused Assets / (251.7 KB). Loaded Objects now: 2006.
Memory consumption went from 81.1 MB to 80.8 MB.
Total: 8.930200 ms (FindLiveObjects: 0.433000 ms CreateObjectMapping: 0.284800 ms MarkObjects: 7.343000 ms  DeleteObjects: 0.867300 ms)

Prepare: number of updated asset objects reloaded= 0
========================================================================
Received Import Request.
  Time since last request: 282.781854 seconds.
  path: Assets/DefaultNetworkPrefabs.asset
  artifactKey: Guid(55e1d5ffa3cfe2d46a8e355f48544890) Importer(815301076,1909f56bfc062723c751e8b465ee728b)
Start importing Assets/DefaultNetworkPrefabs.asset using Guid(55e1d5ffa3cfe2d46a8e355f48544890) Importer(815301076,1909f56bfc062723c751e8b465ee728b) (PreviewImporter) -> (artifact id: '7e2d52ab36a6914ad7de8a4a474c942f') in 0.0270306 seconds
Number of updated asset objects reloaded before import = 0Number of asset objects unloaded after import = 1

========================================================================
Received Import Request.
  Time since last request: 185.221511 seconds.
  path: Assets/PlayerPrefab.prefab
  artifactKey: Guid(d52e1d4c3e86a3a4a8b472847678308b) Importer(815301076,1909f56bfc062723c751e8b465ee728b)
Start importing Assets/PlayerPrefab.prefab using Guid(d52e1d4c3e86a3a4a8b472847678308b) Importer(815301076,1909f56bfc062723c751e8b465ee728b) (PreviewImporter) -> (artifact id: '2a23464f25daccc5017931e35665f3c2') in 0.4024379 seconds
Number of updated asset objects reloaded before import = 0Number of asset objects unloaded after import = 7

========================================================================
Received Prepare
Begin MonoManager ReloadAssembly
[Licensing::Client] Successfully resolved entitlement details
- Loaded All Assemblies, in  0.568 seconds
Refreshing native plugins compatible for Editor in 0.20 ms, found 0 plugins.
Native extension for WindowsStandalone target not found
[Package Manager] Failed to launch server process. Reason: Unity was launched with the -noUpm command-line argument
[Package Manager] Unable to send message (not connected to server process).
[Package Manager] Cannot connect to Unity Package Manager local server
ScheduleIndexationOnStartup MainProcess:False IndexOnStartup:True
Mono: successfully reloaded assembly
- Finished resetting the current domain, in  0.523 seconds
Domain Reload Profiling: 1088ms
	BeginReloadAssembly (239ms)
		ExecutionOrderSort (0ms)
		DisableScriptedObjects (10ms)
		BackupInstance (0ms)
		ReleaseScriptingObjects (0ms)
		CreateAndSetChildDomain (39ms)
	RebuildCommonClasses (54ms)
	RebuildNativeTypeToScriptingClass (19ms)
	initialDomainReloadingComplete (35ms)
	LoadAllAssembliesAndSetupDomain (218ms)
		LoadAssemblies (300ms)
		RebuildTransferFunctionScriptingTraits (0ms)
		AnalyzeDomain (52ms)
			TypeCache.Refresh (5ms)
				TypeCache.ScanAssembly (0ms)
			BuildScriptInfoCaches (43ms)
			ResolveRequiredComponents (1ms)
	FinalizeReload (523ms)
		ReleaseScriptCaches (0ms)
		RebuildScriptCaches (0ms)
		SetupLoadedEditorAssemblies (376ms)
			LogAssemblyErrors (0ms)
			InitializePlatformSupportModulesInManaged (2ms)
			SetLoadedEditorAssemblies (5ms)
			BeforeProcessingInitializeOnLoad (133ms)
			ProcessInitializeOnLoadAttributes (156ms)
			ProcessInitializeOnLoadMethodAttributes (72ms)
			AfterProcessingInitializeOnLoad (8ms)
			EditorAssembliesLoaded (0ms)
		ExecutionOrderSort2 (0ms)
		AwakeInstancesAfterBackupRestoration (10ms)
Refreshing native plugins compatible for Editor in 0.45 ms, found 0 plugins.
Preloading 0 native plugins for Editor in 0.00 ms.
Unloading 1 Unused Serialized files (Serialized files now loaded: 0)
Unloading 1420 unused Assets / (396.3 KB). Loaded Objects now: 2019.
Memory consumption went from 82.7 MB to 82.3 MB.
Total: 5.461700 ms (FindLiveObjects: 0.243400 ms CreateObjectMapping: 0.078000 ms MarkObjects: 4.573200 ms  DeleteObjects: 0.565900 ms)

Prepare: number of updated asset objects reloaded= 0
========================================================================
Received Prepare
Begin MonoManager ReloadAssembly
[Licensing::Client] Successfully resolved entitlement details
- Loaded All Assemblies, in  0.553 seconds
Refreshing native plugins compatible for Editor in 0.30 ms, found 0 plugins.
Native extension for WindowsStandalone target not found
[Package Manager] Failed to launch server process. Reason: Unity was launched with the -noUpm command-line argument
[Package Manager] Unable to send message (not connected to server process).
[Package Manager] Cannot connect to Unity Package Manager local server
ScheduleIndexationOnStartup MainProcess:False IndexOnStartup:True
Mono: successfully reloaded assembly
- Finished resetting the current domain, in  0.525 seconds
Domain Reload Profiling: 1076ms
	BeginReloadAssembly (234ms)
		ExecutionOrderSort (0ms)
		DisableScriptedObjects (9ms)
		BackupInstance (0ms)
		ReleaseScriptingObjects (0ms)
		CreateAndSetChildDomain (34ms)
	RebuildCommonClasses (54ms)
	RebuildNativeTypeToScriptingClass (19ms)
	initialDomainReloadingComplete (33ms)
	LoadAllAssembliesAndSetupDomain (211ms)
		LoadAssemblies (284ms)
		RebuildTransferFunctionScriptingTraits (0ms)
		AnalyzeDomain (62ms)
			TypeCache.Refresh (5ms)
				TypeCache.ScanAssembly (0ms)
			BuildScriptInfoCaches (52ms)
			ResolveRequiredComponents (2ms)
	FinalizeReload (525ms)
		ReleaseScriptCaches (0ms)
		RebuildScriptCaches (0ms)
		SetupLoadedEditorAssemblies (387ms)
			LogAssemblyErrors (0ms)
			InitializePlatformSupportModulesInManaged (2ms)
			SetLoadedEditorAssemblies (4ms)
			BeforeProcessingInitializeOnLoad (135ms)
			ProcessInitializeOnLoadAttributes (164ms)
			ProcessInitializeOnLoadMethodAttributes (72ms)
			AfterProcessingInitializeOnLoad (11ms)
			EditorAssembliesLoaded (0ms)
		ExecutionOrderSort2 (0ms)
		AwakeInstancesAfterBackupRestoration (11ms)
Refreshing native plugins compatible for Editor in 0.32 ms, found 0 plugins.
Preloading 0 native plugins for Editor in 0.00 ms.
Unloading 1 Unused Serialized files (Serialized files now loaded: 0)
Unloading 1420 unused Assets / (383.5 KB). Loaded Objects now: 2021.
Memory consumption went from 82.9 MB to 82.5 MB.
Total: 5.350700 ms (FindLiveObjects: 0.205300 ms CreateObjectMapping: 0.087500 ms MarkObjects: 4.515000 ms  DeleteObjects: 0.541500 ms)

Prepare: number of updated asset objects reloaded= 0
========================================================================
Received Import Request.
  Time since last request: 386.673195 seconds.
  path: Packages/com.unity.netcode.gameobjects/Tests/Runtime/TestHelpers/MockTimeProvider.cs
  artifactKey: Guid(bcc9a7faadea4b8ebeb041ee6e395a92) Importer(2089858483,b0f066a214c2f5e87bad3c948f4d605d)
Start importing Packages/com.unity.netcode.gameobjects/Tests/Runtime/TestHelpers/MockTimeProvider.cs using Guid(bcc9a7faadea4b8ebeb041ee6e395a92) Importer(2089858483,b0f066a214c2f5e87bad3c948f4d605d) (ScriptedImporter) -> (artifact id: 'e116fdebfd3b80b0ede015a8f784260f') in 0.1202605 seconds
Number of updated asset objects reloaded before import = 0Number of asset objects unloaded after import = 0

========================================================================
Received Import Request.
  Time since last request: 0.000028 seconds.
  path: Packages/com.unity.netcode.gameobjects/Tests/Runtime/Connection
  artifactKey: Guid(6a87f9e5685b4895bd5a7936e6ac567f) Importer(2089858483,b0f066a214c2f5e87bad3c948f4d605d)
Start importing Packages/com.unity.netcode.gameobjects/Tests/Runtime/Connection using Guid(6a87f9e5685b4895bd5a7936e6ac567f) Importer(2089858483,b0f066a214c2f5e87bad3c948f4d605d) (ScriptedImporter) -> (artifact id: 'e8c2b57933920ff25251b1fe8b75930d') in 0.0131086 seconds
Number of updated asset objects reloaded before import = 0Number of asset objects unloaded after import = 1

========================================================================
Received Import Request.
  Time since last request: 0.000038 seconds.
  path: Packages/com.unity.nuget.mono-cecil/Third Party Notices.md
  artifactKey: Guid(192a998b912484856a34120268cfbfc9) Importer(2089858483,b0f066a214c2f5e87bad3c948f4d605d)
Start importing Packages/com.unity.nuget.mono-cecil/Third Party Notices.md using Guid(192a998b912484856a34120268cfbfc9) Importer(2089858483,b0f066a214c2f5e87bad3c948f4d605d) (ScriptedImporter) -> (artifact id: '14c270cdf7852bf8469b63d2a8b8993f') in 0.0119381 seconds
Number of updated asset objects reloaded before import = 0Number of asset objects unloaded after import = 1

========================================================================
Received Import Request.
  Time since last request: 0.000022 seconds.
  path: Packages/com.unity.test-framework/UnityEngine.TestRunner/NUnitExtensions/Runner/UnityTestExecutionContext.cs
  artifactKey: Guid(59ff995fabb3bac45afa0f96f333e5dc) Importer(2089858483,b0f066a214c2f5e87bad3c948f4d605d)
Start importing Packages/com.unity.test-framework/UnityEngine.TestRunner/NUnitExtensions/Runner/UnityTestExecutionContext.cs using Guid(59ff995fabb3bac45afa0f96f333e5dc) Importer(2089858483,b0f066a214c2f5e87bad3c948f4d605d) (ScriptedImporter) -> (artifact id: '73e279dc37794c1eba4e478bde1331d7') in 0.0134581 seconds
Number of updated asset objects reloaded before import = 0Number of asset objects unloaded after import = 0

========================================================================
Received Import Request.
  Time since last request: 0.000020 seconds.
  path: Packages/com.unity.burst/Runtime/CompilerServices/SPMD.cs
  artifactKey: Guid(2d8f464f6c9033c89a0ee334f0aad30c) Importer(2089858483,b0f066a214c2f5e87bad3c948f4d605d)
Start importing Packages/com.unity.burst/Runtime/CompilerServices/SPMD.cs using Guid(2d8f464f6c9033c89a0ee334f0aad30c) Importer(2089858483,b0f066a214c2f5e87bad3c948f4d605d) (ScriptedImporter) -> (artifact id: 'a1b9fb58f024308912a95fc6703ba403') in 0.0104562 seconds
Number of updated asset objects reloaded before import = 0Number of asset objects unloaded after import = 0

========================================================================
Received Import Request.
  Time since last request: 0.000027 seconds.
  path: Packages/com.unity.test-framework/UnityEditor.TestRunner/TestRun/Data
  artifactKey: Guid(4926c06156894939ba0a2680f1b0aa7a) Importer(2089858483,b0f066a214c2f5e87bad3c948f4d605d)
Start importing Packages/com.unity.test-framework/UnityEditor.TestRunner/TestRun/Data using Guid(4926c06156894939ba0a2680f1b0aa7a) Importer(2089858483,b0f066a214c2f5e87bad3c948f4d605d) (ScriptedImporter) -> (artifact id: '4171c79356018fdab688ad53fd953189') in 0.0092929 seconds
Number of updated asset objects reloaded before import = 0Number of asset objects unloaded after import = 1

========================================================================
Received Import Request.
  Time since last request: 0.000023 seconds.
  path: Packages/com.unity.mathematics/Unity.Mathematics/half3.gen.cs
  artifactKey: Guid(d271113f4074d29479af6b04f032a53e) Importer(2089858483,b0f066a214c2f5e87bad3c948f4d605d)
Start importing Packages/com.unity.mathematics/Unity.Mathematics/half3.gen.cs using Guid(d271113f4074d29479af6b04f032a53e) Importer(2089858483,b0f066a214c2f5e87bad3c948f4d605d) (ScriptedImporter) -> (artifact id: 'a15edf94b76dc6e9556fc2cc092c9387') in 0.011593 seconds
Number of updated asset objects reloaded before import = 0Number of asset objects unloaded after import = 0

========================================================================
Received Import Request.
  Time since last request: 0.000038 seconds.
  path: Packages/com.unity.test-framework/UnityEditor.TestRunner/TestRun/Tasks/Events/CreateEventsTask.cs
  artifactKey: Guid(f2675f346a0926b4aa7928805fd8bc9c) Importer(2089858483,b0f066a214c2f5e87bad3c948f4d605d)
Start importing Packages/com.unity.test-framework/UnityEditor.TestRunner/TestRun/Tasks/Events/CreateEventsTask.cs using Guid(f2675f346a0926b4aa7928805fd8bc9c) Importer(2089858483,b0f066a214c2f5e87bad3c948f4d605d) (ScriptedImporter) -> (artifact id: '64f4393c8eb73bfed3bab533802687a6') in 0.011564 seconds
Number of updated asset objects reloaded before import = 0Number of asset objects unloaded after import = 0

========================================================================
Received Import Request.
  Time since last request: 0.000047 seconds.
  path: Packages/com.unity.transport/Runtime/PacketProcessor.cs
  artifactKey: Guid(a53c9f2089ac043f288db02ac527ae2e) Importer(2089858483,b0f066a214c2f5e87bad3c948f4d605d)
Start importing Packages/com.unity.transport/Runtime/PacketProcessor.cs using Guid(a53c9f2089ac043f288db02ac527ae2e) Importer(2089858483,b0f066a214c2f5e87bad3c948f4d605d) (ScriptedImporter) -> (artifact id: '3580a22fdf1a55b8fd5bfdc8c6dd905f') in 0.011745 seconds
Number of updated asset objects reloaded before import = 0Number of asset objects unloaded after import = 0

========================================================================
Received Import Request.
  Time since last request: 0.000022 seconds.
  path: Packages/com.unity.test-framework.performance/Runtime/Data/Editor.cs
  artifactKey: Guid(634ca08416be7e446b17074b7a8d85ef) Importer(2089858483,b0f066a214c2f5e87bad3c948f4d605d)
Start importing Packages/com.unity.test-framework.performance/Runtime/Data/Editor.cs using Guid(634ca08416be7e446b17074b7a8d85ef) Importer(2089858483,b0f066a214c2f5e87bad3c948f4d605d) (ScriptedImporter) -> (artifact id: '0ce09ca1d7e79421634537377abd4026') in 0.0101068 seconds
Number of updated asset objects reloaded before import = 0Number of asset objects unloaded after import = 0

========================================================================
Received Import Request.
  Time since last request: 0.000044 seconds.
  path: Packages/com.unity.netcode.gameobjects/Editor/Configuration/NetcodeForGameObjectsSettings.cs
  artifactKey: Guid(2f9c9b10bc41a0e46ab71324dd0ac6e1) Importer(2089858483,b0f066a214c2f5e87bad3c948f4d605d)
Start importing Packages/com.unity.netcode.gameobjects/Editor/Configuration/NetcodeForGameObjectsSettings.cs using Guid(2f9c9b10bc41a0e46ab71324dd0ac6e1) Importer(2089858483,b0f066a214c2f5e87bad3c948f4d605d) (ScriptedImporter) -> (artifact id: '02c229825fafc0a31775fb55c4986542') in 0.0110533 seconds
Number of updated asset objects reloaded before import = 0Number of asset objects unloaded after import = 0

========================================================================
Received Import Request.
  Time since last request: 0.000019 seconds.
  path: Packages/com.unity.netcode.gameobjects/Tests/Editor/Serialization/BaseFastBufferReaderWriterTest.cs
  artifactKey: Guid(573b1f36caed496a9c6e0eaa788d0c29) Importer(2089858483,b0f066a214c2f5e87bad3c948f4d605d)
Start importing Packages/com.unity.netcode.gameobjects/Tests/Editor/Serialization/BaseFastBufferReaderWriterTest.cs using Guid(573b1f36caed496a9c6e0eaa788d0c29) Importer(2089858483,b0f066a214c2f5e87bad3c948f4d605d) (ScriptedImporter) -> (artifact id: '05f3d2fd0fe46fefde12fe7a3bd4cf31') in 0.0113238 seconds
Number of updated asset objects reloaded before import = 0Number of asset objects unloaded after import = 0

========================================================================
Received Import Request.
  Time since last request: 0.000036 seconds.
  path: Packages/com.unity.test-framework/UnityEditor.TestRunner/TestRunner/Messages/EnterPlayMode.cs
  artifactKey: Guid(9bd5a110ed89025499ddee8c7e73778e) Importer(2089858483,b0f066a214c2f5e87bad3c948f4d605d)
Start importing Packages/com.unity.test-framework/UnityEditor.TestRunner/TestRunner/Messages/EnterPlayMode.cs using Guid(9bd5a110ed89025499ddee8c7e73778e) Importer(2089858483,b0f066a214c2f5e87bad3c948f4d605d) (ScriptedImporter) -> (artifact id: '8bad194b60117c4a3c96a84a625d3f21') in 0.0134083 seconds
Number of updated asset objects reloaded before import = 0Number of asset objects unloaded after import = 0

========================================================================
Received Import Request.
  Time since last request: 0.000039 seconds.
  path: Packages/com.unity.netcode.gameobjects/Tests/Runtime/Timing/TimeInitializationTest.cs
  artifactKey: Guid(8d1a3e8bb2e1d204abc82173fddc8977) Importer(2089858483,b0f066a214c2f5e87bad3c948f4d605d)
Start importing Packages/com.unity.netcode.gameobjects/Tests/Runtime/Timing/TimeInitializationTest.cs using Guid(8d1a3e8bb2e1d204abc82173fddc8977) Importer(2089858483,b0f066a214c2f5e87bad3c948f4d605d) (ScriptedImporter) -> (artifact id: '821ed833c84b2bb18ea6e81c62590cb5') in 0.0126954 seconds
Number of updated asset objects reloaded before import = 0Number of asset objects unloaded after import = 0

========================================================================
Received Import Request.
  Time since last request: 0.000061 seconds.
  path: Packages/com.unity.test-framework/UnityEngine.TestRunner/TestRunner/TestListenerWrapper.cs
  artifactKey: Guid(73deb9b8722aa284eab27c4dc90956c6) Importer(2089858483,b0f066a214c2f5e87bad3c948f4d605d)
Start importing Packages/com.unity.test-framework/UnityEngine.TestRunner/TestRunner/TestListenerWrapper.cs using Guid(73deb9b8722aa284eab27c4dc90956c6) Importer(2089858483,b0f066a214c2f5e87bad3c948f4d605d) (ScriptedImporter) -> (artifact id: '5cdd3007035c0a2ff5209149e3a97c4e') in 0.0116385 seconds
Number of updated asset objects reloaded before import = 0Number of asset objects unloaded after import = 0

========================================================================
Received Import Request.
  Time since last request: 0.000027 seconds.
  path: Packages/com.unity.collections/Unity.Collections.Tests/NativeTextTests.cs
  artifactKey: Guid(0b998d1d480ff8743817da102884ab16) Importer(2089858483,b0f066a214c2f5e87bad3c948f4d605d)
Start importing Packages/com.unity.collections/Unity.Collections.Tests/NativeTextTests.cs using Guid(0b998d1d480ff8743817da102884ab16) Importer(2089858483,b0f066a214c2f5e87bad3c948f4d605d) (ScriptedImporter) -> (artifact id: 'f39972c26a3f346c5bd2f303015e1bc7') in 0.0113902 seconds
Number of updated asset objects reloaded before import = 0Number of asset objects unloaded after import = 0

========================================================================
Received Import Request.
  Time since last request: 0.000027 seconds.
  path: Packages/com.unity.burst/Editor/BurstDisassembler.Core.LLVMIR.info.cs
  artifactKey: Guid(12c2df7ecc513a518cf19ae97d4c7ede) Importer(2089858483,b0f066a214c2f5e87bad3c948f4d605d)
Start importing Packages/com.unity.burst/Editor/BurstDisassembler.Core.LLVMIR.info.cs using Guid(12c2df7ecc513a518cf19ae97d4c7ede) Importer(2089858483,b0f066a214c2f5e87bad3c948f4d605d) (ScriptedImporter) -> (artifact id: '822ad93878a02f617d6819b28ff80656') in 0.0110155 seconds
Number of updated asset objects reloaded before import = 0Number of asset objects unloaded after import = 0

========================================================================
Received Import Request.
  Time since last request: 0.000042 seconds.
  path: Packages/com.unity.transport/Runtime/ConnectionDataMap.cs
  artifactKey: Guid(97157538566e246249957e4faa9d1774) Importer(2089858483,b0f066a214c2f5e87bad3c948f4d605d)
Start importing Packages/com.unity.transport/Runtime/ConnectionDataMap.cs using Guid(97157538566e246249957e4faa9d1774) Importer(2089858483,b0f066a214c2f5e87bad3c948f4d605d) (ScriptedImporter) -> (artifact id: '9e51327a36082995744edd5921ca08f3') in 0.0126473 seconds
Number of updated asset objects reloaded before import = 0Number of asset objects unloaded after import = 0

========================================================================
Received Import Request.
  Time since last request: 0.000026 seconds.
  path: Packages/com.unity.test-framework/Tests/TestNewCustomAssembly/TestNewCustomAssembly.asmdef
  artifactKey: Guid(005d90528beb64e71b011a6207806ed5) Importer(2089858483,b0f066a214c2f5e87bad3c948f4d605d)
Start importing Packages/com.unity.test-framework/Tests/TestNewCustomAssembly/TestNewCustomAssembly.asmdef using Guid(005d90528beb64e71b011a6207806ed5) Importer(2089858483,b0f066a214c2f5e87bad3c948f4d605d) (ScriptedImporter) -> (artifact id: '0030522f9f3b1f75f794f8ac7937166a') in 0.0158685 seconds
Number of updated asset objects reloaded before import = 0Number of asset objects unloaded after import = 1

========================================================================
Received Import Request.
  Time since last request: 0.000057 seconds.
  path: Packages/com.unity.transport/Runtime/WebSocket/WebSocketParameters.cs
  artifactKey: Guid(3294223f5fdee0e49be0e24685bc567b) Importer(2089858483,b0f066a214c2f5e87bad3c948f4d605d)
Start importing Packages/com.unity.transport/Runtime/WebSocket/WebSocketParameters.cs using Guid(3294223f5fdee0e49be0e24685bc567b) Importer(2089858483,b0f066a214c2f5e87bad3c948f4d605d) (ScriptedImporter) -> (artifact id: 'beaf0a823c53a5ab801722a59386c1fb') in 0.0138009 seconds
Number of updated asset objects reloaded before import = 0Number of asset objects unloaded after import = 0

========================================================================
Received Import Request.
  Time since last request: 0.000026 seconds.
  path: Packages/com.unity.netcode.gameobjects/Runtime/Logging/LogContext/GenericContext.cs
  artifactKey: Guid(3ed903e3a2894bf1980e589f98e16be9) Importer(2089858483,b0f066a214c2f5e87bad3c948f4d605d)
Start importing Packages/com.unity.netcode.gameobjects/Runtime/Logging/LogContext/GenericContext.cs using Guid(3ed903e3a2894bf1980e589f98e16be9) Importer(2089858483,b0f066a214c2f5e87bad3c948f4d605d) (ScriptedImporter) -> (artifact id: 'cde8002591cb20db0893fc454da4c6a0') in 0.0134084 seconds
Number of updated asset objects reloaded before import = 0Number of asset objects unloaded after import = 0

========================================================================
Received Import Request.
  Time since last request: 0.000033 seconds.
  path: Packages/com.unity.collections/Unity.Collections.Tests/AllocatorRewindableTests.cs
  artifactKey: Guid(2875d3f6474aaee46b2421966a741a1d) Importer(2089858483,b0f066a214c2f5e87bad3c948f4d605d)
Start importing Packages/com.unity.collections/Unity.Collections.Tests/AllocatorRewindableTests.cs using Guid(2875d3f6474aaee46b2421966a741a1d) Importer(2089858483,b0f066a214c2f5e87bad3c948f4d605d) (ScriptedImporter) -> (artifact id: '62107c27c0db8a06086325af948c899f') in 0.01237 seconds
Number of updated asset objects reloaded before import = 0Number of asset objects unloaded after import = 0

========================================================================
Received Import Request.
  Time since last request: 0.000065 seconds.
  path: Packages/com.unity.mathematics/package.json
  artifactKey: Guid(d34d0af25c21141a98c0cf3c0066444f) Importer(2089858483,b0f066a214c2f5e87bad3c948f4d605d)
Start importing Packages/com.unity.mathematics/package.json using Guid(d34d0af25c21141a98c0cf3c0066444f) Importer(2089858483,b0f066a214c2f5e87bad3c948f4d605d) (ScriptedImporter) -> (artifact id: 'b0f35fcda338aeb8c8768f4153e87812') in 0.0135607 seconds
Number of updated asset objects reloaded before import = 0Number of asset objects unloaded after import = 1

========================================================================
Received Import Request.
  Time since last request: 0.000029 seconds.
  path: Packages/com.unity.test-framework/UnityEditor.TestRunner/UnityTestProtocol/Messages/QualitySettingsMessage.cs
  artifactKey: Guid(6cf74526594248e88be90b91eb2dbe1c) Importer(2089858483,b0f066a214c2f5e87bad3c948f4d605d)
Start importing Packages/com.unity.test-framework/UnityEditor.TestRunner/UnityTestProtocol/Messages/QualitySettingsMessage.cs using Guid(6cf74526594248e88be90b91eb2dbe1c) Importer(2089858483,b0f066a214c2f5e87bad3c948f4d605d) (ScriptedImporter) -> (artifact id: 'bdb465da121da90e06f6f488d374c416') in 0.0136189 seconds
Number of updated asset objects reloaded before import = 0Number of asset objects unloaded after import = 0

========================================================================
Received Import Request.
  Time since last request: 0.000054 seconds.
  path: Packages/com.unity.burst/Editor/BurstDisassembler.Core.Wasm.cs
  artifactKey: Guid(adfb797f3dde361eb406750c9eea1f62) Importer(2089858483,b0f066a214c2f5e87bad3c948f4d605d)
Start importing Packages/com.unity.burst/Editor/BurstDisassembler.Core.Wasm.cs using Guid(adfb797f3dde361eb406750c9eea1f62) Importer(2089858483,b0f066a214c2f5e87bad3c948f4d605d) (ScriptedImporter) -> (artifact id: '3c931f8d224266c2f86c250a722a0043') in 0.0111863 seconds
Number of updated asset objects reloaded before import = 0Number of asset objects unloaded after import = 0

========================================================================
Received Import Request.
  Time since last request: 0.000024 seconds.
  path: Packages/com.unity.test-framework.performance/Runtime/Data/PerformanceTestResult.cs
  artifactKey: Guid(eee38b155cc303447b8c478d95185d54) Importer(2089858483,b0f066a214c2f5e87bad3c948f4d605d)
Start importing Packages/com.unity.test-framework.performance/Runtime/Data/PerformanceTestResult.cs using Guid(eee38b155cc303447b8c478d95185d54) Importer(2089858483,b0f066a214c2f5e87bad3c948f4d605d) (ScriptedImporter) -> (artifact id: 'd383e24bce125fa9929baec3b87d2acd') in 0.011929 seconds
Number of updated asset objects reloaded before import = 0Number of asset objects unloaded after import = 0

========================================================================
Received Import Request.
  Time since last request: 0.000064 seconds.
  path: Packages/com.unity.test-framework/UnityEditor.TestRunner/UnityTestProtocol/Data/BuildSettings.cs
  artifactKey: Guid(f699428dfee64165b017dced94d8ca70) Importer(2089858483,b0f066a214c2f5e87bad3c948f4d605d)
Start importing Packages/com.unity.test-framework/UnityEditor.TestRunner/UnityTestProtocol/Data/BuildSettings.cs using Guid(f699428dfee64165b017dced94d8ca70) Importer(2089858483,b0f066a214c2f5e87bad3c948f4d605d) (ScriptedImporter) -> (artifact id: 'c7421e05cede5ea6973315e69df24b0a') in 0.0130839 seconds
Number of updated asset objects reloaded before import = 0Number of asset objects unloaded after import = 0

========================================================================
Received Import Request.
  Time since last request: 0.000041 seconds.
  path: Packages/com.unity.mathematics/Unity.Mathematics/Noise/cellular2x2.cs
  artifactKey: Guid(fb26f7539fea841ac9538c01e2c20bc4) Importer(2089858483,b0f066a214c2f5e87bad3c948f4d605d)
Start importing Packages/com.unity.mathematics/Unity.Mathematics/Noise/cellular2x2.cs using Guid(fb26f7539fea841ac9538c01e2c20bc4) Importer(2089858483,b0f066a214c2f5e87bad3c948f4d605d) (ScriptedImporter) -> (artifact id: '0d60ac2fa65fd7be558d04de141244ed') in 0.014144 seconds
Number of updated asset objects reloaded before import = 0Number of asset objects unloaded after import = 0

========================================================================
Received Import Request.
  Time since last request: 0.000023 seconds.
  path: Packages/com.unity.netcode.gameobjects/Tests/Runtime/NetworkBehaviourUpdaterTests.cs
  artifactKey: Guid(ef76141a46cb34c44a8ca73bc15d2bd6) Importer(2089858483,b0f066a214c2f5e87bad3c948f4d605d)
Start importing Packages/com.unity.netcode.gameobjects/Tests/Runtime/NetworkBehaviourUpdaterTests.cs using Guid(ef76141a46cb34c44a8ca73bc15d2bd6) Importer(2089858483,b0f066a214c2f5e87bad3c948f4d605d) (ScriptedImporter) -> (artifact id: 'c3503ffa55e90d13b21219286abe97ae') in 0.0115862 seconds
Number of updated asset objects reloaded before import = 0Number of asset objects unloaded after import = 0

========================================================================
Received Import Request.
  Time since last request: 0.000060 seconds.
  path: Packages/com.unity.test-framework/UnityEngine.TestRunner/NUnitExtensions/Commands/RepeatCommand.cs
  artifactKey: Guid(851f94140ec64b7db846948429a87f01) Importer(2089858483,b0f066a214c2f5e87bad3c948f4d605d)
Start importing Packages/com.unity.test-framework/UnityEngine.TestRunner/NUnitExtensions/Commands/RepeatCommand.cs using Guid(851f94140ec64b7db846948429a87f01) Importer(2089858483,b0f066a214c2f5e87bad3c948f4d605d) (ScriptedImporter) -> (artifact id: 'b17f225af918811a08a45aa121e01eb8') in 0.0126506 seconds
Number of updated asset objects reloaded before import = 0Number of asset objects unloaded after import = 0

========================================================================
Received Import Request.
  Time since last request: 0.000023 seconds.
  path: Packages/com.unity.collections/Unity.Collections/UnsafeRingQueue.cs
  artifactKey: Guid(1aaf054a8897c4b4684f81b97eab06ce) Importer(2089858483,b0f066a214c2f5e87bad3c948f4d605d)
Start importing Packages/com.unity.collections/Unity.Collections/UnsafeRingQueue.cs using Guid(1aaf054a8897c4b4684f81b97eab06ce) Importer(2089858483,b0f066a214c2f5e87bad3c948f4d605d) (ScriptedImporter) -> (artifact id: 'bacd5c9daaa9b4b49e95bda01eccf27c') in 0.0145186 seconds
Number of updated asset objects reloaded before import = 0Number of asset objects unloaded after import = 0

========================================================================
Received Import Request.
  Time since last request: 0.000031 seconds.
  path: Packages/com.unity.test-framework/UnityEngine.TestRunner/Utils/QuaternionEqualityComparer.cs
  artifactKey: Guid(3b28913f21577de429da928d6d05219f) Importer(2089858483,b0f066a214c2f5e87bad3c948f4d605d)
Start importing Packages/com.unity.test-framework/UnityEngine.TestRunner/Utils/QuaternionEqualityComparer.cs using Guid(3b28913f21577de429da928d6d05219f) Importer(2089858483,b0f066a214c2f5e87bad3c948f4d605d) (ScriptedImporter) -> (artifact id: 'dd642981609ed71945045ababe339b33') in 0.0124631 seconds
Number of updated asset objects reloaded before import = 0Number of asset objects unloaded after import = 0

========================================================================
Received Import Request.
  Time since last request: 0.000054 seconds.
  path: Packages/com.unity.mathematics/Unity.Mathematics/float4.gen.cs
  artifactKey: Guid(9c9ea498ec5f4a443830f78ebf231f3e) Importer(2089858483,b0f066a214c2f5e87bad3c948f4d605d)
Start importing Packages/com.unity.mathematics/Unity.Mathematics/float4.gen.cs using Guid(9c9ea498ec5f4a443830f78ebf231f3e) Importer(2089858483,b0f066a214c2f5e87bad3c948f4d605d) (ScriptedImporter) -> (artifact id: '804b6a8f56903f437b8faf39dc0bfa3e') in 0.0137099 seconds
Number of updated asset objects reloaded before import = 0Number of asset objects unloaded after import = 0

========================================================================
Received Import Request.
  Time since last request: 0.000023 seconds.
  path: Packages/com.unity.test-framework/UnityEngine.TestRunner/Utils/Vector4ComparerWithEqualsOperator.cs
  artifactKey: Guid(44100f5f60f351348b9719b46d46cebe) Importer(2089858483,b0f066a214c2f5e87bad3c948f4d605d)
Start importing Packages/com.unity.test-framework/UnityEngine.TestRunner/Utils/Vector4ComparerWithEqualsOperator.cs using Guid(44100f5f60f351348b9719b46d46cebe) Importer(2089858483,b0f066a214c2f5e87bad3c948f4d605d) (ScriptedImporter) -> (artifact id: '0c68556fc3a745f9a3136e9a3dc4af22') in 0.01379 seconds
Number of updated asset objects reloaded before import = 0Number of asset objects unloaded after import = 0

========================================================================
Received Import Request.
  Time since last request: 0.000050 seconds.
  path: Packages/com.unity.netcode.gameobjects/Tests/Runtime/TestHelpers/NetworkVariableHelper.cs
  artifactKey: Guid(218bb185a48c6f9449e1c74f4855a774) Importer(2089858483,b0f066a214c2f5e87bad3c948f4d605d)
Start importing Packages/com.unity.netcode.gameobjects/Tests/Runtime/TestHelpers/NetworkVariableHelper.cs using Guid(218bb185a48c6f9449e1c74f4855a774) Importer(2089858483,b0f066a214c2f5e87bad3c948f4d605d) (ScriptedImporter) -> (artifact id: '5e5645173fb51d56f8b7301200785c64') in 0.013137 seconds
Number of updated asset objects reloaded before import = 0Number of asset objects unloaded after import = 0

========================================================================
Received Import Request.
  Time since last request: 0.000027 seconds.
  path: Packages/com.unity.collections/Unity.Collections.Tests/UTF8ArrayUnsafeUtilityTests.cs
  artifactKey: Guid(52cbbdc3dcf848dd9efc09bfa529fa74) Importer(2089858483,b0f066a214c2f5e87bad3c948f4d605d)
Start importing Packages/com.unity.collections/Unity.Collections.Tests/UTF8ArrayUnsafeUtilityTests.cs using Guid(52cbbdc3dcf848dd9efc09bfa529fa74) Importer(2089858483,b0f066a214c2f5e87bad3c948f4d605d) (ScriptedImporter) -> (artifact id: 'f35531bdd17d9cd54ff4797e1067b631') in 0.0161861 seconds
Number of updated asset objects reloaded before import = 0Number of asset objects unloaded after import = 0

========================================================================
Received Import Request.
  Time since last request: 0.000099 seconds.
  path: Packages/com.unity.collections/Unity.Collections.PerformanceTests
  artifactKey: Guid(4c3b5584c2c4c483b9816878d89d3793) Importer(2089858483,b0f066a214c2f5e87bad3c948f4d605d)
Start importing Packages/com.unity.collections/Unity.Collections.PerformanceTests using Guid(4c3b5584c2c4c483b9816878d89d3793) Importer(2089858483,b0f066a214c2f5e87bad3c948f4d605d) (ScriptedImporter) -> (artifact id: 'cd2a8c7ec25d7c54b47e2a970bad6fc7') in 0.0109367 seconds
Number of updated asset objects reloaded before import = 0Number of asset objects unloaded after import = 1

========================================================================
Received Import Request.
  Time since last request: 0.000036 seconds.
  path: Packages/com.unity.test-framework/UnityEngine.TestRunner/NUnitExtensions/Runner/UnityTestAssemblyRunner.cs
  artifactKey: Guid(874e40a588dbb1e48bc128d686337d4e) Importer(2089858483,b0f066a214c2f5e87bad3c948f4d605d)
Start importing Packages/com.unity.test-framework/UnityEngine.TestRunner/NUnitExtensions/Runner/UnityTestAssemblyRunner.cs using Guid(874e40a588dbb1e48bc128d686337d4e) Importer(2089858483,b0f066a214c2f5e87bad3c948f4d605d) (ScriptedImporter) -> (artifact id: '92611f8ad92e83219bddacec3953c1fa') in 0.0145506 seconds
Number of updated asset objects reloaded before import = 0Number of asset objects unloaded after import = 0

========================================================================
Received Import Request.
  Time since last request: 0.000047 seconds.
  path: Packages/com.unity.burst/Editor/LongTextArea.cs
  artifactKey: Guid(7f3eb54e86493a18ab63896161080959) Importer(2089858483,b0f066a214c2f5e87bad3c948f4d605d)
Start importing Packages/com.unity.burst/Editor/LongTextArea.cs using Guid(7f3eb54e86493a18ab63896161080959) Importer(2089858483,b0f066a214c2f5e87bad3c948f4d605d) (ScriptedImporter) -> (artifact id: '6e4246ceeb4d4716d576adc87bfb7a07') in 0.0140921 seconds
Number of updated asset objects reloaded before import = 0Number of asset objects unloaded after import = 0

========================================================================
Received Import Request.
  Time since last request: 0.000030 seconds.
  path: Packages/com.unity.mathematics/Unity.Mathematics/int2.gen.cs
  artifactKey: Guid(29938ef4dca90ce47ae640695d8b1c9f) Importer(2089858483,b0f066a214c2f5e87bad3c948f4d605d)
Start importing Packages/com.unity.mathematics/Unity.Mathematics/int2.gen.cs using Guid(29938ef4dca90ce47ae640695d8b1c9f) Importer(2089858483,b0f066a214c2f5e87bad3c948f4d605d) (ScriptedImporter) -> (artifact id: '8cde10b6e7ebcd9d0d9b8c962ab6f6c5') in 0.0125781 seconds
Number of updated asset objects reloaded before import = 0Number of asset objects unloaded after import = 0

========================================================================
Received Import Request.
  Time since last request: 0.000043 seconds.
  path: Packages/com.unity.test-framework/UnityEditor.TestRunner/Api/ITestAdaptorFactory.cs
  artifactKey: Guid(803abab0f7e17044db56f8760186dbd1) Importer(2089858483,b0f066a214c2f5e87bad3c948f4d605d)
Start importing Packages/com.unity.test-framework/UnityEditor.TestRunner/Api/ITestAdaptorFactory.cs using Guid(803abab0f7e17044db56f8760186dbd1) Importer(2089858483,b0f066a214c2f5e87bad3c948f4d605d) (ScriptedImporter) -> (artifact id: 'd5c1b79af568869fd10c115224c5f2fb') in 0.0142969 seconds
Number of updated asset objects reloaded before import = 0Number of asset objects unloaded after import = 0

========================================================================
Received Import Request.
  Time since last request: 0.000039 seconds.
  path: Packages/com.unity.collections/Unity.Collections.BurstCompatibilityGen/BurstCompatibilityTests.cs
  artifactKey: Guid(1d503f3e3b7fd2147a8ddc4135fcc0e3) Importer(2089858483,b0f066a214c2f5e87bad3c948f4d605d)
Start importing Packages/com.unity.collections/Unity.Collections.BurstCompatibilityGen/BurstCompatibilityTests.cs using Guid(1d503f3e3b7fd2147a8ddc4135fcc0e3) Importer(2089858483,b0f066a214c2f5e87bad3c948f4d605d) (ScriptedImporter) -> (artifact id: '4451d3be28bfbad401b210a710ac76fd') in 0.0360131 seconds
Number of updated asset objects reloaded before import = 0Number of asset objects unloaded after import = 0

========================================================================
Received Import Request.
  Time since last request: 0.000028 seconds.
  path: Packages/com.unity.test-framework/UnityEditor.TestRunner/CommandLineTest/TestState.cs
  artifactKey: Guid(317f06562c344e22991ba4117cf7b71c) Importer(2089858483,b0f066a214c2f5e87bad3c948f4d605d)
Start importing Packages/com.unity.test-framework/UnityEditor.TestRunner/CommandLineTest/TestState.cs using Guid(317f06562c344e22991ba4117cf7b71c) Importer(2089858483,b0f066a214c2f5e87bad3c948f4d605d) (ScriptedImporter) -> (artifact id: '9c1030cd11b09fbd7ee0613c4b900cf9') in 0.0132356 seconds
Number of updated asset objects reloaded before import = 0Number of asset objects unloaded after import = 0

========================================================================
Received Import Request.
  Time since last request: 0.000248 seconds.
  path: Packages/com.unity.collections/Unity.Collections/NativeQueue.cs
  artifactKey: Guid(2d8c01f04a0874c9384ae360c07d0098) Importer(2089858483,b0f066a214c2f5e87bad3c948f4d605d)
Start importing Packages/com.unity.collections/Unity.Collections/NativeQueue.cs using Guid(2d8c01f04a0874c9384ae360c07d0098) Importer(2089858483,b0f066a214c2f5e87bad3c948f4d605d) (ScriptedImporter) -> (artifact id: '666967ecbd63ad199d96fce2bb16d915') in 0.011688 seconds
Number of updated asset objects reloaded before import = 0Number of asset objects unloaded after import = 0

========================================================================
Received Import Request.
  Time since last request: 0.000031 seconds.
  path: Packages/com.unity.burst/Unity.Burst.CodeGen/GenericContext.cs
  artifactKey: Guid(35f3382bcc423b60acc9af62d10d008b) Importer(2089858483,b0f066a214c2f5e87bad3c948f4d605d)
Start importing Packages/com.unity.burst/Unity.Burst.CodeGen/GenericContext.cs using Guid(35f3382bcc423b60acc9af62d10d008b) Importer(2089858483,b0f066a214c2f5e87bad3c948f4d605d) (ScriptedImporter) -> (artifact id: '15973748f77541f6268278e9129f4f4c') in 0.017014 seconds
Number of updated asset objects reloaded before import = 0Number of asset objects unloaded after import = 0

========================================================================
Received Import Request.
  Time since last request: 0.000038 seconds.
  path: Packages/com.unity.test-framework/UnityEngine.TestRunner/Utils/IOuterUnityTestAction.cs
  artifactKey: Guid(b9c2a6302985d3846b7b9f6fd9e2da9a) Importer(2089858483,b0f066a214c2f5e87bad3c948f4d605d)
Start importing Packages/com.unity.test-framework/UnityEngine.TestRunner/Utils/IOuterUnityTestAction.cs using Guid(b9c2a6302985d3846b7b9f6fd9e2da9a) Importer(2089858483,b0f066a214c2f5e87bad3c948f4d605d) (ScriptedImporter) -> (artifact id: '55ff6110a9cf3340ad0c3442a4dd56a1') in 0.0142946 seconds
Number of updated asset objects reloaded before import = 0Number of asset objects unloaded after import = 0

========================================================================
Received Import Request.
  Time since last request: 0.000050 seconds.
  path: Packages/com.unity.test-framework/UnityEditor.TestRunner/TestRunner/Utils/IEditorLoadedTestAssemblyProvider.cs
  artifactKey: Guid(936b6288befc460409cfdff3ac92fc95) Importer(2089858483,b0f066a214c2f5e87bad3c948f4d605d)
Start importing Packages/com.unity.test-framework/UnityEditor.TestRunner/TestRunner/Utils/IEditorLoadedTestAssemblyProvider.cs using Guid(936b6288befc460409cfdff3ac92fc95) Importer(2089858483,b0f066a214c2f5e87bad3c948f4d605d) (ScriptedImporter) -> (artifact id: 'f320cb2ac74699478ca6c9896cd12903') in 0.0131114 seconds
Number of updated asset objects reloaded before import = 0Number of asset objects unloaded after import = 0

========================================================================
Received Import Request.
  Time since last request: 0.000052 seconds.
  path: Packages/com.unity.netcode.gameobjects/Runtime/Core/ComponentFactory.cs
  artifactKey: Guid(fda4c0eb89644fcea5416bbf98ea0ba0) Importer(2089858483,b0f066a214c2f5e87bad3c948f4d605d)
Start importing Packages/com.unity.netcode.gameobjects/Runtime/Core/ComponentFactory.cs using Guid(fda4c0eb89644fcea5416bbf98ea0ba0) Importer(2089858483,b0f066a214c2f5e87bad3c948f4d605d) (ScriptedImporter) -> (artifact id: '1889fb6b32c209daf397bd4ea3fc5251') in 0.0131077 seconds
Number of updated asset objects reloaded before import = 0Number of asset objects unloaded after import = 0

========================================================================
Received Import Request.
  Time since last request: 0.000024 seconds.
  path: Packages/com.unity.test-framework/UnityEditor.TestRunner/TestRun/Tasks/PlayModeRunTask.cs
  artifactKey: Guid(4769fe1e7475c8843b092338acbcad25) Importer(2089858483,b0f066a214c2f5e87bad3c948f4d605d)
Start importing Packages/com.unity.test-framework/UnityEditor.TestRunner/TestRun/Tasks/PlayModeRunTask.cs using Guid(4769fe1e7475c8843b092338acbcad25) Importer(2089858483,b0f066a214c2f5e87bad3c948f4d605d) (ScriptedImporter) -> (artifact id: '53b7f5aa50f7c45c9d8f87be7435dd42') in 0.0156075 seconds
Number of updated asset objects reloaded before import = 0Number of asset objects unloaded after import = 0

========================================================================
Received Import Request.
  Time since last request: 0.000022 seconds.
  path: Packages/com.unity.burst/Unity.Burst.CodeGen/BurstILPostProcessor.cs
  artifactKey: Guid(ddf71e25119f3861b687943b050c9971) Importer(2089858483,b0f066a214c2f5e87bad3c948f4d605d)
Start importing Packages/com.unity.burst/Unity.Burst.CodeGen/BurstILPostProcessor.cs using Guid(ddf71e25119f3861b687943b050c9971) Importer(2089858483,b0f066a214c2f5e87bad3c948f4d605d) (ScriptedImporter) -> (artifact id: 'a13c8d9050a0097e24fc3ed39827dafe') in 0.0115716 seconds
Number of updated asset objects reloaded before import = 0Number of asset objects unloaded after import = 0

========================================================================
Received Import Request.
  Time since last request: 0.000051 seconds.
  path: Packages/com.unity.mathematics/Tests/Tests/Shared/TestUint4x4.gen.cs
  artifactKey: Guid(9c652e046dd97fc4aadae764262652ad) Importer(2089858483,b0f066a214c2f5e87bad3c948f4d605d)
Start importing Packages/com.unity.mathematics/Tests/Tests/Shared/TestUint4x4.gen.cs using Guid(9c652e046dd97fc4aadae764262652ad) Importer(2089858483,b0f066a214c2f5e87bad3c948f4d605d) (ScriptedImporter) -> (artifact id: '9d12915ea8f409e6f9fb79472e34082e') in 0.0121952 seconds
Number of updated asset objects reloaded before import = 0Number of asset objects unloaded after import = 0

========================================================================
Received Import Request.
  Time since last request: 0.000029 seconds.
  path: Packages/com.unity.collections/Unity.Collections.Editor/Unity.Collections.Editor.asmdef
  artifactKey: Guid(c668b7a00ffe56a498ddb1fc9f96f4e6) Importer(2089858483,b0f066a214c2f5e87bad3c948f4d605d)
Start importing Packages/com.unity.collections/Unity.Collections.Editor/Unity.Collections.Editor.asmdef using Guid(c668b7a00ffe56a498ddb1fc9f96f4e6) Importer(2089858483,b0f066a214c2f5e87bad3c948f4d605d) (ScriptedImporter) -> (artifact id: 'db46cc01d727284b32be5318a2039f9f') in 0.0125729 seconds
Number of updated asset objects reloaded before import = 0Number of asset objects unloaded after import = 1

========================================================================
Received Import Request.
  Time since last request: 0.000022 seconds.
  path: Packages/com.unity.netcode.gameobjects/Tests/Runtime/NetworkTransform/NetworkTransformErrorTests.cs
  artifactKey: Guid(9f0f7bfcdffd47139aae1788ee8d2063) Importer(2089858483,b0f066a214c2f5e87bad3c948f4d605d)
Start importing Packages/com.unity.netcode.gameobjects/Tests/Runtime/NetworkTransform/NetworkTransformErrorTests.cs using Guid(9f0f7bfcdffd47139aae1788ee8d2063) Importer(2089858483,b0f066a214c2f5e87bad3c948f4d605d) (ScriptedImporter) -> (artifact id: 'd1eba1a34f908aaa6b1f79b2fbd7ef18') in 0.0145759 seconds
Number of updated asset objects reloaded before import = 0Number of asset objects unloaded after import = 0

========================================================================
Received Import Request.
  Time since last request: 0.000033 seconds.
  path: Packages/com.unity.collections/Unity.Collections/AssemblyInfo.cs
  artifactKey: Guid(63bc65d8d2fe144e1b071aeb3b624536) Importer(2089858483,b0f066a214c2f5e87bad3c948f4d605d)
Start importing Packages/com.unity.collections/Unity.Collections/AssemblyInfo.cs using Guid(63bc65d8d2fe144e1b071aeb3b624536) Importer(2089858483,b0f066a214c2f5e87bad3c948f4d605d) (ScriptedImporter) -> (artifact id: 'a0b26ea974af7c67bfc4ff61d4fe0c02') in 0.0106948 seconds
Number of updated asset objects reloaded before import = 0Number of asset objects unloaded after import = 0

========================================================================
Received Import Request.
  Time since last request: 0.000034 seconds.
  path: Packages/com.unity.netcode.gameobjects/Tests/Runtime/DistributedAuthority/ExtendedNetworkShowAndHideTests.cs
  artifactKey: Guid(a6389d04d9080b24b99de7e6900a064c) Importer(2089858483,b0f066a214c2f5e87bad3c948f4d605d)
Start importing Packages/com.unity.netcode.gameobjects/Tests/Runtime/DistributedAuthority/ExtendedNetworkShowAndHideTests.cs using Guid(a6389d04d9080b24b99de7e6900a064c) Importer(2089858483,b0f066a214c2f5e87bad3c948f4d605d) (ScriptedImporter) -> (artifact id: '949c6a099a244a30332b3c11621381e4') in 0.0125961 seconds
Number of updated asset objects reloaded before import = 0Number of asset objects unloaded after import = 0

========================================================================
Received Import Request.
  Time since last request: 0.000025 seconds.
  path: Packages/com.unity.collections/Unity.Collections.PerformanceTests/Unity.PerformanceTesting.Benchmark/BenchmarkGenerator.cs
  artifactKey: Guid(d0fbdee3cefe411478fe3cd19d0b0edf) Importer(2089858483,b0f066a214c2f5e87bad3c948f4d605d)
Start importing Packages/com.unity.collections/Unity.Collections.PerformanceTests/Unity.PerformanceTesting.Benchmark/BenchmarkGenerator.cs using Guid(d0fbdee3cefe411478fe3cd19d0b0edf) Importer(2089858483,b0f066a214c2f5e87bad3c948f4d605d) (ScriptedImporter) -> (artifact id: '28428ebe553e679b7c193f5ce99638fd') in 0.0144437 seconds
Number of updated asset objects reloaded before import = 0Number of asset objects unloaded after import = 0

========================================================================
Received Import Request.
  Time since last request: 0.000020 seconds.
  path: Packages/com.unity.test-framework/UnityEditor.TestRunner/TestBuildAssemblyFilter.cs
  artifactKey: Guid(3411e19edd44cfd46b548b058c3bc36c) Importer(2089858483,b0f066a214c2f5e87bad3c948f4d605d)
Start importing Packages/com.unity.test-framework/UnityEditor.TestRunner/TestBuildAssemblyFilter.cs using Guid(3411e19edd44cfd46b548b058c3bc36c) Importer(2089858483,b0f066a214c2f5e87bad3c948f4d605d) (ScriptedImporter) -> (artifact id: 'a066571acbd7120d241f612d705991bc') in 0.0128446 seconds
Number of updated asset objects reloaded before import = 0Number of asset objects unloaded after import = 0

========================================================================
Received Import Request.
  Time since last request: 0.000040 seconds.
  path: Packages/com.unity.netcode.gameobjects/Tests/Runtime/NetworkVariable/NetworkVariablePermissionTests.cs
  artifactKey: Guid(60d49d322bef8ff4ebb8c4abf57e18e3) Importer(2089858483,b0f066a214c2f5e87bad3c948f4d605d)
Start importing Packages/com.unity.netcode.gameobjects/Tests/Runtime/NetworkVariable/NetworkVariablePermissionTests.cs using Guid(60d49d322bef8ff4ebb8c4abf57e18e3) Importer(2089858483,b0f066a214c2f5e87bad3c948f4d605d) (ScriptedImporter) -> (artifact id: '540bc98ab10a7dd704cc4255a0c77102') in 0.0139942 seconds
Number of updated asset objects reloaded before import = 0Number of asset objects unloaded after import = 0

========================================================================
Received Import Request.
  Time since last request: 0.000046 seconds.
  path: Packages/com.unity.test-framework/UnityEngine.TestRunner/TestRunner/RemoteHelpers/RemoteTestResultData.cs
  artifactKey: Guid(03e4d63665d06f04c8a6cf68133c1592) Importer(2089858483,b0f066a214c2f5e87bad3c948f4d605d)
Start importing Packages/com.unity.test-framework/UnityEngine.TestRunner/TestRunner/RemoteHelpers/RemoteTestResultData.cs using Guid(03e4d63665d06f04c8a6cf68133c1592) Importer(2089858483,b0f066a214c2f5e87bad3c948f4d605d) (ScriptedImporter) -> (artifact id: '374ba778f606613f8401c0e4eb68f052') in 0.0142467 seconds
Number of updated asset objects reloaded before import = 0Number of asset objects unloaded after import = 0

========================================================================
Received Import Request.
  Time since last request: 0.000042 seconds.
  path: Packages/com.unity.netcode.gameobjects/Tests/Runtime/TransformInterpolationTests.cs
  artifactKey: Guid(99e1c086232df436498da7c180b59898) Importer(2089858483,b0f066a214c2f5e87bad3c948f4d605d)
Start importing Packages/com.unity.netcode.gameobjects/Tests/Runtime/TransformInterpolationTests.cs using Guid(99e1c086232df436498da7c180b59898) Importer(2089858483,b0f066a214c2f5e87bad3c948f4d605d) (ScriptedImporter) -> (artifact id: '6094b7a5197eef160db62897edca2e30') in 0.0127785 seconds
Number of updated asset objects reloaded before import = 0Number of asset objects unloaded after import = 0

========================================================================
Received Import Request.
  Time since last request: 0.000154 seconds.
  path: Packages/com.unity.netcode.gameobjects/Runtime/Messaging/INetworkHooks.cs
  artifactKey: Guid(b199c5a160beabb47bd6b0e4f06cfcd2) Importer(2089858483,b0f066a214c2f5e87bad3c948f4d605d)
Start importing Packages/com.unity.netcode.gameobjects/Runtime/Messaging/INetworkHooks.cs using Guid(b199c5a160beabb47bd6b0e4f06cfcd2) Importer(2089858483,b0f066a214c2f5e87bad3c948f4d605d) (ScriptedImporter) -> (artifact id: '309da1d080382f607dd2870404fb2610') in 0.0126042 seconds
Number of updated asset objects reloaded before import = 0Number of asset objects unloaded after import = 0

========================================================================
Received Import Request.
  Time since last request: 0.000048 seconds.
  path: Packages/com.unity.test-framework/UnityEngine.TestRunner/Utils/AssemblyProvider/IScriptingRuntimeProxy.cs
  artifactKey: Guid(fe4aef60e4ace544c8430da8ef8acba2) Importer(2089858483,b0f066a214c2f5e87bad3c948f4d605d)
Start importing Packages/com.unity.test-framework/UnityEngine.TestRunner/Utils/AssemblyProvider/IScriptingRuntimeProxy.cs using Guid(fe4aef60e4ace544c8430da8ef8acba2) Importer(2089858483,b0f066a214c2f5e87bad3c948f4d605d) (ScriptedImporter) -> (artifact id: 'a7fef9daeb0749248d8bbcbe2a435c7a') in 0.0110339 seconds
Number of updated asset objects reloaded before import = 0Number of asset objects unloaded after import = 0

========================================================================
Received Import Request.
  Time since last request: 0.000044 seconds.
  path: Packages/com.unity.mathematics/Tests/Tests/Shared/TestBool4x3.gen.cs
  artifactKey: Guid(58c624ce115ab234d9a595288af4c5e0) Importer(2089858483,b0f066a214c2f5e87bad3c948f4d605d)
Start importing Packages/com.unity.mathematics/Tests/Tests/Shared/TestBool4x3.gen.cs using Guid(58c624ce115ab234d9a595288af4c5e0) Importer(2089858483,b0f066a214c2f5e87bad3c948f4d605d) (ScriptedImporter) -> (artifact id: '29e4f101d0de3d4d7b0e5bc80df749a5') in 0.0137134 seconds
Number of updated asset objects reloaded before import = 0Number of asset objects unloaded after import = 0

========================================================================
Received Import Request.
  Time since last request: 0.000033 seconds.
  path: Packages/com.unity.test-framework/UnityEditor.TestRunner/TestRun/Tasks/BuildActionTaskBase.cs
  artifactKey: Guid(c2441d353f9c42a44af6e224e4901b52) Importer(2089858483,b0f066a214c2f5e87bad3c948f4d605d)
Start importing Packages/com.unity.test-framework/UnityEditor.TestRunner/TestRun/Tasks/BuildActionTaskBase.cs using Guid(c2441d353f9c42a44af6e224e4901b52) Importer(2089858483,b0f066a214c2f5e87bad3c948f4d605d) (ScriptedImporter) -> (artifact id: '43ad816f3cea6d61bf88096824859b15') in 0.0122388 seconds
Number of updated asset objects reloaded before import = 0Number of asset objects unloaded after import = 0

========================================================================
Received Import Request.
  Time since last request: 0.000033 seconds.
  path: Packages/com.unity.test-framework/UnityEditor.TestRunner/GUI/TestListTreeView/TestListTreeViewGUI.cs
  artifactKey: Guid(52c907c81459f324497af504b84fd557) Importer(2089858483,b0f066a214c2f5e87bad3c948f4d605d)
Start importing Packages/com.unity.test-framework/UnityEditor.TestRunner/GUI/TestListTreeView/TestListTreeViewGUI.cs using Guid(52c907c81459f324497af504b84fd557) Importer(2089858483,b0f066a214c2f5e87bad3c948f4d605d) (ScriptedImporter) -> (artifact id: 'fe14e0fa961bc181b2292ea3751940cc') in 0.0155851 seconds
Number of updated asset objects reloaded before import = 0Number of asset objects unloaded after import = 0

========================================================================
Received Import Request.
  Time since last request: 0.000031 seconds.
  path: Packages/com.unity.netcode.gameobjects/Tests/Editor/Serialization/UserBitReaderAndBitWriterTests_NCCBUG175.cs
  artifactKey: Guid(adfa622d42824b70a39a30b6aa22c9c5) Importer(2089858483,b0f066a214c2f5e87bad3c948f4d605d)
Start importing Packages/com.unity.netcode.gameobjects/Tests/Editor/Serialization/UserBitReaderAndBitWriterTests_NCCBUG175.cs using Guid(adfa622d42824b70a39a30b6aa22c9c5) Importer(2089858483,b0f066a214c2f5e87bad3c948f4d605d) (ScriptedImporter) -> (artifact id: '301ce4a14f48e73be5c566bf3cec3294') in 0.0129491 seconds
Number of updated asset objects reloaded before import = 0Number of asset objects unloaded after import = 0

========================================================================
Received Import Request.
  Time since last request: 0.000067 seconds.
  path: Packages/com.unity.netcode.gameobjects/Tests/Runtime/NetworkTransform/NetworkTransformOrderOfOperations.cs
  artifactKey: Guid(a514cb0ddd8f03d4bb2473b9132f48c5) Importer(2089858483,b0f066a214c2f5e87bad3c948f4d605d)
Start importing Packages/com.unity.netcode.gameobjects/Tests/Runtime/NetworkTransform/NetworkTransformOrderOfOperations.cs using Guid(a514cb0ddd8f03d4bb2473b9132f48c5) Importer(2089858483,b0f066a214c2f5e87bad3c948f4d605d) (ScriptedImporter) -> (artifact id: '34fd3b4bacd055055d8fc3a24b524652') in 0.0123908 seconds
Number of updated asset objects reloaded before import = 0Number of asset objects unloaded after import = 0

========================================================================
Received Import Request.
  Time since last request: 0.000034 seconds.
  path: Packages/com.unity.test-framework/UnityEngine.TestRunner/UnityTestProtocol/TestFinishMessage.cs
  artifactKey: Guid(2cc8cb8ea0b84a54b6caf6601d63ece6) Importer(2089858483,b0f066a214c2f5e87bad3c948f4d605d)
Start importing Packages/com.unity.test-framework/UnityEngine.TestRunner/UnityTestProtocol/TestFinishMessage.cs using Guid(2cc8cb8ea0b84a54b6caf6601d63ece6) Importer(2089858483,b0f066a214c2f5e87bad3c948f4d605d) (ScriptedImporter) -> (artifact id: '963f662ee03309f66e587fa679307b50') in 0.0165413 seconds
Number of updated asset objects reloaded before import = 0Number of asset objects unloaded after import = 0

========================================================================
Received Import Request.
  Time since last request: 0.000023 seconds.
  path: Packages/com.unity.test-framework/UnityEngine.TestRunner/NUnitExtensions/Runner/FailCommand.cs
  artifactKey: Guid(68e5dc8bfd5d72647a93b7f2e1da831a) Importer(2089858483,b0f066a214c2f5e87bad3c948f4d605d)
Start importing Packages/com.unity.test-framework/UnityEngine.TestRunner/NUnitExtensions/Runner/FailCommand.cs using Guid(68e5dc8bfd5d72647a93b7f2e1da831a) Importer(2089858483,b0f066a214c2f5e87bad3c948f4d605d) (ScriptedImporter) -> (artifact id: 'a959449074315f385955603340d2aca2') in 0.0130273 seconds
Number of updated asset objects reloaded before import = 0Number of asset objects unloaded after import = 0

========================================================================
Received Import Request.
  Time since last request: 0.000034 seconds.
  path: Packages/com.unity.test-framework/UnityEditor.TestRunner/TestRun/Tasks/PrebuildSetupTask.cs
  artifactKey: Guid(fc039194235714f48a39bd364885e744) Importer(2089858483,b0f066a214c2f5e87bad3c948f4d605d)
Start importing Packages/com.unity.test-framework/UnityEditor.TestRunner/TestRun/Tasks/PrebuildSetupTask.cs using Guid(fc039194235714f48a39bd364885e744) Importer(2089858483,b0f066a214c2f5e87bad3c948f4d605d) (ScriptedImporter) -> (artifact id: 'c0bafb771625aa37d6418064b5bcd174') in 0.0128583 seconds
Number of updated asset objects reloaded before import = 0Number of asset objects unloaded after import = 0

========================================================================
Received Import Request.
  Time since last request: 0.000058 seconds.
  path: Packages/com.unity.test-framework/UnityEditor.TestRunner/UnityTestProtocol/Data
  artifactKey: Guid(3610673068254436ac90019f46e09f01) Importer(2089858483,b0f066a214c2f5e87bad3c948f4d605d)
Start importing Packages/com.unity.test-framework/UnityEditor.TestRunner/UnityTestProtocol/Data using Guid(3610673068254436ac90019f46e09f01) Importer(2089858483,b0f066a214c2f5e87bad3c948f4d605d) (ScriptedImporter) -> (artifact id: '89ba96625680327fa5b7052075d44c2d') in 0.0128239 seconds
Number of updated asset objects reloaded before import = 0Number of asset objects unloaded after import = 1

========================================================================
Received Import Request.
  Time since last request: 0.000053 seconds.
  path: Packages/com.unity.netcode.gameobjects/Tests/Runtime/NetworkVariable/NetworkListTests.cs
  artifactKey: Guid(9834036b76954617b9e09312903b2754) Importer(2089858483,b0f066a214c2f5e87bad3c948f4d605d)
Start importing Packages/com.unity.netcode.gameobjects/Tests/Runtime/NetworkVariable/NetworkListTests.cs using Guid(9834036b76954617b9e09312903b2754) Importer(2089858483,b0f066a214c2f5e87bad3c948f4d605d) (ScriptedImporter) -> (artifact id: '18b4c4a93be5bf1180f0ec57a574e7c7') in 0.0137374 seconds
Number of updated asset objects reloaded before import = 0Number of asset objects unloaded after import = 0

========================================================================
Received Import Request.
  Time since last request: 0.000030 seconds.
  path: Packages/com.unity.test-framework.performance/Editor/TestReportGraph/TestListTable.cs
  artifactKey: Guid(242480b4ab9580c44b35d75dfa073192) Importer(2089858483,b0f066a214c2f5e87bad3c948f4d605d)
Start importing Packages/com.unity.test-framework.performance/Editor/TestReportGraph/TestListTable.cs using Guid(242480b4ab9580c44b35d75dfa073192) Importer(2089858483,b0f066a214c2f5e87bad3c948f4d605d) (ScriptedImporter) -> (artifact id: '6e65a97665cba144d82c6e91599beeac') in 0.015247 seconds
Number of updated asset objects reloaded before import = 0Number of asset objects unloaded after import = 0

========================================================================
Received Import Request.
  Time since last request: 0.000020 seconds.
  path: Packages/com.unity.collections/Unity.Collections.Tests/BitFieldTests.cs
  artifactKey: Guid(e4ba623f239d54340a5b682234f32027) Importer(2089858483,b0f066a214c2f5e87bad3c948f4d605d)
Start importing Packages/com.unity.collections/Unity.Collections.Tests/BitFieldTests.cs using Guid(e4ba623f239d54340a5b682234f32027) Importer(2089858483,b0f066a214c2f5e87bad3c948f4d605d) (ScriptedImporter) -> (artifact id: 'b9ce2b95b4882d1b849b65fc874d5bdb') in 0.0125885 seconds
Number of updated asset objects reloaded before import = 0Number of asset objects unloaded after import = 0

========================================================================
Received Import Request.
  Time since last request: 0.000041 seconds.
  path: Packages/com.unity.test-framework
  artifactKey: Guid(33265d99cc03f644590814fd7c9d9012) Importer(2089858483,b0f066a214c2f5e87bad3c948f4d605d)
Start importing Packages/com.unity.test-framework using Guid(33265d99cc03f644590814fd7c9d9012) Importer(2089858483,b0f066a214c2f5e87bad3c948f4d605d) (ScriptedImporter) -> (artifact id: '4f54291cee136359c06ec0e7f970fcdc') in 0.0128644 seconds
Number of updated asset objects reloaded before import = 0Number of asset objects unloaded after import = 1

========================================================================
Received Import Request.
  Time since last request: 0.000025 seconds.
  path: Packages/com.unity.collections/Unity.Collections/NativeStream.cs
  artifactKey: Guid(64aa0d92f72fa4af49049126211731d0) Importer(2089858483,b0f066a214c2f5e87bad3c948f4d605d)
Start importing Packages/com.unity.collections/Unity.Collections/NativeStream.cs using Guid(64aa0d92f72fa4af49049126211731d0) Importer(2089858483,b0f066a214c2f5e87bad3c948f4d605d) (ScriptedImporter) -> (artifact id: '10aace89fda0371428a5865a70887455') in 0.0156883 seconds
Number of updated asset objects reloaded before import = 0Number of asset objects unloaded after import = 0

========================================================================
Received Import Request.
  Time since last request: 0.000041 seconds.
  path: Packages/com.unity.mathematics/Tests/Tests/Shared/TestInt3x4.gen.cs
  artifactKey: Guid(f6cb6aa9b75ca25439dd64f10fe7d737) Importer(2089858483,b0f066a214c2f5e87bad3c948f4d605d)
Start importing Packages/com.unity.mathematics/Tests/Tests/Shared/TestInt3x4.gen.cs using Guid(f6cb6aa9b75ca25439dd64f10fe7d737) Importer(2089858483,b0f066a214c2f5e87bad3c948f4d605d) (ScriptedImporter) -> (artifact id: '7512643a6222914196a97e9fa65f4606') in 0.0118832 seconds
Number of updated asset objects reloaded before import = 0Number of asset objects unloaded after import = 0

========================================================================
Received Import Request.
  Time since last request: 0.000025 seconds.
  path: Packages/com.unity.netcode.gameobjects/Runtime/NetworkVariable/Serialization/CollectionSerializationUtility.cs
  artifactKey: Guid(c822ece4e24f4676861e07288a7f8526) Importer(2089858483,b0f066a214c2f5e87bad3c948f4d605d)
Start importing Packages/com.unity.netcode.gameobjects/Runtime/NetworkVariable/Serialization/CollectionSerializationUtility.cs using Guid(c822ece4e24f4676861e07288a7f8526) Importer(2089858483,b0f066a214c2f5e87bad3c948f4d605d) (ScriptedImporter) -> (artifact id: 'e1ca05bbd7fa7e8967216d441f220205') in 0.0135253 seconds
Number of updated asset objects reloaded before import = 0Number of asset objects unloaded after import = 0

========================================================================
Received Import Request.
  Time since last request: 0.000023 seconds.
  path: Packages/com.unity.burst/Editor/LabeledPopup.cs
  artifactKey: Guid(1866ac6bc48730369997713fedb42baa) Importer(2089858483,b0f066a214c2f5e87bad3c948f4d605d)
Start importing Packages/com.unity.burst/Editor/LabeledPopup.cs using Guid(1866ac6bc48730369997713fedb42baa) Importer(2089858483,b0f066a214c2f5e87bad3c948f4d605d) (ScriptedImporter) -> (artifact id: 'd3cc2eece656251103dd04e784f94963') in 0.0135114 seconds
Number of updated asset objects reloaded before import = 0Number of asset objects unloaded after import = 0

========================================================================
Received Import Request.
  Time since last request: 0.000021 seconds.
  path: Packages/com.unity.netcode.gameobjects/Tests/Runtime/NetworkVariable/OwnerPermissionTests.cs
  artifactKey: Guid(88c657dcbe9a2414ba551b60dab19acd) Importer(2089858483,b0f066a214c2f5e87bad3c948f4d605d)
Start importing Packages/com.unity.netcode.gameobjects/Tests/Runtime/NetworkVariable/OwnerPermissionTests.cs using Guid(88c657dcbe9a2414ba551b60dab19acd) Importer(2089858483,b0f066a214c2f5e87bad3c948f4d605d) (ScriptedImporter) -> (artifact id: '2b8d8337bd0ed557ac75ce8b5aecdbb3') in 0.0115848 seconds
Number of updated asset objects reloaded before import = 0Number of asset objects unloaded after import = 0

========================================================================
Received Import Request.
  Time since last request: 0.000059 seconds.
  path: Packages/com.unity.test-framework/UnityEngine.TestRunner/Assertions/OutOfOrderExpectedLogMessageException.cs
  artifactKey: Guid(2fcdb9402e0a4427bd5bd01f71ecf6d5) Importer(2089858483,b0f066a214c2f5e87bad3c948f4d605d)
Start importing Packages/com.unity.test-framework/UnityEngine.TestRunner/Assertions/OutOfOrderExpectedLogMessageException.cs using Guid(2fcdb9402e0a4427bd5bd01f71ecf6d5) Importer(2089858483,b0f066a214c2f5e87bad3c948f4d605d) (ScriptedImporter) -> (artifact id: 'e775888746d5869ccd86272801df9fc8') in 0.0131526 seconds
Number of updated asset objects reloaded before import = 0Number of asset objects unloaded after import = 0

========================================================================
Received Import Request.
  Time since last request: 0.000064 seconds.
  path: Packages/com.unity.netcode.gameobjects/Runtime/NetworkVariable/Serialization/TypedILPPInitializers.cs
  artifactKey: Guid(65bdb3e11a9a412ab5e936a9c96a3da0) Importer(2089858483,b0f066a214c2f5e87bad3c948f4d605d)
Start importing Packages/com.unity.netcode.gameobjects/Runtime/NetworkVariable/Serialization/TypedILPPInitializers.cs using Guid(65bdb3e11a9a412ab5e936a9c96a3da0) Importer(2089858483,b0f066a214c2f5e87bad3c948f4d605d) (ScriptedImporter) -> (artifact id: '329bdb1302927d4834137bd37fc7c257') in 0.01691 seconds
Number of updated asset objects reloaded before import = 0Number of asset objects unloaded after import = 0

========================================================================
Received Import Request.
  Time since last request: 0.000033 seconds.
  path: Packages/com.unity.netcode.gameobjects/Tests/Runtime/TestHelpers/NetworkManagerHelper.cs
  artifactKey: Guid(c920be150fd14ad4ca1936e1a259417c) Importer(2089858483,b0f066a214c2f5e87bad3c948f4d605d)
Start importing Packages/com.unity.netcode.gameobjects/Tests/Runtime/TestHelpers/NetworkManagerHelper.cs using Guid(c920be150fd14ad4ca1936e1a259417c) Importer(2089858483,b0f066a214c2f5e87bad3c948f4d605d) (ScriptedImporter) -> (artifact id: '437b6666bf7bad3354c3d364ec486279') in 0.0119935 seconds
Number of updated asset objects reloaded before import = 0Number of asset objects unloaded after import = 0

========================================================================
Received Import Request.
  Time since last request: 0.000045 seconds.
  path: Packages/com.unity.netcode.gameobjects/Tests/Editor/Messaging/NopMessageSender.cs
  artifactKey: Guid(817c58672ba39a74da57082ed176956e) Importer(2089858483,b0f066a214c2f5e87bad3c948f4d605d)
Start importing Packages/com.unity.netcode.gameobjects/Tests/Editor/Messaging/NopMessageSender.cs using Guid(817c58672ba39a74da57082ed176956e) Importer(2089858483,b0f066a214c2f5e87bad3c948f4d605d) (ScriptedImporter) -> (artifact id: '61d83df85487f21fec9093d392492a2f') in 0.0124768 seconds
Number of updated asset objects reloaded before import = 0Number of asset objects unloaded after import = 0

========================================================================
Received Import Request.
  Time since last request: 0.000038 seconds.
  path: Packages/com.unity.test-framework/UnityEditor.TestRunner/NUnitExtension/TestRunnerStateSerializer.cs
  artifactKey: Guid(124533853216377448d786fd7c725701) Importer(2089858483,b0f066a214c2f5e87bad3c948f4d605d)
Start importing Packages/com.unity.test-framework/UnityEditor.TestRunner/NUnitExtension/TestRunnerStateSerializer.cs using Guid(124533853216377448d786fd7c725701) Importer(2089858483,b0f066a214c2f5e87bad3c948f4d605d) (ScriptedImporter) -> (artifact id: '266ec0e31cf0562c3b05c98a17794094') in 0.0164387 seconds
Number of updated asset objects reloaded before import = 0Number of asset objects unloaded after import = 0

========================================================================
Received Import Request.
  Time since last request: 0.000024 seconds.
  path: Packages/com.unity.mathematics/Tests/Tests/Shared/TestUint3x4.gen.cs
  artifactKey: Guid(f4c3a82cd7a932a4a97b7432498a1d53) Importer(2089858483,b0f066a214c2f5e87bad3c948f4d605d)
Start importing Packages/com.unity.mathematics/Tests/Tests/Shared/TestUint3x4.gen.cs using Guid(f4c3a82cd7a932a4a97b7432498a1d53) Importer(2089858483,b0f066a214c2f5e87bad3c948f4d605d) (ScriptedImporter) -> (artifact id: '758741e6b6097b427a21ce9dc6ce0044') in 0.0111847 seconds
Number of updated asset objects reloaded before import = 0Number of asset objects unloaded after import = 0

========================================================================
Received Import Request.
  Time since last request: 0.000065 seconds.
  path: Packages/com.unity.netcode.gameobjects/Runtime/Components/Interpolator/BufferedLinearInterpolatorVector3.cs
  artifactKey: Guid(2e7fdc0f62b12c749bab58b047203e12) Importer(2089858483,b0f066a214c2f5e87bad3c948f4d605d)
Start importing Packages/com.unity.netcode.gameobjects/Runtime/Components/Interpolator/BufferedLinearInterpolatorVector3.cs using Guid(2e7fdc0f62b12c749bab58b047203e12) Importer(2089858483,b0f066a214c2f5e87bad3c948f4d605d) (ScriptedImporter) -> (artifact id: 'ef6d705b7c8d4dad83c71d9d2732c459') in 0.0120849 seconds
Number of updated asset objects reloaded before import = 0Number of asset objects unloaded after import = 0

========================================================================
Received Import Request.
  Time since last request: 0.000130 seconds.
  path: Packages/com.unity.collections/Unity.Collections/FixedList.gen.cs
  artifactKey: Guid(fb24b35aa8286aa45a866596124a241d) Importer(2089858483,b0f066a214c2f5e87bad3c948f4d605d)
Start importing Packages/com.unity.collections/Unity.Collections/FixedList.gen.cs using Guid(fb24b35aa8286aa45a866596124a241d) Importer(2089858483,b0f066a214c2f5e87bad3c948f4d605d) (ScriptedImporter) -> (artifact id: 'e83e98e6392ad72072d65461a2b41e3c') in 0.0145919 seconds
Number of updated asset objects reloaded before import = 0Number of asset objects unloaded after import = 0

========================================================================
Received Import Request.
  Time since last request: 0.000024 seconds.
  path: Packages/com.unity.netcode.gameobjects/Runtime/Messaging/RpcTargets/EveryoneRpcTarget.cs
  artifactKey: Guid(675d4a5c79fc47078092ac15d255745d) Importer(2089858483,b0f066a214c2f5e87bad3c948f4d605d)
Start importing Packages/com.unity.netcode.gameobjects/Runtime/Messaging/RpcTargets/EveryoneRpcTarget.cs using Guid(675d4a5c79fc47078092ac15d255745d) Importer(2089858483,b0f066a214c2f5e87bad3c948f4d605d) (ScriptedImporter) -> (artifact id: 'cc63c19a251e245fb8d9e6671d57f0b4') in 0.0137741 seconds
Number of updated asset objects reloaded before import = 0Number of asset objects unloaded after import = 0

========================================================================
Received Import Request.
  Time since last request: 0.000021 seconds.
  path: Packages/com.unity.netcode.gameobjects/Runtime/Messaging
  artifactKey: Guid(563c514253a555b48a68707decc5c088) Importer(2089858483,b0f066a214c2f5e87bad3c948f4d605d)
Start importing Packages/com.unity.netcode.gameobjects/Runtime/Messaging using Guid(563c514253a555b48a68707decc5c088) Importer(2089858483,b0f066a214c2f5e87bad3c948f4d605d) (ScriptedImporter) -> (artifact id: '784755656acaabdff99453912edad67f') in 0.0156133 seconds
Number of updated asset objects reloaded before import = 0Number of asset objects unloaded after import = 1

========================================================================
Received Import Request.
  Time since last request: 0.000024 seconds.
  path: Packages/com.unity.test-framework/UnityEngine.TestRunner/Utils/TestData.cs
  artifactKey: Guid(72ae18093c05147e4a680b41d4cd9e6f) Importer(2089858483,b0f066a214c2f5e87bad3c948f4d605d)
Start importing Packages/com.unity.test-framework/UnityEngine.TestRunner/Utils/TestData.cs using Guid(72ae18093c05147e4a680b41d4cd9e6f) Importer(2089858483,b0f066a214c2f5e87bad3c948f4d605d) (ScriptedImporter) -> (artifact id: '53904b84edf26a540318e7d7987f720f') in 0.012014 seconds
Number of updated asset objects reloaded before import = 0Number of asset objects unloaded after import = 0

========================================================================
Received Import Request.
  Time since last request: 0.000051 seconds.
  path: Packages/com.unity.collections/Unity.Collections/UnsafeAppendBuffer.cs
  artifactKey: Guid(469c3f7cf80934f0fb79e0ab07665b81) Importer(2089858483,b0f066a214c2f5e87bad3c948f4d605d)
Start importing Packages/com.unity.collections/Unity.Collections/UnsafeAppendBuffer.cs using Guid(469c3f7cf80934f0fb79e0ab07665b81) Importer(2089858483,b0f066a214c2f5e87bad3c948f4d605d) (ScriptedImporter) -> (artifact id: '5a06f5e58b25e9687f84dd5bb4d4c0b5') in 0.0131129 seconds
Number of updated asset objects reloaded before import = 0Number of asset objects unloaded after import = 0

========================================================================
Received Import Request.
  Time since last request: 0.000054 seconds.
  path: Packages/com.unity.netcode.gameobjects/Runtime/Messaging/GenerateSerializationForGenericParameterAttribute.cs
  artifactKey: Guid(18cdaa9c2f6446279b0c5948fcd34eec) Importer(2089858483,b0f066a214c2f5e87bad3c948f4d605d)
Start importing Packages/com.unity.netcode.gameobjects/Runtime/Messaging/GenerateSerializationForGenericParameterAttribute.cs using Guid(18cdaa9c2f6446279b0c5948fcd34eec) Importer(2089858483,b0f066a214c2f5e87bad3c948f4d605d) (ScriptedImporter) -> (artifact id: '07f161bd879fea337433a0fa588ed5e2') in 0.0137101 seconds
Number of updated asset objects reloaded before import = 0Number of asset objects unloaded after import = 0

========================================================================
Received Import Request.
  Time since last request: 0.000049 seconds.
  path: Packages/com.unity.test-framework/UnityEngine.TestRunner/Assertions
  artifactKey: Guid(1ad55f5ad04d1d045a1f287409c650dd) Importer(2089858483,b0f066a214c2f5e87bad3c948f4d605d)
Start importing Packages/com.unity.test-framework/UnityEngine.TestRunner/Assertions using Guid(1ad55f5ad04d1d045a1f287409c650dd) Importer(2089858483,b0f066a214c2f5e87bad3c948f4d605d) (ScriptedImporter) -> (artifact id: '3efbe8e33f70f02a01df537b37507387') in 0.0142902 seconds
Number of updated asset objects reloaded before import = 0Number of asset objects unloaded after import = 1

========================================================================
Received Import Request.
  Time since last request: 0.000020 seconds.
  path: Packages/com.unity.test-framework/UnityEngine.TestRunner/TestRunner/RemoteHelpers
  artifactKey: Guid(91c20d2c22b8b3a4cb6c816bd225591a) Importer(2089858483,b0f066a214c2f5e87bad3c948f4d605d)
Start importing Packages/com.unity.test-framework/UnityEngine.TestRunner/TestRunner/RemoteHelpers using Guid(91c20d2c22b8b3a4cb6c816bd225591a) Importer(2089858483,b0f066a214c2f5e87bad3c948f4d605d) (ScriptedImporter) -> (artifact id: '1e115d75f79955920d9736c7bc8aa417') in 0.0116727 seconds
Number of updated asset objects reloaded before import = 0Number of asset objects unloaded after import = 1

========================================================================
Received Import Request.
  Time since last request: 0.000154 seconds.
  path: Packages/com.unity.test-framework/UnityEditor.TestRunner/GUI/TestListTreeView/TestTreeViewItem.cs
  artifactKey: Guid(ce567ddbf30368344bc7b80e20cac36e) Importer(2089858483,b0f066a214c2f5e87bad3c948f4d605d)
Start importing Packages/com.unity.test-framework/UnityEditor.TestRunner/GUI/TestListTreeView/TestTreeViewItem.cs using Guid(ce567ddbf30368344bc7b80e20cac36e) Importer(2089858483,b0f066a214c2f5e87bad3c948f4d605d) (ScriptedImporter) -> (artifact id: '920cdc2d5c666cb5ac94cbd6a798dff9') in 0.0125557 seconds
Number of updated asset objects reloaded before import = 0Number of asset objects unloaded after import = 0

========================================================================
Received Import Request.
  Time since last request: 0.000033 seconds.
  path: Packages/com.unity.netcode.gameobjects/Runtime/Configuration/NetworkPrefab.cs
  artifactKey: Guid(10e0511afda4e7743b2cd7c9cf95e0ec) Importer(2089858483,b0f066a214c2f5e87bad3c948f4d605d)
Start importing Packages/com.unity.netcode.gameobjects/Runtime/Configuration/NetworkPrefab.cs using Guid(10e0511afda4e7743b2cd7c9cf95e0ec) Importer(2089858483,b0f066a214c2f5e87bad3c948f4d605d) (ScriptedImporter) -> (artifact id: '170c9551d7413232968ceaa0d387c086') in 0.0151207 seconds
Number of updated asset objects reloaded before import = 0Number of asset objects unloaded after import = 0

========================================================================
Received Import Request.
  Time since last request: 0.000040 seconds.
  path: Packages/com.unity.mathematics/Tests/Tests/Shared/TestDouble2x2.gen.cs
  artifactKey: Guid(eb8a44886606504469cf3329b4993591) Importer(2089858483,b0f066a214c2f5e87bad3c948f4d605d)
Start importing Packages/com.unity.mathematics/Tests/Tests/Shared/TestDouble2x2.gen.cs using Guid(eb8a44886606504469cf3329b4993591) Importer(2089858483,b0f066a214c2f5e87bad3c948f4d605d) (ScriptedImporter) -> (artifact id: '77510cf2d8be64841444078827afc3ac') in 0.011361 seconds
Number of updated asset objects reloaded before import = 0Number of asset objects unloaded after import = 0

========================================================================
Received Import Request.
  Time since last request: 0.000052 seconds.
  path: Packages/com.unity.burst/Unity.Burst.Unsafe.xml
  artifactKey: Guid(1f35a383fc36434aaf9e13a75fba3b24) Importer(2089858483,b0f066a214c2f5e87bad3c948f4d605d)
Start importing Packages/com.unity.burst/Unity.Burst.Unsafe.xml using Guid(1f35a383fc36434aaf9e13a75fba3b24) Importer(2089858483,b0f066a214c2f5e87bad3c948f4d605d) (ScriptedImporter) -> (artifact id: '59fcd4b84ccc03625bf6a637cc2bd1d2') in 0.0144523 seconds
Number of updated asset objects reloaded before import = 0Number of asset objects unloaded after import = 1

========================================================================
Received Import Request.
  Time since last request: 0.000025 seconds.
  path: Packages/com.unity.netcode.gameobjects/Tests/Editor/Build
  artifactKey: Guid(2a46bbc7e63044f498612ed996afa274) Importer(2089858483,b0f066a214c2f5e87bad3c948f4d605d)
Start importing Packages/com.unity.netcode.gameobjects/Tests/Editor/Build using Guid(2a46bbc7e63044f498612ed996afa274) Importer(2089858483,b0f066a214c2f5e87bad3c948f4d605d) (ScriptedImporter) -> (artifact id: 'e25eba1b64afd309ee2e607370581253') in 0.0123392 seconds
Number of updated asset objects reloaded before import = 0Number of asset objects unloaded after import = 1

========================================================================
Received Import Request.
  Time since last request: 0.107280 seconds.
  path: Packages/com.unity.collections/Unity.Collections/UnsafeBitArray.cs
  artifactKey: Guid(a1b7be6af453f88438d32c371f28015c) Importer(2089858483,b0f066a214c2f5e87bad3c948f4d605d)
Start importing Packages/com.unity.collections/Unity.Collections/UnsafeBitArray.cs using Guid(a1b7be6af453f88438d32c371f28015c) Importer(2089858483,b0f066a214c2f5e87bad3c948f4d605d) (ScriptedImporter) -> (artifact id: '455cf821e99df503e73221a581f0aad6') in 0.0125814 seconds
Number of updated asset objects reloaded before import = 0Number of asset objects unloaded after import = 0

========================================================================
Received Import Request.
  Time since last request: 0.000033 seconds.
  path: Packages/com.unity.ext.nunit/CHANGELOG.md
  artifactKey: Guid(f49bbe06ffa5ae24abe32abdab430c24) Importer(2089858483,b0f066a214c2f5e87bad3c948f4d605d)
Start importing Packages/com.unity.ext.nunit/CHANGELOG.md using Guid(f49bbe06ffa5ae24abe32abdab430c24) Importer(2089858483,b0f066a214c2f5e87bad3c948f4d605d) (ScriptedImporter) -> (artifact id: 'efa33368002cbd010f5ab3add001cb03') in 0.0110564 seconds
Number of updated asset objects reloaded before import = 0Number of asset objects unloaded after import = 1

========================================================================
Received Import Request.
  Time since last request: 0.000049 seconds.
  path: Packages/com.unity.collections/Unity.Collections.Tests/NativeParallelHashMapTestsFixture.cs
  artifactKey: Guid(073d9e43aff74464ab326f22b63d0dce) Importer(2089858483,b0f066a214c2f5e87bad3c948f4d605d)
Start importing Packages/com.unity.collections/Unity.Collections.Tests/NativeParallelHashMapTestsFixture.cs using Guid(073d9e43aff74464ab326f22b63d0dce) Importer(2089858483,b0f066a214c2f5e87bad3c948f4d605d) (ScriptedImporter) -> (artifact id: '1ba333e046c69f94b4de4b77e4a26492') in 0.0138238 seconds
Number of updated asset objects reloaded before import = 0Number of asset objects unloaded after import = 0

========================================================================
Received Import Request.
  Time since last request: 0.000028 seconds.
  path: Packages/com.unity.netcode.gameobjects/Tests/Editor/Timing/ServerNetworkTimeSystemTests.cs
  artifactKey: Guid(970d8f921595c7249a5ffc92fd74c7fc) Importer(2089858483,b0f066a214c2f5e87bad3c948f4d605d)
Start importing Packages/com.unity.netcode.gameobjects/Tests/Editor/Timing/ServerNetworkTimeSystemTests.cs using Guid(970d8f921595c7249a5ffc92fd74c7fc) Importer(2089858483,b0f066a214c2f5e87bad3c948f4d605d) (ScriptedImporter) -> (artifact id: '0ad482e092315c17e5d668755ee209da') in 0.0132219 seconds
Number of updated asset objects reloaded before import = 0Number of asset objects unloaded after import = 0

========================================================================
Received Import Request.
  Time since last request: 0.000073 seconds.
  path: Packages/com.unity.test-framework/UnityEditor.TestRunner/TestRunner/Callbacks/WindowResultUpdaterDataHolder.cs
  artifactKey: Guid(82075836be5e0c64bbe84e1f9436682e) Importer(2089858483,b0f066a214c2f5e87bad3c948f4d605d)
Start importing Packages/com.unity.test-framework/UnityEditor.TestRunner/TestRunner/Callbacks/WindowResultUpdaterDataHolder.cs using Guid(82075836be5e0c64bbe84e1f9436682e) Importer(2089858483,b0f066a214c2f5e87bad3c948f4d605d) (ScriptedImporter) -> (artifact id: '21ca44c74630517ed70e8a8e9edb24dd') in 0.0130643 seconds
Number of updated asset objects reloaded before import = 0Number of asset objects unloaded after import = 0

========================================================================
Received Import Request.
  Time since last request: 0.000039 seconds.
  path: Packages/com.unity.transport/Runtime/TLS
  artifactKey: Guid(8d83f1c3256b0034dac6785ecf16b8bd) Importer(2089858483,b0f066a214c2f5e87bad3c948f4d605d)
Start importing Packages/com.unity.transport/Runtime/TLS using Guid(8d83f1c3256b0034dac6785ecf16b8bd) Importer(2089858483,b0f066a214c2f5e87bad3c948f4d605d) (ScriptedImporter) -> (artifact id: 'a86745ee6b0929d9406ae18554a180a9') in 0.0145281 seconds
Number of updated asset objects reloaded before import = 0Number of asset objects unloaded after import = 1

========================================================================
Received Import Request.
  Time since last request: 0.000053 seconds.
  path: Packages/com.unity.collections/Unity.Collections.Tests/NativeBitArrayTests.cs
  artifactKey: Guid(1ddc4d01f93629947903155de21d90ff) Importer(2089858483,b0f066a214c2f5e87bad3c948f4d605d)
Start importing Packages/com.unity.collections/Unity.Collections.Tests/NativeBitArrayTests.cs using Guid(1ddc4d01f93629947903155de21d90ff) Importer(2089858483,b0f066a214c2f5e87bad3c948f4d605d) (ScriptedImporter) -> (artifact id: 'f94e2b33465ab4e10fc6f691a78ae61e') in 0.0182795 seconds
Number of updated asset objects reloaded before import = 0Number of asset objects unloaded after import = 0

========================================================================
Received Import Request.
  Time since last request: 0.000028 seconds.
  path: Packages/com.unity.collections/DocCodeSamples.Tests
  artifactKey: Guid(ed2c1c145cb193d4d8987d3886bc12b4) Importer(2089858483,b0f066a214c2f5e87bad3c948f4d605d)
Start importing Packages/com.unity.collections/DocCodeSamples.Tests using Guid(ed2c1c145cb193d4d8987d3886bc12b4) Importer(2089858483,b0f066a214c2f5e87bad3c948f4d605d) (ScriptedImporter) -> (artifact id: 'ec9ab6c99b1fd0e7d6c3bbdf6e834fcb') in 0.0117337 seconds
Number of updated asset objects reloaded before import = 0Number of asset objects unloaded after import = 1

========================================================================
Received Import Request.
  Time since last request: 0.000031 seconds.
  path: Packages/com.unity.test-framework/UnityEditor.TestRunner/TestRun/Tasks/DeleteBootstrapSceneTask.cs
  artifactKey: Guid(6465fa5b49fc4c739059189aca21f391) Importer(2089858483,b0f066a214c2f5e87bad3c948f4d605d)
Start importing Packages/com.unity.test-framework/UnityEditor.TestRunner/TestRun/Tasks/DeleteBootstrapSceneTask.cs using Guid(6465fa5b49fc4c739059189aca21f391) Importer(2089858483,b0f066a214c2f5e87bad3c948f4d605d) (ScriptedImporter) -> (artifact id: '7f780a911a816f9a7699b6d3dff51eff') in 0.0134829 seconds
Number of updated asset objects reloaded before import = 0Number of asset objects unloaded after import = 0

========================================================================
Received Import Request.
  Time since last request: 0.000077 seconds.
  path: Packages/com.unity.collections/Unity.Collections.Tests/UnsafeQueueTests.cs
  artifactKey: Guid(39650b893564f0e488e5414f92a620a0) Importer(2089858483,b0f066a214c2f5e87bad3c948f4d605d)
Start importing Packages/com.unity.collections/Unity.Collections.Tests/UnsafeQueueTests.cs using Guid(39650b893564f0e488e5414f92a620a0) Importer(2089858483,b0f066a214c2f5e87bad3c948f4d605d) (ScriptedImporter) -> (artifact id: '6f32a0a5565fad4b66d9c260031b4065') in 0.0126472 seconds
Number of updated asset objects reloaded before import = 0Number of asset objects unloaded after import = 0

========================================================================
Received Import Request.
  Time since last request: 0.000045 seconds.
  path: Packages/com.unity.burst/Runtime/Intrinsics/x86/Common.cs
  artifactKey: Guid(000378914c63384c8062cbad18605802) Importer(2089858483,b0f066a214c2f5e87bad3c948f4d605d)
Start importing Packages/com.unity.burst/Runtime/Intrinsics/x86/Common.cs using Guid(000378914c63384c8062cbad18605802) Importer(2089858483,b0f066a214c2f5e87bad3c948f4d605d) (ScriptedImporter) -> (artifact id: 'deef7d602df93b099c10cb21ffd24aa7') in 0.0143561 seconds
Number of updated asset objects reloaded before import = 0Number of asset objects unloaded after import = 0

========================================================================
Received Import Request.
  Time since last request: 0.000024 seconds.
  path: Packages/com.unity.burst/Editor/BurstInspectorGUI.cs
  artifactKey: Guid(044207dff891379ab68ba54b0d4307b2) Importer(2089858483,b0f066a214c2f5e87bad3c948f4d605d)
Start importing Packages/com.unity.burst/Editor/BurstInspectorGUI.cs using Guid(044207dff891379ab68ba54b0d4307b2) Importer(2089858483,b0f066a214c2f5e87bad3c948f4d605d) (ScriptedImporter) -> (artifact id: '53daa9c7282fab6f4015bb1319e0eb49') in 0.0117937 seconds
Number of updated asset objects reloaded before import = 0Number of asset objects unloaded after import = 0

========================================================================
Received Import Request.
  Time since last request: 0.000086 seconds.
  path: Packages/com.unity.test-framework/UnityEditor.TestRunner/TestRun/Tasks/Scene/StoreSceneSetupTask.cs
  artifactKey: Guid(5c4d36a13e7466e43940732365f53bf1) Importer(2089858483,b0f066a214c2f5e87bad3c948f4d605d)
Start importing Packages/com.unity.test-framework/UnityEditor.TestRunner/TestRun/Tasks/Scene/StoreSceneSetupTask.cs using Guid(5c4d36a13e7466e43940732365f53bf1) Importer(2089858483,b0f066a214c2f5e87bad3c948f4d605d) (ScriptedImporter) -> (artifact id: '5b91faaa15dbf0a4b5e9fb4bc6208e90') in 0.0123193 seconds
Number of updated asset objects reloaded before import = 0Number of asset objects unloaded after import = 0

========================================================================
Received Import Request.
  Time since last request: 0.000083 seconds.
  path: Packages/com.unity.netcode.gameobjects/Tests/Editor/Build/BuildTestScene.unity
  artifactKey: Guid(d45c09a54b1da466ab6c385ee45fd3e4) Importer(2089858483,b0f066a214c2f5e87bad3c948f4d605d)
Start importing Packages/com.unity.netcode.gameobjects/Tests/Editor/Build/BuildTestScene.unity using Guid(d45c09a54b1da466ab6c385ee45fd3e4) Importer(2089858483,b0f066a214c2f5e87bad3c948f4d605d) (ScriptedImporter) -> (artifact id: 'd939f43082152a17f196fe0538a3ae1c') in 0.0135365 seconds
Number of updated asset objects reloaded before import = 0Number of asset objects unloaded after import = 1

========================================================================
Received Import Request.
  Time since last request: 0.000023 seconds.
  path: Packages/com.unity.mathematics/Tests/Tests/Shared/TestFloat3x2.gen.cs
  artifactKey: Guid(5c2a01faa80e74147aeb6f5a1d9fc18d) Importer(2089858483,b0f066a214c2f5e87bad3c948f4d605d)
Start importing Packages/com.unity.mathematics/Tests/Tests/Shared/TestFloat3x2.gen.cs using Guid(5c2a01faa80e74147aeb6f5a1d9fc18d) Importer(2089858483,b0f066a214c2f5e87bad3c948f4d605d) (ScriptedImporter) -> (artifact id: '3e63ed8511360ef180a0549243d3badc') in 0.0154881 seconds
Number of updated asset objects reloaded before import = 0Number of asset objects unloaded after import = 0

========================================================================
Received Import Request.
  Time since last request: 0.000034 seconds.
  path: Packages/com.unity.test-framework/UnityEngine.TestRunner/TestRunner/PlaymodeTestsControllerSettings.cs
  artifactKey: Guid(2799eb4c84e72e54092a292cf626936b) Importer(2089858483,b0f066a214c2f5e87bad3c948f4d605d)
Start importing Packages/com.unity.test-framework/UnityEngine.TestRunner/TestRunner/PlaymodeTestsControllerSettings.cs using Guid(2799eb4c84e72e54092a292cf626936b) Importer(2089858483,b0f066a214c2f5e87bad3c948f4d605d) (ScriptedImporter) -> (artifact id: '4060349cc2c0bbcdd49c9665833f753c') in 0.0115078 seconds
Number of updated asset objects reloaded before import = 0Number of asset objects unloaded after import = 0

========================================================================
Received Import Request.
  Time since last request: 0.000047 seconds.
  path: Packages/com.unity.collections/Unity.Collections/Memory.cs
  artifactKey: Guid(babbfc241a32b8241bf31319e1447eb2) Importer(2089858483,b0f066a214c2f5e87bad3c948f4d605d)
Start importing Packages/com.unity.collections/Unity.Collections/Memory.cs using Guid(babbfc241a32b8241bf31319e1447eb2) Importer(2089858483,b0f066a214c2f5e87bad3c948f4d605d) (ScriptedImporter) -> (artifact id: '62a477c4a9f785c147b9dae09f5b586d') in 0.0124287 seconds
Number of updated asset objects reloaded before import = 0Number of asset objects unloaded after import = 0

========================================================================
Received Import Request.
  Time since last request: 0.000034 seconds.
  path: Packages/com.unity.netcode.gameobjects/Runtime/Components/NetworkAnimator.cs
  artifactKey: Guid(e8d0727d5ae3244e3b569694d3912374) Importer(2089858483,b0f066a214c2f5e87bad3c948f4d605d)
Start importing Packages/com.unity.netcode.gameobjects/Runtime/Components/NetworkAnimator.cs using Guid(e8d0727d5ae3244e3b569694d3912374) Importer(2089858483,b0f066a214c2f5e87bad3c948f4d605d) (ScriptedImporter) -> (artifact id: '90d89ffc6a83910ca1d55476f38d0a39') in 0.0142859 seconds
Number of updated asset objects reloaded before import = 0Number of asset objects unloaded after import = 0

========================================================================
Received Import Request.
  Time since last request: 0.000029 seconds.
  path: Packages/com.unity.netcode.gameobjects/Tests/Runtime/NetworkBehaviourTests.cs
  artifactKey: Guid(ed87a422d8f2451aae8cde742fd26802) Importer(2089858483,b0f066a214c2f5e87bad3c948f4d605d)
Start importing Packages/com.unity.netcode.gameobjects/Tests/Runtime/NetworkBehaviourTests.cs using Guid(ed87a422d8f2451aae8cde742fd26802) Importer(2089858483,b0f066a214c2f5e87bad3c948f4d605d) (ScriptedImporter) -> (artifact id: 'eaddad81c7c58db4512a740a2e3658b1') in 0.0127436 seconds
Number of updated asset objects reloaded before import = 0Number of asset objects unloaded after import = 0

========================================================================
Received Import Request.
  Time since last request: 0.000026 seconds.
  path: Packages/com.unity.burst/Runtime/BurstRuntime.cs
  artifactKey: Guid(26d2421d124d30c4b5dbee7057243ab2) Importer(2089858483,b0f066a214c2f5e87bad3c948f4d605d)
Start importing Packages/com.unity.burst/Runtime/BurstRuntime.cs using Guid(26d2421d124d30c4b5dbee7057243ab2) Importer(2089858483,b0f066a214c2f5e87bad3c948f4d605d) (ScriptedImporter) -> (artifact id: '2df1c9192578bd8eaba2d381a04a5d03') in 0.0138669 seconds
Number of updated asset objects reloaded before import = 0Number of asset objects unloaded after import = 0

========================================================================
Received Import Request.
  Time since last request: 0.000584 seconds.
  path: Packages/com.unity.test-framework/UnityEditor.TestRunner/TestRunner/Utils/ITestListCacheData.cs
  artifactKey: Guid(7043e9a330ac2d84a80a965ada4589ad) Importer(2089858483,b0f066a214c2f5e87bad3c948f4d605d)
Start importing Packages/com.unity.test-framework/UnityEditor.TestRunner/TestRunner/Utils/ITestListCacheData.cs using Guid(7043e9a330ac2d84a80a965ada4589ad) Importer(2089858483,b0f066a214c2f5e87bad3c948f4d605d) (ScriptedImporter) -> (artifact id: '28bcaa724fdd98d0200fcf5f17c5aa28') in 0.0140397 seconds
Number of updated asset objects reloaded before import = 0Number of asset objects unloaded after import = 0

========================================================================
Received Import Request.
  Time since last request: 0.000036 seconds.
  path: Packages/com.unity.test-framework/UnityEngine.TestRunner/NUnitExtensions/Attributes/PreservedValuesAttribute.cs
  artifactKey: Guid(528c8790cf844716aead80624be893aa) Importer(2089858483,b0f066a214c2f5e87bad3c948f4d605d)
Start importing Packages/com.unity.test-framework/UnityEngine.TestRunner/NUnitExtensions/Attributes/PreservedValuesAttribute.cs using Guid(528c8790cf844716aead80624be893aa) Importer(2089858483,b0f066a214c2f5e87bad3c948f4d605d) (ScriptedImporter) -> (artifact id: '855fbc3751005ed514291cd6d8ad9730') in 0.0133628 seconds
Number of updated asset objects reloaded before import = 0Number of asset objects unloaded after import = 0

========================================================================
Received Import Request.
  Time since last request: 0.000031 seconds.
  path: Packages/com.unity.transport/Runtime/Relay/Messages/RelayMessageRelay.cs
  artifactKey: Guid(adbe4732b74b08a4e834037ecf519e07) Importer(2089858483,b0f066a214c2f5e87bad3c948f4d605d)
Start importing Packages/com.unity.transport/Runtime/Relay/Messages/RelayMessageRelay.cs using Guid(adbe4732b74b08a4e834037ecf519e07) Importer(2089858483,b0f066a214c2f5e87bad3c948f4d605d) (ScriptedImporter) -> (artifact id: '2a52e83c08a283a4a2510c6b8f34a454') in 0.0124243 seconds
Number of updated asset objects reloaded before import = 0Number of asset objects unloaded after import = 0

========================================================================
Received Import Request.
  Time since last request: 0.000032 seconds.
  path: Packages/com.unity.netcode.gameobjects/Tests/Runtime/Prefabs
  artifactKey: Guid(83133d71f2112db45ba626157c46e7f8) Importer(2089858483,b0f066a214c2f5e87bad3c948f4d605d)
Start importing Packages/com.unity.netcode.gameobjects/Tests/Runtime/Prefabs using Guid(83133d71f2112db45ba626157c46e7f8) Importer(2089858483,b0f066a214c2f5e87bad3c948f4d605d) (ScriptedImporter) -> (artifact id: 'f0e2f8e010fc94d1b9ca2c35d2decb53') in 0.0133413 seconds
Number of updated asset objects reloaded before import = 0Number of asset objects unloaded after import = 1

========================================================================
Received Import Request.
  Time since last request: 0.000045 seconds.
  path: Packages/com.unity.test-framework/UnityEditor.TestRunner/GUI/Controls/MultiValueContentProvider.cs
  artifactKey: Guid(fb736ed47b6da4b499431bf9c6de5890) Importer(2089858483,b0f066a214c2f5e87bad3c948f4d605d)
Start importing Packages/com.unity.test-framework/UnityEditor.TestRunner/GUI/Controls/MultiValueContentProvider.cs using Guid(fb736ed47b6da4b499431bf9c6de5890) Importer(2089858483,b0f066a214c2f5e87bad3c948f4d605d) (ScriptedImporter) -> (artifact id: '57da655a77a2c95100ca15bc37a71c65') in 0.0131782 seconds
Number of updated asset objects reloaded before import = 0Number of asset objects unloaded after import = 0

========================================================================
Received Import Request.
  Time since last request: 0.000022 seconds.
  path: Packages/com.unity.collections/Unity.Collections/Jobs
  artifactKey: Guid(f778b3b3948af5542847d94f90157bd6) Importer(2089858483,b0f066a214c2f5e87bad3c948f4d605d)
Start importing Packages/com.unity.collections/Unity.Collections/Jobs using Guid(f778b3b3948af5542847d94f90157bd6) Importer(2089858483,b0f066a214c2f5e87bad3c948f4d605d) (ScriptedImporter) -> (artifact id: '53a84a4e74f62b3a7fda40507a78ed53') in 0.0118909 seconds
Number of updated asset objects reloaded before import = 0Number of asset objects unloaded after import = 1

========================================================================
Received Import Request.
  Time since last request: 0.000058 seconds.
  path: Packages/com.unity.collections/Unity.Collections.Tests/NativeContainerTests_ValidateTypes_JobDebugger.cs
  artifactKey: Guid(4af3ca04cfb2f4b2e91ba58bc5adc6af) Importer(2089858483,b0f066a214c2f5e87bad3c948f4d605d)
Start importing Packages/com.unity.collections/Unity.Collections.Tests/NativeContainerTests_ValidateTypes_JobDebugger.cs using Guid(4af3ca04cfb2f4b2e91ba58bc5adc6af) Importer(2089858483,b0f066a214c2f5e87bad3c948f4d605d) (ScriptedImporter) -> (artifact id: 'b90b2eb61c85dfb2a7b21e7045d4b507') in 0.0144712 seconds
Number of updated asset objects reloaded before import = 0Number of asset objects unloaded after import = 0

========================================================================
Received Import Request.
  Time since last request: 0.000059 seconds.
  path: Packages/com.unity.netcode.gameobjects/Runtime/Serialization/Arithmetic.cs
  artifactKey: Guid(4e08651e5a4a45549926322c8957dfaa) Importer(2089858483,b0f066a214c2f5e87bad3c948f4d605d)
Start importing Packages/com.unity.netcode.gameobjects/Runtime/Serialization/Arithmetic.cs using Guid(4e08651e5a4a45549926322c8957dfaa) Importer(2089858483,b0f066a214c2f5e87bad3c948f4d605d) (ScriptedImporter) -> (artifact id: '31f0eb51679fc0bac9e020a41112a431') in 0.0124951 seconds
Number of updated asset objects reloaded before import = 0Number of asset objects unloaded after import = 0

========================================================================
Received Import Request.
  Time since last request: 0.000079 seconds.
  path: Packages/com.unity.netcode.gameobjects/Tests/Runtime/ComponentControllerTests.cs
  artifactKey: Guid(22e1625a8e8c9a24ab0408e95a5250a9) Importer(2089858483,b0f066a214c2f5e87bad3c948f4d605d)
Start importing Packages/com.unity.netcode.gameobjects/Tests/Runtime/ComponentControllerTests.cs using Guid(22e1625a8e8c9a24ab0408e95a5250a9) Importer(2089858483,b0f066a214c2f5e87bad3c948f4d605d) (ScriptedImporter) -> (artifact id: 'ca836d08e2fc65b3c61c45773c74e73d') in 0.0122308 seconds
Number of updated asset objects reloaded before import = 0Number of asset objects unloaded after import = 0

========================================================================
Received Import Request.
  Time since last request: 0.000064 seconds.
  path: Packages/com.unity.netcode.gameobjects/Runtime/Messaging/RpcTargets/ClientsAndHostRpcTarget.cs
  artifactKey: Guid(c9f883d678ec4715b160dd9497d5f42d) Importer(2089858483,b0f066a214c2f5e87bad3c948f4d605d)
Start importing Packages/com.unity.netcode.gameobjects/Runtime/Messaging/RpcTargets/ClientsAndHostRpcTarget.cs using Guid(c9f883d678ec4715b160dd9497d5f42d) Importer(2089858483,b0f066a214c2f5e87bad3c948f4d605d) (ScriptedImporter) -> (artifact id: 'cc3ab38d2271ced6d0de6350e6c1bb81') in 0.0157095 seconds
Number of updated asset objects reloaded before import = 0Number of asset objects unloaded after import = 0

========================================================================
Received Import Request.
  Time since last request: 0.000033 seconds.
  path: Packages/com.unity.burst/Unity.Burst.CodeGen/FunctionPointerInvokeTransform.cs
  artifactKey: Guid(95e00b4ae3493f2bb9d61143777414fc) Importer(2089858483,b0f066a214c2f5e87bad3c948f4d605d)
Start importing Packages/com.unity.burst/Unity.Burst.CodeGen/FunctionPointerInvokeTransform.cs using Guid(95e00b4ae3493f2bb9d61143777414fc) Importer(2089858483,b0f066a214c2f5e87bad3c948f4d605d) (ScriptedImporter) -> (artifact id: '5c5af97f81fe99225516fa8861a490c6') in 0.0111606 seconds
Number of updated asset objects reloaded before import = 0Number of asset objects unloaded after import = 0

========================================================================
Received Import Request.
  Time since last request: 0.000051 seconds.
  path: Packages/com.unity.netcode.gameobjects/Runtime/Transports/NetworkDelivery.cs
  artifactKey: Guid(d0151d4283b329e498204f86534292ef) Importer(2089858483,b0f066a214c2f5e87bad3c948f4d605d)
Start importing Packages/com.unity.netcode.gameobjects/Runtime/Transports/NetworkDelivery.cs using Guid(d0151d4283b329e498204f86534292ef) Importer(2089858483,b0f066a214c2f5e87bad3c948f4d605d) (ScriptedImporter) -> (artifact id: '7af2b38583b31ffcd816b8497c357ccb') in 0.0135993 seconds
Number of updated asset objects reloaded before import = 0Number of asset objects unloaded after import = 0

========================================================================
Received Import Request.
  Time since last request: 0.000025 seconds.
  path: Packages/com.unity.transport/Runtime/Layers/DTLSLayer.cs
  artifactKey: Guid(456b05a6bb3a07448a11cee5179f1e59) Importer(2089858483,b0f066a214c2f5e87bad3c948f4d605d)
Start importing Packages/com.unity.transport/Runtime/Layers/DTLSLayer.cs using Guid(456b05a6bb3a07448a11cee5179f1e59) Importer(2089858483,b0f066a214c2f5e87bad3c948f4d605d) (ScriptedImporter) -> (artifact id: '67839993bb560fc4043319ade012fa13') in 0.0148901 seconds
Number of updated asset objects reloaded before import = 0Number of asset objects unloaded after import = 0

========================================================================
Received Import Request.
  Time since last request: 0.000023 seconds.
  path: Packages/com.unity.test-framework/UnityEditor.TestRunner/TestResultSerializer.cs
  artifactKey: Guid(559482fe33c79e44882d3a6cedc55fb5) Importer(2089858483,b0f066a214c2f5e87bad3c948f4d605d)
Start importing Packages/com.unity.test-framework/UnityEditor.TestRunner/TestResultSerializer.cs using Guid(559482fe33c79e44882d3a6cedc55fb5) Importer(2089858483,b0f066a214c2f5e87bad3c948f4d605d) (ScriptedImporter) -> (artifact id: '9025d4ed83f50d87e80e8a222197f921') in 0.0135662 seconds
Number of updated asset objects reloaded before import = 0Number of asset objects unloaded after import = 0

========================================================================
Received Import Request.
  Time since last request: 0.000029 seconds.
  path: Packages/com.unity.collections/Unity.Collections.Tests/NativeParallelMultiHashMapTests_JobDebugger.cs
  artifactKey: Guid(7f00410a200de4d6d865ce65201c861f) Importer(2089858483,b0f066a214c2f5e87bad3c948f4d605d)
Start importing Packages/com.unity.collections/Unity.Collections.Tests/NativeParallelMultiHashMapTests_JobDebugger.cs using Guid(7f00410a200de4d6d865ce65201c861f) Importer(2089858483,b0f066a214c2f5e87bad3c948f4d605d) (ScriptedImporter) -> (artifact id: 'c200b7f6d0bc726f257437fe9ba81e01') in 0.0135093 seconds
Number of updated asset objects reloaded before import = 0Number of asset objects unloaded after import = 0

========================================================================
Received Import Request.
  Time since last request: 0.000048 seconds.
  path: Packages/com.unity.netcode.gameobjects/Tests/Runtime/DistributedAuthority/SessionVersionConnectionRequest.cs
  artifactKey: Guid(62913c78d28137141acc47ea8f63e657) Importer(2089858483,b0f066a214c2f5e87bad3c948f4d605d)
Start importing Packages/com.unity.netcode.gameobjects/Tests/Runtime/DistributedAuthority/SessionVersionConnectionRequest.cs using Guid(62913c78d28137141acc47ea8f63e657) Importer(2089858483,b0f066a214c2f5e87bad3c948f4d605d) (ScriptedImporter) -> (artifact id: 'aed22b7c0efba4d6fafbde6ddf1b9d79') in 0.0126031 seconds
Number of updated asset objects reloaded before import = 0Number of asset objects unloaded after import = 0

========================================================================
Received Import Request.
  Time since last request: 0.000057 seconds.
  path: Packages/com.unity.transport/Runtime/INetworkLayer.cs
  artifactKey: Guid(cbcf8786802acec4297e2b42ff1805c3) Importer(2089858483,b0f066a214c2f5e87bad3c948f4d605d)
Start importing Packages/com.unity.transport/Runtime/INetworkLayer.cs using Guid(cbcf8786802acec4297e2b42ff1805c3) Importer(2089858483,b0f066a214c2f5e87bad3c948f4d605d) (ScriptedImporter) -> (artifact id: '4676b1272864c072fefa935d9f8b2375') in 0.0139313 seconds
Number of updated asset objects reloaded before import = 0Number of asset objects unloaded after import = 0

========================================================================
Received Import Request.
  Time since last request: 0.000022 seconds.
  path: Packages/com.unity.netcode.gameobjects/Tests/Runtime/TestHelpers/TimeoutHelper.cs
  artifactKey: Guid(dcb37435a7d719d4795b6916d4ad12e6) Importer(2089858483,b0f066a214c2f5e87bad3c948f4d605d)
Start importing Packages/com.unity.netcode.gameobjects/Tests/Runtime/TestHelpers/TimeoutHelper.cs using Guid(dcb37435a7d719d4795b6916d4ad12e6) Importer(2089858483,b0f066a214c2f5e87bad3c948f4d605d) (ScriptedImporter) -> (artifact id: '46af05a452a14d1683e941e414e9ba26') in 0.0131691 seconds
Number of updated asset objects reloaded before import = 0Number of asset objects unloaded after import = 0

========================================================================
Received Import Request.
  Time since last request: 0.000039 seconds.
  path: Packages/com.unity.burst/Unity.Burst.CodeGen/CecilExtensions.cs
  artifactKey: Guid(f0f1d1ee0d88384188ad6cdcffc5e9d8) Importer(2089858483,b0f066a214c2f5e87bad3c948f4d605d)
Start importing Packages/com.unity.burst/Unity.Burst.CodeGen/CecilExtensions.cs using Guid(f0f1d1ee0d88384188ad6cdcffc5e9d8) Importer(2089858483,b0f066a214c2f5e87bad3c948f4d605d) (ScriptedImporter) -> (artifact id: 'ee59341a6214b8a8f554cd507acead5e') in 0.0114961 seconds
Number of updated asset objects reloaded before import = 0Number of asset objects unloaded after import = 0

========================================================================
Received Import Request.
  Time since last request: 0.000061 seconds.
  path: Packages/com.unity.test-framework/UnityEditor.TestRunner/TestLaunchers/RuntimeTestLauncherBase.cs
  artifactKey: Guid(0efb23ecb373b6d4bbe5217485785138) Importer(2089858483,b0f066a214c2f5e87bad3c948f4d605d)
Start importing Packages/com.unity.test-framework/UnityEditor.TestRunner/TestLaunchers/RuntimeTestLauncherBase.cs using Guid(0efb23ecb373b6d4bbe5217485785138) Importer(2089858483,b0f066a214c2f5e87bad3c948f4d605d) (ScriptedImporter) -> (artifact id: 'a761f963a6cfc25b53503768099aca04') in 0.0136201 seconds
Number of updated asset objects reloaded before import = 0Number of asset objects unloaded after import = 0

========================================================================
Received Import Request.
  Time since last request: 0.000031 seconds.
  path: Packages/com.unity.test-framework/UnityEngine.TestRunner/NUnitExtensions/Commands/ParametrizedIgnoreCommand.cs
  artifactKey: Guid(74987b94d22047d8b286a727906b7019) Importer(2089858483,b0f066a214c2f5e87bad3c948f4d605d)
Start importing Packages/com.unity.test-framework/UnityEngine.TestRunner/NUnitExtensions/Commands/ParametrizedIgnoreCommand.cs using Guid(74987b94d22047d8b286a727906b7019) Importer(2089858483,b0f066a214c2f5e87bad3c948f4d605d) (ScriptedImporter) -> (artifact id: '71ccdf38bda43c97fdc3a92349aa408b') in 0.0125238 seconds
Number of updated asset objects reloaded before import = 0Number of asset objects unloaded after import = 0

========================================================================
Received Import Request.
  Time since last request: 0.000035 seconds.
  path: Packages/com.unity.test-framework/UnityEditor.TestRunner/TestLaunchers/RemotePlayerTestController.cs
  artifactKey: Guid(7d36034e63ad8254b9b2f55280fcc040) Importer(2089858483,b0f066a214c2f5e87bad3c948f4d605d)
Start importing Packages/com.unity.test-framework/UnityEditor.TestRunner/TestLaunchers/RemotePlayerTestController.cs using Guid(7d36034e63ad8254b9b2f55280fcc040) Importer(2089858483,b0f066a214c2f5e87bad3c948f4d605d) (ScriptedImporter) -> (artifact id: '0afda1ca64584209731bbbb7d9dca9e5') in 0.0142091 seconds
Number of updated asset objects reloaded before import = 0Number of asset objects unloaded after import = 0

========================================================================
Received Import Request.
  Time since last request: 0.000055 seconds.
  path: Packages/com.unity.test-framework/UnityEditor.TestRunner/TestRun/Tasks/EnterPlayModeTask.cs
  artifactKey: Guid(4b45f42910304b00a63958173ee2c76f) Importer(2089858483,b0f066a214c2f5e87bad3c948f4d605d)
Start importing Packages/com.unity.test-framework/UnityEditor.TestRunner/TestRun/Tasks/EnterPlayModeTask.cs using Guid(4b45f42910304b00a63958173ee2c76f) Importer(2089858483,b0f066a214c2f5e87bad3c948f4d605d) (ScriptedImporter) -> (artifact id: 'bbdb873fb5d3ec15d2565bfa839c6a44') in 0.0112091 seconds
Number of updated asset objects reloaded before import = 0Number of asset objects unloaded after import = 0

========================================================================
Received Import Request.
  Time since last request: 0.000033 seconds.
  path: Packages/com.unity.test-framework.performance/Runtime/PerformanceTest.cs
  artifactKey: Guid(357714a00c191294d87f51252d5f7d92) Importer(2089858483,b0f066a214c2f5e87bad3c948f4d605d)
Start importing Packages/com.unity.test-framework.performance/Runtime/PerformanceTest.cs using Guid(357714a00c191294d87f51252d5f7d92) Importer(2089858483,b0f066a214c2f5e87bad3c948f4d605d) (ScriptedImporter) -> (artifact id: '89d8ac8adcf6fc4c82d0b59e77fb9edf') in 0.0134921 seconds
Number of updated asset objects reloaded before import = 0Number of asset objects unloaded after import = 0

========================================================================
Received Import Request.
  Time since last request: 0.000027 seconds.
  path: Packages/com.unity.test-framework/UnityEditor.TestRunner/GUI/TestAssets/TestScriptAssetMenuItems.cs
  artifactKey: Guid(3c702cb84a2a4576bf275a76bc17f8e8) Importer(2089858483,b0f066a214c2f5e87bad3c948f4d605d)
Start importing Packages/com.unity.test-framework/UnityEditor.TestRunner/GUI/TestAssets/TestScriptAssetMenuItems.cs using Guid(3c702cb84a2a4576bf275a76bc17f8e8) Importer(2089858483,b0f066a214c2f5e87bad3c948f4d605d) (ScriptedImporter) -> (artifact id: 'bfd13e079799772985f3c3bde836ff52') in 0.0127774 seconds
Number of updated asset objects reloaded before import = 0Number of asset objects unloaded after import = 0

========================================================================
Received Import Request.
  Time since last request: 0.000034 seconds.
  path: Packages/com.unity.netcode.gameobjects/Runtime/Profiling
  artifactKey: Guid(0fb2af5a23f5eba4eba7151395239c81) Importer(2089858483,b0f066a214c2f5e87bad3c948f4d605d)
Start importing Packages/com.unity.netcode.gameobjects/Runtime/Profiling using Guid(0fb2af5a23f5eba4eba7151395239c81) Importer(2089858483,b0f066a214c2f5e87bad3c948f4d605d) (ScriptedImporter) -> (artifact id: '59ab9fdebee90f99e033a952abc59a02') in 0.0118325 seconds
Number of updated asset objects reloaded before import = 0Number of asset objects unloaded after import = 1

========================================================================
Received Import Request.
  Time since last request: 0.000025 seconds.
  path: Packages/com.unity.test-framework/UnityEditor.TestRunner/GUI/TestRunnerResult.cs
  artifactKey: Guid(a04a45bbed9e1714f9902fc9443669b9) Importer(2089858483,b0f066a214c2f5e87bad3c948f4d605d)
Start importing Packages/com.unity.test-framework/UnityEditor.TestRunner/GUI/TestRunnerResult.cs using Guid(a04a45bbed9e1714f9902fc9443669b9) Importer(2089858483,b0f066a214c2f5e87bad3c948f4d605d) (ScriptedImporter) -> (artifact id: '893b2a0d3f334b9cff2d4731bb5d70e5') in 0.0150641 seconds
Number of updated asset objects reloaded before import = 0Number of asset objects unloaded after import = 0

========================================================================
Received Import Request.
  Time since last request: 0.000027 seconds.
  path: Packages/com.unity.netcode.gameobjects/Tests/Runtime
  artifactKey: Guid(9d3a545f9ce7b074c95a3b1c3101dee9) Importer(2089858483,b0f066a214c2f5e87bad3c948f4d605d)
Start importing Packages/com.unity.netcode.gameobjects/Tests/Runtime using Guid(9d3a545f9ce7b074c95a3b1c3101dee9) Importer(2089858483,b0f066a214c2f5e87bad3c948f4d605d) (ScriptedImporter) -> (artifact id: 'b700e6eac5ef8d2410dbdf9815dcee7f') in 0.0119695 seconds
Number of updated asset objects reloaded before import = 0Number of asset objects unloaded after import = 1

========================================================================
Received Import Request.
  Time since last request: 0.000053 seconds.
  path: Packages/com.unity.test-framework/UnityEngine.TestRunner/NUnitExtensions/Commands/TestActionCommand.cs
  artifactKey: Guid(2de8ba3b840049641897e0da7ce1d5cd) Importer(2089858483,b0f066a214c2f5e87bad3c948f4d605d)
Start importing Packages/com.unity.test-framework/UnityEngine.TestRunner/NUnitExtensions/Commands/TestActionCommand.cs using Guid(2de8ba3b840049641897e0da7ce1d5cd) Importer(2089858483,b0f066a214c2f5e87bad3c948f4d605d) (ScriptedImporter) -> (artifact id: '5eaaa8fbc6454abcf6dd0aea6bf08a41') in 0.0146242 seconds
Number of updated asset objects reloaded before import = 0Number of asset objects unloaded after import = 0

========================================================================
Received Import Request.
  Time since last request: 0.000038 seconds.
  path: Packages/com.unity.netcode.gameobjects/Tests/Runtime/NetworkManagerSceneManagerTests.cs
  artifactKey: Guid(9753bf4088484cbebee95d917699dec6) Importer(2089858483,b0f066a214c2f5e87bad3c948f4d605d)
Start importing Packages/com.unity.netcode.gameobjects/Tests/Runtime/NetworkManagerSceneManagerTests.cs using Guid(9753bf4088484cbebee95d917699dec6) Importer(2089858483,b0f066a214c2f5e87bad3c948f4d605d) (ScriptedImporter) -> (artifact id: '924494382cc5b61750c302810e881f70') in 0.0131171 seconds
Number of updated asset objects reloaded before import = 0Number of asset objects unloaded after import = 0

========================================================================
Received Import Request.
  Time since last request: 0.000070 seconds.
  path: Packages/com.unity.test-framework/UnityEditor.TestRunner/TestRun/TaskList.cs
  artifactKey: Guid(b1516a46a16d458e8debc6b459b107ea) Importer(2089858483,b0f066a214c2f5e87bad3c948f4d605d)
Start importing Packages/com.unity.test-framework/UnityEditor.TestRunner/TestRun/TaskList.cs using Guid(b1516a46a16d458e8debc6b459b107ea) Importer(2089858483,b0f066a214c2f5e87bad3c948f4d605d) (ScriptedImporter) -> (artifact id: '845c364542ae11c2d897fb65bb910409') in 0.0116664 seconds
Number of updated asset objects reloaded before import = 0Number of asset objects unloaded after import = 0

========================================================================
Received Import Request.
  Time since last request: 0.000040 seconds.
  path: Packages/com.unity.test-framework/UnityEditor.TestRunner/TestRunner/Utils/IEditorCompilationInterfaceProxy.cs
  artifactKey: Guid(28c8fcb831e6e734a9f564bc4f495eba) Importer(2089858483,b0f066a214c2f5e87bad3c948f4d605d)
Start importing Packages/com.unity.test-framework/UnityEditor.TestRunner/TestRunner/Utils/IEditorCompilationInterfaceProxy.cs using Guid(28c8fcb831e6e734a9f564bc4f495eba) Importer(2089858483,b0f066a214c2f5e87bad3c948f4d605d) (ScriptedImporter) -> (artifact id: 'dea15781fa744eb6867425835af8150b') in 0.0145428 seconds
Number of updated asset objects reloaded before import = 0Number of asset objects unloaded after import = 0

========================================================================
Received Import Request.
  Time since last request: 0.000024 seconds.
  path: Packages/com.unity.test-framework/UnityEditor.TestRunner/CommandLineTest
  artifactKey: Guid(b477d1f29b65a674e9d5cdab4eb72b01) Importer(2089858483,b0f066a214c2f5e87bad3c948f4d605d)
Start importing Packages/com.unity.test-framework/UnityEditor.TestRunner/CommandLineTest using Guid(b477d1f29b65a674e9d5cdab4eb72b01) Importer(2089858483,b0f066a214c2f5e87bad3c948f4d605d) (ScriptedImporter) -> (artifact id: '86b6ab0bb1979c55448fb04460f3cf7a') in 0.0133014 seconds
Number of updated asset objects reloaded before import = 0Number of asset objects unloaded after import = 1

========================================================================
Received Import Request.
  Time since last request: 0.000022 seconds.
  path: Packages/com.unity.netcode.gameobjects/Runtime/Messaging/Messages/AnticipationCounterSyncPingMessage.cs
  artifactKey: Guid(b7d5c92979ad7e646a078aaf058b53a9) Importer(2089858483,b0f066a214c2f5e87bad3c948f4d605d)
Start importing Packages/com.unity.netcode.gameobjects/Runtime/Messaging/Messages/AnticipationCounterSyncPingMessage.cs using Guid(b7d5c92979ad7e646a078aaf058b53a9) Importer(2089858483,b0f066a214c2f5e87bad3c948f4d605d) (ScriptedImporter) -> (artifact id: 'e9c3778efa2d57b8a26ae31eb9480250') in 0.0124389 seconds
Number of updated asset objects reloaded before import = 0Number of asset objects unloaded after import = 0

========================================================================
Received Import Request.
  Time since last request: 0.000062 seconds.
  path: Packages/com.unity.netcode.gameobjects/Tests/Runtime/NetworkUpdateLoopTests.cs
  artifactKey: Guid(ffdb76de4852b3447b8cd673f0ca3ade) Importer(2089858483,b0f066a214c2f5e87bad3c948f4d605d)
Start importing Packages/com.unity.netcode.gameobjects/Tests/Runtime/NetworkUpdateLoopTests.cs using Guid(ffdb76de4852b3447b8cd673f0ca3ade) Importer(2089858483,b0f066a214c2f5e87bad3c948f4d605d) (ScriptedImporter) -> (artifact id: '9db1eb5e7c5eeeb80810007cc787d398') in 0.0139363 seconds
Number of updated asset objects reloaded before import = 0Number of asset objects unloaded after import = 0

========================================================================
Received Import Request.
  Time since last request: 0.000024 seconds.
  path: Packages/com.unity.netcode.gameobjects/Runtime/Serialization/FastBufferReader.cs
  artifactKey: Guid(5479786a4b1f57648a0fe56bd37a823b) Importer(2089858483,b0f066a214c2f5e87bad3c948f4d605d)
Start importing Packages/com.unity.netcode.gameobjects/Runtime/Serialization/FastBufferReader.cs using Guid(5479786a4b1f57648a0fe56bd37a823b) Importer(2089858483,b0f066a214c2f5e87bad3c948f4d605d) (ScriptedImporter) -> (artifact id: 'd8352c6dda20a55eecfc4c4e511231fc') in 0.0171875 seconds
Number of updated asset objects reloaded before import = 0Number of asset objects unloaded after import = 0

========================================================================
Received Import Request.
  Time since last request: 0.000028 seconds.
  path: Packages/com.unity.transport/Runtime/Utilities
  artifactKey: Guid(4053f9377195b4922a11e58d444b8cae) Importer(2089858483,b0f066a214c2f5e87bad3c948f4d605d)
Start importing Packages/com.unity.transport/Runtime/Utilities using Guid(4053f9377195b4922a11e58d444b8cae) Importer(2089858483,b0f066a214c2f5e87bad3c948f4d605d) (ScriptedImporter) -> (artifact id: '61bc775b333ecfa13029f71a07827b82') in 0.011038 seconds
Number of updated asset objects reloaded before import = 0Number of asset objects unloaded after import = 1

========================================================================
Received Import Request.
  Time since last request: 0.000030 seconds.
  path: Packages/com.unity.netcode.gameobjects/Runtime/Transports/UTP/NetworkMetricsContext.cs
  artifactKey: Guid(adb0270501ff1421896ce15cc75bd56a) Importer(2089858483,b0f066a214c2f5e87bad3c948f4d605d)
Start importing Packages/com.unity.netcode.gameobjects/Runtime/Transports/UTP/NetworkMetricsContext.cs using Guid(adb0270501ff1421896ce15cc75bd56a) Importer(2089858483,b0f066a214c2f5e87bad3c948f4d605d) (ScriptedImporter) -> (artifact id: 'be83ea0cd6194e8e9106850739e621f3') in 0.0126086 seconds
Number of updated asset objects reloaded before import = 0Number of asset objects unloaded after import = 0

========================================================================
Received Import Request.
  Time since last request: 0.000039 seconds.
  path: Packages/com.unity.ext.nunit/net40/unity-custom/nunit.framework.dll
  artifactKey: Guid(f1605f5534186904fa2c4c42acbfe01e) Importer(2089858483,b0f066a214c2f5e87bad3c948f4d605d)
Start importing Packages/com.unity.ext.nunit/net40/unity-custom/nunit.framework.dll using Guid(f1605f5534186904fa2c4c42acbfe01e) Importer(2089858483,b0f066a214c2f5e87bad3c948f4d605d) (ScriptedImporter) -> (artifact id: 'c9121c27f3fccfb1484b02f5bc7f934c') in 0.0324247 seconds
Number of updated asset objects reloaded before import = 0Number of asset objects unloaded after import = 0

========================================================================
Received Import Request.
  Time since last request: 0.000026 seconds.
  path: Packages/com.unity.test-framework/UnityEditor.TestRunner/UnityTestProtocol/Messages/Message.cs
  artifactKey: Guid(321dc2c0720f8dd4f9396ecdc12b8746) Importer(2089858483,b0f066a214c2f5e87bad3c948f4d605d)
Start importing Packages/com.unity.test-framework/UnityEditor.TestRunner/UnityTestProtocol/Messages/Message.cs using Guid(321dc2c0720f8dd4f9396ecdc12b8746) Importer(2089858483,b0f066a214c2f5e87bad3c948f4d605d) (ScriptedImporter) -> (artifact id: 'b69fcb61a702506857f6a82daeed2bff') in 0.0113752 seconds
Number of updated asset objects reloaded before import = 0Number of asset objects unloaded after import = 0

========================================================================
Received Import Request.
  Time since last request: 0.000050 seconds.
  path: Packages/com.unity.netcode.gameobjects/Tests/Runtime/Connection/InvalidConnectionEventsTest.cs
  artifactKey: Guid(c30dd8c697274dd195f0fa8b86a4cf9d) Importer(2089858483,b0f066a214c2f5e87bad3c948f4d605d)
Start importing Packages/com.unity.netcode.gameobjects/Tests/Runtime/Connection/InvalidConnectionEventsTest.cs using Guid(c30dd8c697274dd195f0fa8b86a4cf9d) Importer(2089858483,b0f066a214c2f5e87bad3c948f4d605d) (ScriptedImporter) -> (artifact id: 'bb3733e9b5363f2ab728ea7d0f08d7ed') in 0.0154431 seconds
Number of updated asset objects reloaded before import = 0Number of asset objects unloaded after import = 0

========================================================================
Received Import Request.
  Time since last request: 0.000028 seconds.
  path: Packages/com.unity.test-framework/UnityEngine.TestRunner/NUnitExtensions/Runner/IEnumerableTestMethodCommand.cs
  artifactKey: Guid(dbd43d8a3b8122d4e89b055f53382b11) Importer(2089858483,b0f066a214c2f5e87bad3c948f4d605d)
Start importing Packages/com.unity.test-framework/UnityEngine.TestRunner/NUnitExtensions/Runner/IEnumerableTestMethodCommand.cs using Guid(dbd43d8a3b8122d4e89b055f53382b11) Importer(2089858483,b0f066a214c2f5e87bad3c948f4d605d) (ScriptedImporter) -> (artifact id: '0c8b2a4b3e657177ed5d3c615943af50') in 0.0129614 seconds
Number of updated asset objects reloaded before import = 0Number of asset objects unloaded after import = 0

========================================================================
Received Import Request.
  Time since last request: 0.000024 seconds.
  path: Packages/com.unity.burst/Runtime/BurstCompiler.cs
  artifactKey: Guid(1ec7023d81033de6aa77e32be8ea9352) Importer(2089858483,b0f066a214c2f5e87bad3c948f4d605d)
Start importing Packages/com.unity.burst/Runtime/BurstCompiler.cs using Guid(1ec7023d81033de6aa77e32be8ea9352) Importer(2089858483,b0f066a214c2f5e87bad3c948f4d605d) (ScriptedImporter) -> (artifact id: 'c5677c7e3363c77c820fe95f17dfaac0') in 0.013032 seconds
Number of updated asset objects reloaded before import = 0Number of asset objects unloaded after import = 0

========================================================================
Received Import Request.
  Time since last request: 0.000028 seconds.
  path: Packages/com.unity.burst/Runtime/Intrinsics/v64.cs
  artifactKey: Guid(96f6238860a6336296ab17b81a3cc3a2) Importer(2089858483,b0f066a214c2f5e87bad3c948f4d605d)
Start importing Packages/com.unity.burst/Runtime/Intrinsics/v64.cs using Guid(96f6238860a6336296ab17b81a3cc3a2) Importer(2089858483,b0f066a214c2f5e87bad3c948f4d605d) (ScriptedImporter) -> (artifact id: '40c78e0675eb2e62f40578b3b1c65679') in 0.0122469 seconds
Number of updated asset objects reloaded before import = 0Number of asset objects unloaded after import = 0

========================================================================
Received Import Request.
  Time since last request: 0.000033 seconds.
  path: Packages/com.unity.transport/Runtime/Pipelines/ReliableUtility.cs
  artifactKey: Guid(d04421de89975435aa55643e2d609958) Importer(2089858483,b0f066a214c2f5e87bad3c948f4d605d)
Start importing Packages/com.unity.transport/Runtime/Pipelines/ReliableUtility.cs using Guid(d04421de89975435aa55643e2d609958) Importer(2089858483,b0f066a214c2f5e87bad3c948f4d605d) (ScriptedImporter) -> (artifact id: 'd9410297fcba676b7daa14c166de5f3c') in 0.0133562 seconds
Number of updated asset objects reloaded before import = 0Number of asset objects unloaded after import = 0

========================================================================
Received Import Request.
  Time since last request: 0.000048 seconds.
  path: Packages/com.unity.collections/Unity.Collections/NativeReference.cs
  artifactKey: Guid(ca5dd80efed23904a980e0f7fb23ed5d) Importer(2089858483,b0f066a214c2f5e87bad3c948f4d605d)
Start importing Packages/com.unity.collections/Unity.Collections/NativeReference.cs using Guid(ca5dd80efed23904a980e0f7fb23ed5d) Importer(2089858483,b0f066a214c2f5e87bad3c948f4d605d) (ScriptedImporter) -> (artifact id: '630632df3ea706e81f48f46b51249c72') in 0.0115579 seconds
Number of updated asset objects reloaded before import = 0Number of asset objects unloaded after import = 0

========================================================================
Received Import Request.
  Time since last request: 0.000032 seconds.
  path: Packages/com.unity.netcode.gameobjects/Runtime/Spawning/INetworkPrefabInstanceHandler.cs
  artifactKey: Guid(8745d8824dc248c1b8d43e0bc6fe5aba) Importer(2089858483,b0f066a214c2f5e87bad3c948f4d605d)
Start importing Packages/com.unity.netcode.gameobjects/Runtime/Spawning/INetworkPrefabInstanceHandler.cs using Guid(8745d8824dc248c1b8d43e0bc6fe5aba) Importer(2089858483,b0f066a214c2f5e87bad3c948f4d605d) (ScriptedImporter) -> (artifact id: '40284cd507d78c80e22d250af43a42ad') in 0.0130864 seconds
Number of updated asset objects reloaded before import = 0Number of asset objects unloaded after import = 0

========================================================================
Received Import Request.
  Time since last request: 0.000027 seconds.
  path: Packages/com.unity.test-framework/UnityEngine.TestRunner/UnityTestProtocol/TestState.cs
  artifactKey: Guid(c3a9378562b345c4ac08e605d35c0d93) Importer(2089858483,b0f066a214c2f5e87bad3c948f4d605d)
Start importing Packages/com.unity.test-framework/UnityEngine.TestRunner/UnityTestProtocol/TestState.cs using Guid(c3a9378562b345c4ac08e605d35c0d93) Importer(2089858483,b0f066a214c2f5e87bad3c948f4d605d) (ScriptedImporter) -> (artifact id: '420e2836b000853e7697d66b4bbf9769') in 0.0140748 seconds
Number of updated asset objects reloaded before import = 0Number of asset objects unloaded after import = 0

========================================================================
Received Import Request.
  Time since last request: 0.000038 seconds.
  path: Packages/com.unity.netcode.gameobjects/Runtime/Configuration/NetworkPrefabs.cs
  artifactKey: Guid(230fc75f5639e46dc91734aa67d56a3e) Importer(2089858483,b0f066a214c2f5e87bad3c948f4d605d)
Start importing Packages/com.unity.netcode.gameobjects/Runtime/Configuration/NetworkPrefabs.cs using Guid(230fc75f5639e46dc91734aa67d56a3e) Importer(2089858483,b0f066a214c2f5e87bad3c948f4d605d) (ScriptedImporter) -> (artifact id: '28fe4186cd257ddd38a21a1325c57349') in 0.0117872 seconds
Number of updated asset objects reloaded before import = 0Number of asset objects unloaded after import = 0

========================================================================
Received Import Request.
  Time since last request: 0.000204 seconds.
  path: Packages/com.unity.transport/Runtime/TLS/SecureParameters.cs
  artifactKey: Guid(1cf3fe1fce98b414ab5b871326aa4ca5) Importer(2089858483,b0f066a214c2f5e87bad3c948f4d605d)
Start importing Packages/com.unity.transport/Runtime/TLS/SecureParameters.cs using Guid(1cf3fe1fce98b414ab5b871326aa4ca5) Importer(2089858483,b0f066a214c2f5e87bad3c948f4d605d) (ScriptedImporter) -> (artifact id: '1d62d993c7064aada55cac7a44767e14') in 0.0129295 seconds
Number of updated asset objects reloaded before import = 0Number of asset objects unloaded after import = 0

========================================================================
Received Import Request.
  Time since last request: 0.000038 seconds.
  path: Packages/com.unity.netcode.gameobjects/Tests/Runtime/DistributedAuthority/DistributeObjectsTests.cs
  artifactKey: Guid(4a759aeb53d12d842899381b411f3d2e) Importer(2089858483,b0f066a214c2f5e87bad3c948f4d605d)
Start importing Packages/com.unity.netcode.gameobjects/Tests/Runtime/DistributedAuthority/DistributeObjectsTests.cs using Guid(4a759aeb53d12d842899381b411f3d2e) Importer(2089858483,b0f066a214c2f5e87bad3c948f4d605d) (ScriptedImporter) -> (artifact id: '2a066aaecba09f190b0a4611e5b15dbc') in 0.0145843 seconds
Number of updated asset objects reloaded before import = 0Number of asset objects unloaded after import = 0

========================================================================
Received Import Request.
  Time since last request: 0.000025 seconds.
  path: Packages/com.unity.test-framework/UnityEngine.TestRunner/Utils/PrebuildSetupWithTestDataAttribute.cs
  artifactKey: Guid(26d207ea119f34117a1dc1a439e285e3) Importer(2089858483,b0f066a214c2f5e87bad3c948f4d605d)
Start importing Packages/com.unity.test-framework/UnityEngine.TestRunner/Utils/PrebuildSetupWithTestDataAttribute.cs using Guid(26d207ea119f34117a1dc1a439e285e3) Importer(2089858483,b0f066a214c2f5e87bad3c948f4d605d) (ScriptedImporter) -> (artifact id: 'a1ffe65d8b1add35fe35607dcb1c0a13') in 0.0128382 seconds
Number of updated asset objects reloaded before import = 0Number of asset objects unloaded after import = 0

========================================================================
Received Import Request.
  Time since last request: 0.000049 seconds.
  path: Packages/com.unity.mathematics/Tests/Tests/Shared/TestFloat4x3.gen.cs
  artifactKey: Guid(d5d74a51bcf6045408a569332921009f) Importer(2089858483,b0f066a214c2f5e87bad3c948f4d605d)
Start importing Packages/com.unity.mathematics/Tests/Tests/Shared/TestFloat4x3.gen.cs using Guid(d5d74a51bcf6045408a569332921009f) Importer(2089858483,b0f066a214c2f5e87bad3c948f4d605d) (ScriptedImporter) -> (artifact id: '5a80843bc7f26ab7583df877e5851ca4') in 0.0123788 seconds
Number of updated asset objects reloaded before import = 0Number of asset objects unloaded after import = 0

========================================================================
Received Import Request.
  Time since last request: 0.000060 seconds.
  path: Packages/com.unity.burst/Runtime/Intrinsics/x86/F16C.cs
  artifactKey: Guid(ae12ed22401338869b648a8327f251da) Importer(2089858483,b0f066a214c2f5e87bad3c948f4d605d)
Start importing Packages/com.unity.burst/Runtime/Intrinsics/x86/F16C.cs using Guid(ae12ed22401338869b648a8327f251da) Importer(2089858483,b0f066a214c2f5e87bad3c948f4d605d) (ScriptedImporter) -> (artifact id: '17a7fbc22538833a38cf3097fee7570d') in 0.0127034 seconds
Number of updated asset objects reloaded before import = 0Number of asset objects unloaded after import = 0

========================================================================
Received Import Request.
  Time since last request: 0.000036 seconds.
  path: Packages/com.unity.netcode.gameobjects/Runtime/Transports/UTP/SecretsLoaderHelper.cs
  artifactKey: Guid(dc1e7a8dc597cf24c95e4acf92c0edf5) Importer(2089858483,b0f066a214c2f5e87bad3c948f4d605d)
Start importing Packages/com.unity.netcode.gameobjects/Runtime/Transports/UTP/SecretsLoaderHelper.cs using Guid(dc1e7a8dc597cf24c95e4acf92c0edf5) Importer(2089858483,b0f066a214c2f5e87bad3c948f4d605d) (ScriptedImporter) -> (artifact id: '15fa236e320833e9264e352770dad479') in 0.0142498 seconds
Number of updated asset objects reloaded before import = 0Number of asset objects unloaded after import = 0

========================================================================
Received Import Request.
  Time since last request: 0.000024 seconds.
  path: Packages/com.unity.transport/Runtime/PacketsQueue.cs
  artifactKey: Guid(21f2ece8bdfe66843a2aef4e6452d200) Importer(2089858483,b0f066a214c2f5e87bad3c948f4d605d)
Start importing Packages/com.unity.transport/Runtime/PacketsQueue.cs using Guid(21f2ece8bdfe66843a2aef4e6452d200) Importer(2089858483,b0f066a214c2f5e87bad3c948f4d605d) (ScriptedImporter) -> (artifact id: '4b547c6acecad78489fe1055d59dae74') in 0.0185335 seconds
Number of updated asset objects reloaded before import = 0Number of asset objects unloaded after import = 0

========================================================================
Received Import Request.
  Time since last request: 0.000020 seconds.
  path: Packages/com.unity.mathematics/Tests/Tests/Shared/TestBool3x2.gen.cs
  artifactKey: Guid(2bbc879646b3ce649a77073d236979fc) Importer(2089858483,b0f066a214c2f5e87bad3c948f4d605d)
Start importing Packages/com.unity.mathematics/Tests/Tests/Shared/TestBool3x2.gen.cs using Guid(2bbc879646b3ce649a77073d236979fc) Importer(2089858483,b0f066a214c2f5e87bad3c948f4d605d) (ScriptedImporter) -> (artifact id: 'd3efddbb11ce5d4f0f72f286a8d6a9bb') in 0.0131826 seconds
Number of updated asset objects reloaded before import = 0Number of asset objects unloaded after import = 0

========================================================================
Received Import Request.
  Time since last request: 0.000707 seconds.
  path: Packages/com.unity.test-framework.performance/Runtime/Measurements/FrametimeMeasurement.cs
  artifactKey: Guid(2ba8bef1806543b47a718ff4d3cb0934) Importer(2089858483,b0f066a214c2f5e87bad3c948f4d605d)
Start importing Packages/com.unity.test-framework.performance/Runtime/Measurements/FrametimeMeasurement.cs using Guid(2ba8bef1806543b47a718ff4d3cb0934) Importer(2089858483,b0f066a214c2f5e87bad3c948f4d605d) (ScriptedImporter) -> (artifact id: '54bd9033292b3894facb043c4dc66894') in 0.0119991 seconds
Number of updated asset objects reloaded before import = 0Number of asset objects unloaded after import = 0

========================================================================
Received Import Request.
  Time since last request: 0.000034 seconds.
  path: Packages/com.unity.test-framework/UnityEditor.TestRunner/TestSettings/TestSettings.cs
  artifactKey: Guid(6b32b6725087a0d4bb1670818d26996e) Importer(2089858483,b0f066a214c2f5e87bad3c948f4d605d)
Start importing Packages/com.unity.test-framework/UnityEditor.TestRunner/TestSettings/TestSettings.cs using Guid(6b32b6725087a0d4bb1670818d26996e) Importer(2089858483,b0f066a214c2f5e87bad3c948f4d605d) (ScriptedImporter) -> (artifact id: 'e5ecccb078909ec27af001f236c0f23e') in 0.0133455 seconds
Number of updated asset objects reloaded before import = 0Number of asset objects unloaded after import = 0

========================================================================
Received Import Request.
  Time since last request: 0.000027 seconds.
  path: Packages/com.unity.collections/Unity.Collections.PerformanceTests/Unity.PerformanceTesting.Benchmark/PerformanceTestFrameworkOutput.png
  artifactKey: Guid(0175a7523f9f1754ca406f92afcfcbc6) Importer(2089858483,b0f066a214c2f5e87bad3c948f4d605d)
Start importing Packages/com.unity.collections/Unity.Collections.PerformanceTests/Unity.PerformanceTesting.Benchmark/PerformanceTestFrameworkOutput.png using Guid(0175a7523f9f1754ca406f92afcfcbc6) Importer(2089858483,b0f066a214c2f5e87bad3c948f4d605d) (ScriptedImporter) -> (artifact id: '1e50be5fbca15b99317675da8543a9e3') in 0.0570313 seconds
Number of updated asset objects reloaded before import = 0Number of asset objects unloaded after import = 1

========================================================================
Received Import Request.
  Time since last request: 0.000022 seconds.
  path: Packages/com.unity.test-framework/UnityEditor.TestRunner/TestRun/Tasks/FilterTestTreeTask.cs
  artifactKey: Guid(92de9780c7bec4f0f89c7c88a2ec15ed) Importer(2089858483,b0f066a214c2f5e87bad3c948f4d605d)
Start importing Packages/com.unity.test-framework/UnityEditor.TestRunner/TestRun/Tasks/FilterTestTreeTask.cs using Guid(92de9780c7bec4f0f89c7c88a2ec15ed) Importer(2089858483,b0f066a214c2f5e87bad3c948f4d605d) (ScriptedImporter) -> (artifact id: '9b90eba9589c677b4049102d664c5e13') in 0.011087 seconds
Number of updated asset objects reloaded before import = 0Number of asset objects unloaded after import = 0

========================================================================
Received Import Request.
  Time since last request: 0.000043 seconds.
  path: Packages/com.unity.netcode.gameobjects/Tests/Editor/NetworkPrefabProcessorTests.cs
  artifactKey: Guid(6471efe05b0548ef9d2171e07d4a561b) Importer(2089858483,b0f066a214c2f5e87bad3c948f4d605d)
Start importing Packages/com.unity.netcode.gameobjects/Tests/Editor/NetworkPrefabProcessorTests.cs using Guid(6471efe05b0548ef9d2171e07d4a561b) Importer(2089858483,b0f066a214c2f5e87bad3c948f4d605d) (ScriptedImporter) -> (artifact id: '7116b40b3a2f33d54da2ec5459fbafd5') in 0.012973 seconds
Number of updated asset objects reloaded before import = 0Number of asset objects unloaded after import = 0

========================================================================
Received Import Request.
  Time since last request: 0.000031 seconds.
  path: Packages/com.unity.collections/Unity.Collections/UnsafeQueue.cs
  artifactKey: Guid(b89b706c47817bc418a5eef9afcb3219) Importer(2089858483,b0f066a214c2f5e87bad3c948f4d605d)
Start importing Packages/com.unity.collections/Unity.Collections/UnsafeQueue.cs using Guid(b89b706c47817bc418a5eef9afcb3219) Importer(2089858483,b0f066a214c2f5e87bad3c948f4d605d) (ScriptedImporter) -> (artifact id: 'f24922be0c6dd5b6e19890157b8fbe1f') in 0.0145231 seconds
Number of updated asset objects reloaded before import = 0Number of asset objects unloaded after import = 0

========================================================================
Received Import Request.
  Time since last request: 0.000069 seconds.
  path: Packages/com.unity.transport/Runtime/Utilities.cs
  artifactKey: Guid(35ee5e9bd3cd5d445880fd82472e1919) Importer(2089858483,b0f066a214c2f5e87bad3c948f4d605d)
Start importing Packages/com.unity.transport/Runtime/Utilities.cs using Guid(35ee5e9bd3cd5d445880fd82472e1919) Importer(2089858483,b0f066a214c2f5e87bad3c948f4d605d) (ScriptedImporter) -> (artifact id: 'a522710ced9199331803150de23e3034') in 0.0130356 seconds
Number of updated asset objects reloaded before import = 0Number of asset objects unloaded after import = 0

========================================================================
Received Import Request.
  Time since last request: 0.000025 seconds.
  path: Packages/com.unity.burst/Runtime/Intrinsics/x86/Avx2.cs
  artifactKey: Guid(bbe744fdbbc734d3bb0a78042bd4b56a) Importer(2089858483,b0f066a214c2f5e87bad3c948f4d605d)
Start importing Packages/com.unity.burst/Runtime/Intrinsics/x86/Avx2.cs using Guid(bbe744fdbbc734d3bb0a78042bd4b56a) Importer(2089858483,b0f066a214c2f5e87bad3c948f4d605d) (ScriptedImporter) -> (artifact id: 'f13fe0a11bd443db013e4095f44b3b23') in 0.0116949 seconds
Number of updated asset objects reloaded before import = 0Number of asset objects unloaded after import = 0

========================================================================
Received Import Request.
  Time since last request: 0.000091 seconds.
  path: Packages/com.unity.netcode.gameobjects/Tests/Runtime/NetworkObject/NetworkObjectPropertyTests.cs
  artifactKey: Guid(c11415470078c1846836b9a8b6f80dc2) Importer(2089858483,b0f066a214c2f5e87bad3c948f4d605d)
Start importing Packages/com.unity.netcode.gameobjects/Tests/Runtime/NetworkObject/NetworkObjectPropertyTests.cs using Guid(c11415470078c1846836b9a8b6f80dc2) Importer(2089858483,b0f066a214c2f5e87bad3c948f4d605d) (ScriptedImporter) -> (artifact id: 'e7936a83a25d110f6f8296c4f71388c1') in 0.0136918 seconds
Number of updated asset objects reloaded before import = 0Number of asset objects unloaded after import = 0

========================================================================
Received Import Request.
  Time since last request: 0.000027 seconds.
  path: Packages/com.unity.test-framework/UnityEditor.TestRunner/TestRunner/EditModeRunner.cs
  artifactKey: Guid(c9219e99d466b7741a057132d1994f35) Importer(2089858483,b0f066a214c2f5e87bad3c948f4d605d)
Start importing Packages/com.unity.test-framework/UnityEditor.TestRunner/TestRunner/EditModeRunner.cs using Guid(c9219e99d466b7741a057132d1994f35) Importer(2089858483,b0f066a214c2f5e87bad3c948f4d605d) (ScriptedImporter) -> (artifact id: '7f0c7a6eab8a28f11f1f11bbd251ecb6') in 0.0146829 seconds
Number of updated asset objects reloaded before import = 0Number of asset objects unloaded after import = 0

========================================================================
Received Import Request.
  Time since last request: 0.000036 seconds.
  path: Packages/com.unity.netcode.gameobjects/Tests/Runtime/DocumentationCodeSamples/README.md
  artifactKey: Guid(8a8cfc9d633474efb95052169e9fcb50) Importer(2089858483,b0f066a214c2f5e87bad3c948f4d605d)
Start importing Packages/com.unity.netcode.gameobjects/Tests/Runtime/DocumentationCodeSamples/README.md using Guid(8a8cfc9d633474efb95052169e9fcb50) Importer(2089858483,b0f066a214c2f5e87bad3c948f4d605d) (ScriptedImporter) -> (artifact id: 'ec430efafd769c76e1973e481804b1f9') in 0.0114077 seconds
Number of updated asset objects reloaded before import = 0Number of asset objects unloaded after import = 1

========================================================================
Received Import Request.
  Time since last request: 0.000043 seconds.
  path: Packages/com.unity.netcode.gameobjects/Runtime/Messaging/RpcAttributes.cs
  artifactKey: Guid(ac745c8131b811e4887a83fa9e65b4af) Importer(2089858483,b0f066a214c2f5e87bad3c948f4d605d)
Start importing Packages/com.unity.netcode.gameobjects/Runtime/Messaging/RpcAttributes.cs using Guid(ac745c8131b811e4887a83fa9e65b4af) Importer(2089858483,b0f066a214c2f5e87bad3c948f4d605d) (ScriptedImporter) -> (artifact id: 'd90e48f547abd8aa1373e9c586d90940') in 0.0125786 seconds
Number of updated asset objects reloaded before import = 0Number of asset objects unloaded after import = 0

========================================================================
Received Import Request.
  Time since last request: 0.000077 seconds.
  path: Packages/com.unity.collections/Unity.Collections.Tests/NativeHashSetTests.tt
  artifactKey: Guid(bead43d474a87b742a2b136a8b41e26b) Importer(2089858483,b0f066a214c2f5e87bad3c948f4d605d)
Start importing Packages/com.unity.collections/Unity.Collections.Tests/NativeHashSetTests.tt using Guid(bead43d474a87b742a2b136a8b41e26b) Importer(2089858483,b0f066a214c2f5e87bad3c948f4d605d) (ScriptedImporter) -> (artifact id: '07b2da7e33e9b0781344df0e2ff15aa3') in 0.0138103 seconds
Number of updated asset objects reloaded before import = 0Number of asset objects unloaded after import = 1

========================================================================
Received Import Request.
  Time since last request: 0.000026 seconds.
  path: Packages/com.unity.burst/Runtime/Editor
  artifactKey: Guid(c433e85ffb033bc99961d95aba84d010) Importer(2089858483,b0f066a214c2f5e87bad3c948f4d605d)
Start importing Packages/com.unity.burst/Runtime/Editor using Guid(c433e85ffb033bc99961d95aba84d010) Importer(2089858483,b0f066a214c2f5e87bad3c948f4d605d) (ScriptedImporter) -> (artifact id: 'ec20ceb754540f1f2d4a7fed781197a2') in 0.0114076 seconds
Number of updated asset objects reloaded before import = 0Number of asset objects unloaded after import = 1

========================================================================
Received Import Request.
  Time since last request: 0.000127 seconds.
  path: Packages/com.unity.test-framework/UnityEditor.TestRunner/Api/Analytics/AnalyticsTestCallback.cs
  artifactKey: Guid(f5e82966bb8646269e2e46b6ddf2d89f) Importer(2089858483,b0f066a214c2f5e87bad3c948f4d605d)
Start importing Packages/com.unity.test-framework/UnityEditor.TestRunner/Api/Analytics/AnalyticsTestCallback.cs using Guid(f5e82966bb8646269e2e46b6ddf2d89f) Importer(2089858483,b0f066a214c2f5e87bad3c948f4d605d) (ScriptedImporter) -> (artifact id: 'c2cc6465971659a948aa644ff725ba85') in 0.0132187 seconds
Number of updated asset objects reloaded before import = 0Number of asset objects unloaded after import = 0

========================================================================
Received Import Request.
  Time since last request: 0.000023 seconds.
  path: Packages/com.unity.mathematics/Unity.Mathematics/double2x2.gen.cs
  artifactKey: Guid(3faab235f9f6845bbbd1d94d1376d896) Importer(2089858483,b0f066a214c2f5e87bad3c948f4d605d)
Start importing Packages/com.unity.mathematics/Unity.Mathematics/double2x2.gen.cs using Guid(3faab235f9f6845bbbd1d94d1376d896) Importer(2089858483,b0f066a214c2f5e87bad3c948f4d605d) (ScriptedImporter) -> (artifact id: 'a70d60da328b864e610959c0e37e2043') in 0.0127476 seconds
Number of updated asset objects reloaded before import = 0Number of asset objects unloaded after import = 0

========================================================================
Received Import Request.
  Time since last request: 0.000035 seconds.
  path: Packages/com.unity.netcode.gameobjects/Tests/Runtime/Prefabs/NetworkPrefabHandlerWithDataTests.cs
  artifactKey: Guid(58d62dad203ba5440838bedbc22b90f7) Importer(2089858483,b0f066a214c2f5e87bad3c948f4d605d)
Start importing Packages/com.unity.netcode.gameobjects/Tests/Runtime/Prefabs/NetworkPrefabHandlerWithDataTests.cs using Guid(58d62dad203ba5440838bedbc22b90f7) Importer(2089858483,b0f066a214c2f5e87bad3c948f4d605d) (ScriptedImporter) -> (artifact id: 'd091400ddf58db05eb44eec2081f804c') in 0.0122946 seconds
Number of updated asset objects reloaded before import = 0Number of asset objects unloaded after import = 0

========================================================================
Received Import Request.
  Time since last request: 0.000059 seconds.
  path: Packages/com.unity.mathematics/Unity.Mathematics/bool2.gen.cs
  artifactKey: Guid(0790199222baf67419fdf802d76f93f5) Importer(2089858483,b0f066a214c2f5e87bad3c948f4d605d)
Start importing Packages/com.unity.mathematics/Unity.Mathematics/bool2.gen.cs using Guid(0790199222baf67419fdf802d76f93f5) Importer(2089858483,b0f066a214c2f5e87bad3c948f4d605d) (ScriptedImporter) -> (artifact id: '34d2e2e8caf765b49d4f187b9c600065') in 0.0149118 seconds
Number of updated asset objects reloaded before import = 0Number of asset objects unloaded after import = 0

========================================================================
Received Import Request.
  Time since last request: 0.000021 seconds.
  path: Packages/com.unity.collections/Unity.Collections/UnsafeParallelHashSetExtensions.tt
  artifactKey: Guid(dbd3ca1753e44d04dbf3e27c3cfa4a1b) Importer(2089858483,b0f066a214c2f5e87bad3c948f4d605d)
Start importing Packages/com.unity.collections/Unity.Collections/UnsafeParallelHashSetExtensions.tt using Guid(dbd3ca1753e44d04dbf3e27c3cfa4a1b) Importer(2089858483,b0f066a214c2f5e87bad3c948f4d605d) (ScriptedImporter) -> (artifact id: 'f766ffa42d2af357750a1965efcfb1cf') in 0.0136901 seconds
Number of updated asset objects reloaded before import = 0Number of asset objects unloaded after import = 1

========================================================================
Received Import Request.
  Time since last request: 0.000027 seconds.
  path: Packages/com.unity.transport/Runtime/Analytics/ConnectionMedium.jslib
  artifactKey: Guid(0927b9d8fad12714487afbda07e5c8a7) Importer(2089858483,b0f066a214c2f5e87bad3c948f4d605d)
Start importing Packages/com.unity.transport/Runtime/Analytics/ConnectionMedium.jslib using Guid(0927b9d8fad12714487afbda07e5c8a7) Importer(2089858483,b0f066a214c2f5e87bad3c948f4d605d) (ScriptedImporter) -> (artifact id: '2007b44cd312674adc2e148204b75213') in 0.0136758 seconds
Number of updated asset objects reloaded before import = 0Number of asset objects unloaded after import = 0

========================================================================
Received Import Request.
  Time since last request: 0.000049 seconds.
  path: Packages/com.unity.test-framework/UnityEngine.TestRunner/NUnitExtensions/Commands/SetUpTearDownCommand.cs
  artifactKey: Guid(e0db3f3921670cd4ca2e925737c3fba4) Importer(2089858483,b0f066a214c2f5e87bad3c948f4d605d)
Start importing Packages/com.unity.test-framework/UnityEngine.TestRunner/NUnitExtensions/Commands/SetUpTearDownCommand.cs using Guid(e0db3f3921670cd4ca2e925737c3fba4) Importer(2089858483,b0f066a214c2f5e87bad3c948f4d605d) (ScriptedImporter) -> (artifact id: '1b9638c454a9382d22462484e3b53fcc') in 0.0132666 seconds
Number of updated asset objects reloaded before import = 0Number of asset objects unloaded after import = 0

========================================================================
Received Import Request.
  Time since last request: 0.000032 seconds.
  path: Packages/com.unity.test-framework/UnityEngine.TestRunner/Utils/Vector4EqualityComparer.cs
  artifactKey: Guid(32da81683c22faf458026716a2b821aa) Importer(2089858483,b0f066a214c2f5e87bad3c948f4d605d)
Start importing Packages/com.unity.test-framework/UnityEngine.TestRunner/Utils/Vector4EqualityComparer.cs using Guid(32da81683c22faf458026716a2b821aa) Importer(2089858483,b0f066a214c2f5e87bad3c948f4d605d) (ScriptedImporter) -> (artifact id: '43f434b1e087110ef48e7e27d9b715e0') in 0.0120762 seconds
Number of updated asset objects reloaded before import = 0Number of asset objects unloaded after import = 0

========================================================================
Received Import Request.
  Time since last request: 0.000054 seconds.
  path: Packages/com.unity.test-framework/CHANGELOG.md
  artifactKey: Guid(d691174143fd3774ba63d7c493633b99) Importer(2089858483,b0f066a214c2f5e87bad3c948f4d605d)
Start importing Packages/com.unity.test-framework/CHANGELOG.md using Guid(d691174143fd3774ba63d7c493633b99) Importer(2089858483,b0f066a214c2f5e87bad3c948f4d605d) (ScriptedImporter) -> (artifact id: 'ada3a607f1b454427ba0ea7dd2a0ea5f') in 0.015298 seconds
Number of updated asset objects reloaded before import = 0Number of asset objects unloaded after import = 1

========================================================================
Received Import Request.
  Time since last request: 0.053467 seconds.
  path: Packages/com.unity.netcode.gameobjects/Tests/Runtime/Rpc/RpcManyClientsTests.cs
  artifactKey: Guid(1fc23d25ed71f46ecadbff65a20522c8) Importer(2089858483,b0f066a214c2f5e87bad3c948f4d605d)
Start importing Packages/com.unity.netcode.gameobjects/Tests/Runtime/Rpc/RpcManyClientsTests.cs using Guid(1fc23d25ed71f46ecadbff65a20522c8) Importer(2089858483,b0f066a214c2f5e87bad3c948f4d605d) (ScriptedImporter) -> (artifact id: 'f75bd19c29e3266f0263e443844d4dee') in 0.0133521 seconds
Number of updated asset objects reloaded before import = 0Number of asset objects unloaded after import = 0

========================================================================
Received Import Request.
  Time since last request: 0.000042 seconds.
  path: Packages/com.unity.test-framework.performance/Runtime/Statistics/ConfidenceLevelExtensions.cs
  artifactKey: Guid(88e4f63cb3be45a6afbc8f43bc4683d1) Importer(2089858483,b0f066a214c2f5e87bad3c948f4d605d)
Start importing Packages/com.unity.test-framework.performance/Runtime/Statistics/ConfidenceLevelExtensions.cs using Guid(88e4f63cb3be45a6afbc8f43bc4683d1) Importer(2089858483,b0f066a214c2f5e87bad3c948f4d605d) (ScriptedImporter) -> (artifact id: '42ea2538de431538a888dfccb4ed8500') in 0.0127315 seconds
Number of updated asset objects reloaded before import = 0Number of asset objects unloaded after import = 0

========================================================================
Received Import Request.
  Time since last request: 0.000058 seconds.
  path: Packages/com.unity.collections/DocCodeSamples.Tests/DocCodeSamples.Tests.asmdef
  artifactKey: Guid(d1fecb7e41996c7468b18df518b721d9) Importer(2089858483,b0f066a214c2f5e87bad3c948f4d605d)
Start importing Packages/com.unity.collections/DocCodeSamples.Tests/DocCodeSamples.Tests.asmdef using Guid(d1fecb7e41996c7468b18df518b721d9) Importer(2089858483,b0f066a214c2f5e87bad3c948f4d605d) (ScriptedImporter) -> (artifact id: '460167eb04331315bc3767a1fff686c8') in 0.0136419 seconds
Number of updated asset objects reloaded before import = 0Number of asset objects unloaded after import = 1

========================================================================
Received Import Request.
  Time since last request: 0.000064 seconds.
  path: Packages/com.unity.test-framework/UnityEngine.TestRunner/Utils/PostBuildCleanupAttribute.cs
  artifactKey: Guid(621fd19bcb071b64aa1d68f0271aa780) Importer(2089858483,b0f066a214c2f5e87bad3c948f4d605d)
Start importing Packages/com.unity.test-framework/UnityEngine.TestRunner/Utils/PostBuildCleanupAttribute.cs using Guid(621fd19bcb071b64aa1d68f0271aa780) Importer(2089858483,b0f066a214c2f5e87bad3c948f4d605d) (ScriptedImporter) -> (artifact id: 'c6e2566ccfcc7e6681a20cf3e92e1330') in 0.0131157 seconds
Number of updated asset objects reloaded before import = 0Number of asset objects unloaded after import = 0

========================================================================
Received Import Request.
  Time since last request: 0.000034 seconds.
  path: Packages/com.unity.netcode.gameobjects/Runtime/Logging/LogBuilder.cs
  artifactKey: Guid(1201e32badad4870be469c4a4c5d9359) Importer(2089858483,b0f066a214c2f5e87bad3c948f4d605d)
Start importing Packages/com.unity.netcode.gameobjects/Runtime/Logging/LogBuilder.cs using Guid(1201e32badad4870be469c4a4c5d9359) Importer(2089858483,b0f066a214c2f5e87bad3c948f4d605d) (ScriptedImporter) -> (artifact id: '47c6817f8d1e149d540329ce76ec5c5d') in 0.014675 seconds
Number of updated asset objects reloaded before import = 0Number of asset objects unloaded after import = 0

========================================================================
Received Import Request.
  Time since last request: 0.000051 seconds.
  path: Packages/com.unity.netcode.gameobjects/Tests/Runtime/NetworkVariable/NetworkVariableTraitsTests.cs
  artifactKey: Guid(49f46ca2b4327464498a7465891647bb) Importer(2089858483,b0f066a214c2f5e87bad3c948f4d605d)
Start importing Packages/com.unity.netcode.gameobjects/Tests/Runtime/NetworkVariable/NetworkVariableTraitsTests.cs using Guid(49f46ca2b4327464498a7465891647bb) Importer(2089858483,b0f066a214c2f5e87bad3c948f4d605d) (ScriptedImporter) -> (artifact id: '4a571ae3b6e21e4fd2efd143e9743c09') in 0.0116637 seconds
Number of updated asset objects reloaded before import = 0Number of asset objects unloaded after import = 0

========================================================================
Received Import Request.
  Time since last request: 0.000038 seconds.
  path: Packages/com.unity.netcode.gameobjects/Tests/Editor/Serialization/NetworkSceneHandleTests.cs
  artifactKey: Guid(3c489c7005c84ba4a42d90c28a3d0536) Importer(2089858483,b0f066a214c2f5e87bad3c948f4d605d)
Start importing Packages/com.unity.netcode.gameobjects/Tests/Editor/Serialization/NetworkSceneHandleTests.cs using Guid(3c489c7005c84ba4a42d90c28a3d0536) Importer(2089858483,b0f066a214c2f5e87bad3c948f4d605d) (ScriptedImporter) -> (artifact id: '6317b880cbffd001c2e2e2518b10425c') in 0.0138835 seconds
Number of updated asset objects reloaded before import = 0Number of asset objects unloaded after import = 0

========================================================================
Received Import Request.
  Time since last request: 0.000022 seconds.
  path: Packages/com.unity.test-framework/UnityEngine.TestRunner/TestRunner/Messages/IEditModeTestYieldInstruction.cs
  artifactKey: Guid(898bc38486fc899428fbe5bd6adfe473) Importer(2089858483,b0f066a214c2f5e87bad3c948f4d605d)
Start importing Packages/com.unity.test-framework/UnityEngine.TestRunner/TestRunner/Messages/IEditModeTestYieldInstruction.cs using Guid(898bc38486fc899428fbe5bd6adfe473) Importer(2089858483,b0f066a214c2f5e87bad3c948f4d605d) (ScriptedImporter) -> (artifact id: '99a76e00eed24f70b684d63f3642468a') in 0.0132384 seconds
Number of updated asset objects reloaded before import = 0Number of asset objects unloaded after import = 0

========================================================================
Received Import Request.
  Time since last request: 0.000026 seconds.
  path: Packages/com.unity.netcode.gameobjects/Tests/Runtime/Rpc
  artifactKey: Guid(c6bfc9360d1b4fe495c54c1f3004bb39) Importer(2089858483,b0f066a214c2f5e87bad3c948f4d605d)
Start importing Packages/com.unity.netcode.gameobjects/Tests/Runtime/Rpc using Guid(c6bfc9360d1b4fe495c54c1f3004bb39) Importer(2089858483,b0f066a214c2f5e87bad3c948f4d605d) (ScriptedImporter) -> (artifact id: '5a99eeb6a0f9c8160b84140592e1baf0') in 0.0121882 seconds
Number of updated asset objects reloaded before import = 0Number of asset objects unloaded after import = 1

========================================================================
Received Import Request.
  Time since last request: 0.000062 seconds.
  path: Packages/com.unity.netcode.gameobjects/Tests/Runtime/NetworkManagerTransportTests.cs
  artifactKey: Guid(798d76599e527b245a14b7cc9cfd2607) Importer(2089858483,b0f066a214c2f5e87bad3c948f4d605d)
Start importing Packages/com.unity.netcode.gameobjects/Tests/Runtime/NetworkManagerTransportTests.cs using Guid(798d76599e527b245a14b7cc9cfd2607) Importer(2089858483,b0f066a214c2f5e87bad3c948f4d605d) (ScriptedImporter) -> (artifact id: '986f07e3cda213df373a3a19efe711af') in 0.0128981 seconds
Number of updated asset objects reloaded before import = 0Number of asset objects unloaded after import = 0

========================================================================
Received Import Request.
  Time since last request: 0.000039 seconds.
  path: Packages/com.unity.netcode.gameobjects/Tests/Editor/NetworkBehaviourEditorTests.cs
  artifactKey: Guid(73e18571452c102e4b209671741f3b51) Importer(2089858483,b0f066a214c2f5e87bad3c948f4d605d)
Start importing Packages/com.unity.netcode.gameobjects/Tests/Editor/NetworkBehaviourEditorTests.cs using Guid(73e18571452c102e4b209671741f3b51) Importer(2089858483,b0f066a214c2f5e87bad3c948f4d605d) (ScriptedImporter) -> (artifact id: '910eaae51b6215e3b9f610498089d437') in 0.0133654 seconds
Number of updated asset objects reloaded before import = 0Number of asset objects unloaded after import = 0

========================================================================
Received Import Request.
  Time since last request: 0.000042 seconds.
  path: Packages/com.unity.collections/Unity.Collections.Tests/Jobs/JobStressTests.cs
  artifactKey: Guid(36d0e1be06be93249a0ffa0c8356e69e) Importer(2089858483,b0f066a214c2f5e87bad3c948f4d605d)
Start importing Packages/com.unity.collections/Unity.Collections.Tests/Jobs/JobStressTests.cs using Guid(36d0e1be06be93249a0ffa0c8356e69e) Importer(2089858483,b0f066a214c2f5e87bad3c948f4d605d) (ScriptedImporter) -> (artifact id: '79b258025673a834d9292cab6c161dce') in 0.0135948 seconds
Number of updated asset objects reloaded before import = 0Number of asset objects unloaded after import = 0

========================================================================
Received Import Request.
  Time since last request: 0.000024 seconds.
  path: Packages/com.unity.collections/Unity.Collections/xxHash3.AVX2.cs
  artifactKey: Guid(80ca4f6f8df346a7b0719fe317b538ac) Importer(2089858483,b0f066a214c2f5e87bad3c948f4d605d)
Start importing Packages/com.unity.collections/Unity.Collections/xxHash3.AVX2.cs using Guid(80ca4f6f8df346a7b0719fe317b538ac) Importer(2089858483,b0f066a214c2f5e87bad3c948f4d605d) (ScriptedImporter) -> (artifact id: '04c969369790922396758229da9ee506') in 0.0147369 seconds
Number of updated asset objects reloaded before import = 0Number of asset objects unloaded after import = 0

========================================================================
Received Import Request.
  Time since last request: 0.000027 seconds.
  path: Packages/com.unity.test-framework/UnityEditor.TestRunner/UnityTestProtocol/Data/PlayerSettings.cs
  artifactKey: Guid(d52ad1cdc75642419ac24e88b43a3821) Importer(2089858483,b0f066a214c2f5e87bad3c948f4d605d)
Start importing Packages/com.unity.test-framework/UnityEditor.TestRunner/UnityTestProtocol/Data/PlayerSettings.cs using Guid(d52ad1cdc75642419ac24e88b43a3821) Importer(2089858483,b0f066a214c2f5e87bad3c948f4d605d) (ScriptedImporter) -> (artifact id: '9395aa5cff68514cf0bf446a5ddbf989') in 0.012592 seconds
Number of updated asset objects reloaded before import = 0Number of asset objects unloaded after import = 0

========================================================================
Received Import Request.
  Time since last request: 0.000049 seconds.
  path: Packages/com.unity.test-framework/UnityEditor.TestRunner/TestLaunchers/Helpers/AttributeFinderBase.cs
  artifactKey: Guid(5d4de3d4682a8d641907cc75e4fb950e) Importer(2089858483,b0f066a214c2f5e87bad3c948f4d605d)
Start importing Packages/com.unity.test-framework/UnityEditor.TestRunner/TestLaunchers/Helpers/AttributeFinderBase.cs using Guid(5d4de3d4682a8d641907cc75e4fb950e) Importer(2089858483,b0f066a214c2f5e87bad3c948f4d605d) (ScriptedImporter) -> (artifact id: '6735245e93b580850561a9d903ecbda8') in 0.0156414 seconds
Number of updated asset objects reloaded before import = 0Number of asset objects unloaded after import = 0

========================================================================
Received Import Request.
  Time since last request: 0.000062 seconds.
  path: Packages/com.unity.test-framework/UnityEngine.TestRunner/TestRunner/Callbacks/TestResultRenderer.cs
  artifactKey: Guid(5ebb87899ca30b743bb4274bc00c02b4) Importer(2089858483,b0f066a214c2f5e87bad3c948f4d605d)
Start importing Packages/com.unity.test-framework/UnityEngine.TestRunner/TestRunner/Callbacks/TestResultRenderer.cs using Guid(5ebb87899ca30b743bb4274bc00c02b4) Importer(2089858483,b0f066a214c2f5e87bad3c948f4d605d) (ScriptedImporter) -> (artifact id: '00b52c6b1f76866fce5176fcd1f031ef') in 0.0140562 seconds
Number of updated asset objects reloaded before import = 0Number of asset objects unloaded after import = 0

========================================================================
Received Import Request.
  Time since last request: 0.000027 seconds.
  path: Packages/com.unity.test-framework/UnityEditor.TestRunner/GUI/TestListTreeView/Icons.cs
  artifactKey: Guid(27769e9b00b038d47aefe306a4d20bec) Importer(2089858483,b0f066a214c2f5e87bad3c948f4d605d)
Start importing Packages/com.unity.test-framework/UnityEditor.TestRunner/GUI/TestListTreeView/Icons.cs using Guid(27769e9b00b038d47aefe306a4d20bec) Importer(2089858483,b0f066a214c2f5e87bad3c948f4d605d) (ScriptedImporter) -> (artifact id: '606ccd498ed48f5e13e50ddd7d56a674') in 0.0145868 seconds
Number of updated asset objects reloaded before import = 0Number of asset objects unloaded after import = 0

========================================================================
Received Import Request.
  Time since last request: 0.000026 seconds.
  path: Packages/com.unity.netcode.gameobjects/Runtime/Messaging/RpcParams.cs
  artifactKey: Guid(accabc5a65e8a45dda9207fac37d1b24) Importer(2089858483,b0f066a214c2f5e87bad3c948f4d605d)
Start importing Packages/com.unity.netcode.gameobjects/Runtime/Messaging/RpcParams.cs using Guid(accabc5a65e8a45dda9207fac37d1b24) Importer(2089858483,b0f066a214c2f5e87bad3c948f4d605d) (ScriptedImporter) -> (artifact id: '0ddc43dd2cf674613712c3264ef1fe2f') in 0.0116948 seconds
Number of updated asset objects reloaded before import = 0Number of asset objects unloaded after import = 0

========================================================================
Received Import Request.
  Time since last request: 0.000061 seconds.
  path: Packages/com.unity.test-framework.performance/Runtime/Utils.cs
  artifactKey: Guid(7dd61a6c0836b0145836c05f91470e99) Importer(2089858483,b0f066a214c2f5e87bad3c948f4d605d)
Start importing Packages/com.unity.test-framework.performance/Runtime/Utils.cs using Guid(7dd61a6c0836b0145836c05f91470e99) Importer(2089858483,b0f066a214c2f5e87bad3c948f4d605d) (ScriptedImporter) -> (artifact id: '89976b71533636a3a7f9279d489f7e1d') in 0.0125772 seconds
Number of updated asset objects reloaded before import = 0Number of asset objects unloaded after import = 0

========================================================================
Received Import Request.
  Time since last request: 0.000048 seconds.
  path: Packages/com.unity.netcode.gameobjects/Tests/Runtime/UnityCoreClrExplicitDisabledAttributeShim.cs
  artifactKey: Guid(b7f17392536340a8b607dd678b2ecd76) Importer(2089858483,b0f066a214c2f5e87bad3c948f4d605d)
Start importing Packages/com.unity.netcode.gameobjects/Tests/Runtime/UnityCoreClrExplicitDisabledAttributeShim.cs using Guid(b7f17392536340a8b607dd678b2ecd76) Importer(2089858483,b0f066a214c2f5e87bad3c948f4d605d) (ScriptedImporter) -> (artifact id: '5db839608749a658719889f1a731891c') in 0.0136012 seconds
Number of updated asset objects reloaded before import = 0Number of asset objects unloaded after import = 0

========================================================================
Received Import Request.
  Time since last request: 0.000044 seconds.
  path: Packages/com.unity.netcode.gameobjects/Tests/Runtime/NetworkBehaviourGenericTests.cs
  artifactKey: Guid(f87989d8d290ed24a9048b6dbddae527) Importer(2089858483,b0f066a214c2f5e87bad3c948f4d605d)
Start importing Packages/com.unity.netcode.gameobjects/Tests/Runtime/NetworkBehaviourGenericTests.cs using Guid(f87989d8d290ed24a9048b6dbddae527) Importer(2089858483,b0f066a214c2f5e87bad3c948f4d605d) (ScriptedImporter) -> (artifact id: 'e56d5e5022d596e6f7d6ad25618f3000') in 0.0127844 seconds
Number of updated asset objects reloaded before import = 0Number of asset objects unloaded after import = 0

========================================================================
Received Import Request.
  Time since last request: 0.000035 seconds.
  path: Packages/com.unity.collections/Unity.Collections.PerformanceTests/Unity.PerformanceTesting.Benchmark/BenchmarkReportData.cs
  artifactKey: Guid(852087422f7ffd8438353fe6f69ee201) Importer(2089858483,b0f066a214c2f5e87bad3c948f4d605d)
Start importing Packages/com.unity.collections/Unity.Collections.PerformanceTests/Unity.PerformanceTesting.Benchmark/BenchmarkReportData.cs using Guid(852087422f7ffd8438353fe6f69ee201) Importer(2089858483,b0f066a214c2f5e87bad3c948f4d605d) (ScriptedImporter) -> (artifact id: '762f91f5ccd28a241cd258a063fdd49b') in 0.0145799 seconds
Number of updated asset objects reloaded before import = 0Number of asset objects unloaded after import = 0

========================================================================
Received Import Request.
  Time since last request: 0.000029 seconds.
  path: Packages/com.unity.collections/Unity.Collections.PerformanceTests/ParallelHashMapPerformanceTests.cs
  artifactKey: Guid(646d50e1f45e86d4ea1fe9bfc488b347) Importer(2089858483,b0f066a214c2f5e87bad3c948f4d605d)
Start importing Packages/com.unity.collections/Unity.Collections.PerformanceTests/ParallelHashMapPerformanceTests.cs using Guid(646d50e1f45e86d4ea1fe9bfc488b347) Importer(2089858483,b0f066a214c2f5e87bad3c948f4d605d) (ScriptedImporter) -> (artifact id: '3ff26773cd475476cec391bddb09d3a0') in 0.0109283 seconds
Number of updated asset objects reloaded before import = 0Number of asset objects unloaded after import = 0

========================================================================
Received Import Request.
  Time since last request: 0.000036 seconds.
  path: Packages/com.unity.netcode.gameobjects/Runtime/Exceptions/NetworkConfigurationException.cs
  artifactKey: Guid(f50fae9dd20afbd438766cc330b188a4) Importer(2089858483,b0f066a214c2f5e87bad3c948f4d605d)
Start importing Packages/com.unity.netcode.gameobjects/Runtime/Exceptions/NetworkConfigurationException.cs using Guid(f50fae9dd20afbd438766cc330b188a4) Importer(2089858483,b0f066a214c2f5e87bad3c948f4d605d) (ScriptedImporter) -> (artifact id: '7842ed1e8e6139dcb210b2c49aee88e3') in 0.0127583 seconds
Number of updated asset objects reloaded before import = 0Number of asset objects unloaded after import = 0

========================================================================
Received Import Request.
  Time since last request: 0.000041 seconds.
  path: Packages/com.unity.transport/Runtime/Analytics/PacketSizeStatistics.cs
  artifactKey: Guid(70d3ca46341ce4b46b4471dafbb5793f) Importer(2089858483,b0f066a214c2f5e87bad3c948f4d605d)
Start importing Packages/com.unity.transport/Runtime/Analytics/PacketSizeStatistics.cs using Guid(70d3ca46341ce4b46b4471dafbb5793f) Importer(2089858483,b0f066a214c2f5e87bad3c948f4d605d) (ScriptedImporter) -> (artifact id: 'fff112e1a601b1a69a596ef9b0bce892') in 0.0131605 seconds
Number of updated asset objects reloaded before import = 0Number of asset objects unloaded after import = 0

========================================================================
Received Import Request.
  Time since last request: 0.000053 seconds.
  path: Packages/com.unity.test-framework.performance/Runtime/Unity.PerformanceTesting.asmdef
  artifactKey: Guid(c0dd0d10738d4ad4a9de57c559d0ca1b) Importer(2089858483,b0f066a214c2f5e87bad3c948f4d605d)
Start importing Packages/com.unity.test-framework.performance/Runtime/Unity.PerformanceTesting.asmdef using Guid(c0dd0d10738d4ad4a9de57c559d0ca1b) Importer(2089858483,b0f066a214c2f5e87bad3c948f4d605d) (ScriptedImporter) -> (artifact id: '8eb61bf1a4d94dc50e609554f53d249d') in 0.012806 seconds
Number of updated asset objects reloaded before import = 0Number of asset objects unloaded after import = 1

========================================================================
Received Import Request.
  Time since last request: 0.000024 seconds.
  path: Packages/com.unity.test-framework/UnityEditor.TestRunner/TestLaunchers/Helpers/PostbuildCleanupAttributeFinder.cs
  artifactKey: Guid(2c2dfcbbb77359547bcaa7cdabd47ebb) Importer(2089858483,b0f066a214c2f5e87bad3c948f4d605d)
Start importing Packages/com.unity.test-framework/UnityEditor.TestRunner/TestLaunchers/Helpers/PostbuildCleanupAttributeFinder.cs using Guid(2c2dfcbbb77359547bcaa7cdabd47ebb) Importer(2089858483,b0f066a214c2f5e87bad3c948f4d605d) (ScriptedImporter) -> (artifact id: '01aaffd5f1b5c91a20cd22ca4bea98f3') in 0.0138142 seconds
Number of updated asset objects reloaded before import = 0Number of asset objects unloaded after import = 0

========================================================================
Received Import Request.
  Time since last request: 0.000028 seconds.
  path: Packages/com.unity.test-framework.performance/Runtime/Measurements/ProfilerMarkerMeasurement.cs
  artifactKey: Guid(aa2734fdf41ccae4d8e95492e9e75620) Importer(2089858483,b0f066a214c2f5e87bad3c948f4d605d)
Start importing Packages/com.unity.test-framework.performance/Runtime/Measurements/ProfilerMarkerMeasurement.cs using Guid(aa2734fdf41ccae4d8e95492e9e75620) Importer(2089858483,b0f066a214c2f5e87bad3c948f4d605d) (ScriptedImporter) -> (artifact id: '0c28518c5b014e8a07e031b17af4933b') in 0.0142589 seconds
Number of updated asset objects reloaded before import = 0Number of asset objects unloaded after import = 0

========================================================================
Received Import Request.
  Time since last request: 0.000022 seconds.
  path: Packages/com.unity.collections/DocCodeSamples.Tests/CollectionsExamples.cs
  artifactKey: Guid(d9848a39deeb4ff9aa9e4cec03215a4b) Importer(2089858483,b0f066a214c2f5e87bad3c948f4d605d)
Start importing Packages/com.unity.collections/DocCodeSamples.Tests/CollectionsExamples.cs using Guid(d9848a39deeb4ff9aa9e4cec03215a4b) Importer(2089858483,b0f066a214c2f5e87bad3c948f4d605d) (ScriptedImporter) -> (artifact id: 'cd6025f6cd4cae8cea5ad55c37b50c39') in 0.0127363 seconds
Number of updated asset objects reloaded before import = 0Number of asset objects unloaded after import = 0

========================================================================
Received Import Request.
  Time since last request: 0.000042 seconds.
  path: Packages/com.unity.test-framework.performance/Third Party Notices.md
  artifactKey: Guid(682cbcd3b2e7545e2bbc6306016e7bb7) Importer(2089858483,b0f066a214c2f5e87bad3c948f4d605d)
Start importing Packages/com.unity.test-framework.performance/Third Party Notices.md using Guid(682cbcd3b2e7545e2bbc6306016e7bb7) Importer(2089858483,b0f066a214c2f5e87bad3c948f4d605d) (ScriptedImporter) -> (artifact id: '5b0269dc7b350c6a35fbc4abe2a0449b') in 0.012534 seconds
Number of updated asset objects reloaded before import = 0Number of asset objects unloaded after import = 1

========================================================================
Received Import Request.
  Time since last request: 0.000092 seconds.
  path: Packages/com.unity.netcode.gameobjects/Runtime/Metrics/INetworkMetrics.cs
  artifactKey: Guid(01a54e8729c7e3a4bb566d9274c44cb3) Importer(2089858483,b0f066a214c2f5e87bad3c948f4d605d)
Start importing Packages/com.unity.netcode.gameobjects/Runtime/Metrics/INetworkMetrics.cs using Guid(01a54e8729c7e3a4bb566d9274c44cb3) Importer(2089858483,b0f066a214c2f5e87bad3c948f4d605d) (ScriptedImporter) -> (artifact id: '84bf9f6932bf1fedfbbee8db308c5419') in 0.0149982 seconds
Number of updated asset objects reloaded before import = 0Number of asset objects unloaded after import = 0

========================================================================
Received Import Request.
  Time since last request: 0.000034 seconds.
  path: Packages/com.unity.test-framework/UnityEditor.TestRunner/TestRun/Tasks/PrebuildSetupWithTestDataTask.cs
  artifactKey: Guid(25d1ed297163243c4a20d6321d057844) Importer(2089858483,b0f066a214c2f5e87bad3c948f4d605d)
Start importing Packages/com.unity.test-framework/UnityEditor.TestRunner/TestRun/Tasks/PrebuildSetupWithTestDataTask.cs using Guid(25d1ed297163243c4a20d6321d057844) Importer(2089858483,b0f066a214c2f5e87bad3c948f4d605d) (ScriptedImporter) -> (artifact id: '17ade656acff60d9a2a2eae937e6f75c') in 0.0116104 seconds
Number of updated asset objects reloaded before import = 0Number of asset objects unloaded after import = 0

========================================================================
Received Import Request.
  Time since last request: 0.000045 seconds.
  path: Packages/com.unity.netcode.gameobjects/Tests/Runtime/Transports/UnityTransportConnectionTests.cs
  artifactKey: Guid(0a6b90810a6304cd98c615c9828888a5) Importer(2089858483,b0f066a214c2f5e87bad3c948f4d605d)
Start importing Packages/com.unity.netcode.gameobjects/Tests/Runtime/Transports/UnityTransportConnectionTests.cs using Guid(0a6b90810a6304cd98c615c9828888a5) Importer(2089858483,b0f066a214c2f5e87bad3c948f4d605d) (ScriptedImporter) -> (artifact id: '70bb8f11c0844120834bb80df3fcdb7d') in 0.012799 seconds
Number of updated asset objects reloaded before import = 0Number of asset objects unloaded after import = 0

========================================================================
Received Import Request.
  Time since last request: 0.000083 seconds.
  path: Packages/com.unity.collections/Unity.Collections.Tests/GcAllocRecorderTest.cs
  artifactKey: Guid(58905de7f0380435aa51db1472b48ca8) Importer(2089858483,b0f066a214c2f5e87bad3c948f4d605d)
Start importing Packages/com.unity.collections/Unity.Collections.Tests/GcAllocRecorderTest.cs using Guid(58905de7f0380435aa51db1472b48ca8) Importer(2089858483,b0f066a214c2f5e87bad3c948f4d605d) (ScriptedImporter) -> (artifact id: '1547e594f3588e608b18fb02636d99e0') in 0.0124894 seconds
Number of updated asset objects reloaded before import = 0Number of asset objects unloaded after import = 0

========================================================================
Received Import Request.
  Time since last request: 0.000071 seconds.
  path: Packages/com.unity.test-framework/UnityEditor.TestRunner/TestLaunchers/PlatformSetup/SwitchPlatformSetup.cs
  artifactKey: Guid(adf7bea9401c1834380d55601add6cfb) Importer(2089858483,b0f066a214c2f5e87bad3c948f4d605d)
Start importing Packages/com.unity.test-framework/UnityEditor.TestRunner/TestLaunchers/PlatformSetup/SwitchPlatformSetup.cs using Guid(adf7bea9401c1834380d55601add6cfb) Importer(2089858483,b0f066a214c2f5e87bad3c948f4d605d) (ScriptedImporter) -> (artifact id: 'ce92f0f4225740456409274749ca1a3e') in 0.012696 seconds
Number of updated asset objects reloaded before import = 0Number of asset objects unloaded after import = 0

========================================================================
Received Import Request.
  Time since last request: 0.000043 seconds.
  path: Packages/com.unity.netcode.gameobjects/Runtime/Serialization/INetworkSerializable.cs
  artifactKey: Guid(dcbf989721df344779c6c845cf79444f) Importer(2089858483,b0f066a214c2f5e87bad3c948f4d605d)
Start importing Packages/com.unity.netcode.gameobjects/Runtime/Serialization/INetworkSerializable.cs using Guid(dcbf989721df344779c6c845cf79444f) Importer(2089858483,b0f066a214c2f5e87bad3c948f4d605d) (ScriptedImporter) -> (artifact id: 'de95868c1bbc2fcb962026adb492aacd') in 0.0133623 seconds
Number of updated asset objects reloaded before import = 0Number of asset objects unloaded after import = 0

========================================================================
Received Import Request.
  Time since last request: 0.000065 seconds.
  path: Packages/com.unity.test-framework/UnityEditor.TestRunner/Api/ITestResultAdaptor.cs
  artifactKey: Guid(4f90cfe4bf5cfb44f84a5b11387f2a42) Importer(2089858483,b0f066a214c2f5e87bad3c948f4d605d)
Start importing Packages/com.unity.test-framework/UnityEditor.TestRunner/Api/ITestResultAdaptor.cs using Guid(4f90cfe4bf5cfb44f84a5b11387f2a42) Importer(2089858483,b0f066a214c2f5e87bad3c948f4d605d) (ScriptedImporter) -> (artifact id: 'e1441b2a1b8b811b972f3cf3cebce0c7') in 0.0146499 seconds
Number of updated asset objects reloaded before import = 0Number of asset objects unloaded after import = 0

========================================================================
Received Import Request.
  Time since last request: 0.000025 seconds.
  path: Packages/com.unity.test-framework/UnityEngine.TestRunner/UnityTestProtocol
  artifactKey: Guid(19e1940646874613a076c6b01d1f3404) Importer(2089858483,b0f066a214c2f5e87bad3c948f4d605d)
Start importing Packages/com.unity.test-framework/UnityEngine.TestRunner/UnityTestProtocol using Guid(19e1940646874613a076c6b01d1f3404) Importer(2089858483,b0f066a214c2f5e87bad3c948f4d605d) (ScriptedImporter) -> (artifact id: 'efd4bf3c001a2b82d0d0265a87543c72') in 0.010631 seconds
Number of updated asset objects reloaded before import = 0Number of asset objects unloaded after import = 1

========================================================================
Received Import Request.
  Time since last request: 0.000062 seconds.
  path: Packages/com.unity.transport/Runtime/Relay/Messages/RelayMessageError.cs
  artifactKey: Guid(eddb0e329cda1e845b241746b11d8dbb) Importer(2089858483,b0f066a214c2f5e87bad3c948f4d605d)
Start importing Packages/com.unity.transport/Runtime/Relay/Messages/RelayMessageError.cs using Guid(eddb0e329cda1e845b241746b11d8dbb) Importer(2089858483,b0f066a214c2f5e87bad3c948f4d605d) (ScriptedImporter) -> (artifact id: '59e84708c6a32d6c58dfb2c9e59a2af4') in 0.0142511 seconds
Number of updated asset objects reloaded before import = 0Number of asset objects unloaded after import = 0

========================================================================
Received Import Request.
  Time since last request: 0.000031 seconds.
  path: Packages/com.unity.transport/Runtime/Layers/SimpleConnectionLayer.cs
  artifactKey: Guid(44ade25446b99406a8cf0047215d4478) Importer(2089858483,b0f066a214c2f5e87bad3c948f4d605d)
Start importing Packages/com.unity.transport/Runtime/Layers/SimpleConnectionLayer.cs using Guid(44ade25446b99406a8cf0047215d4478) Importer(2089858483,b0f066a214c2f5e87bad3c948f4d605d) (ScriptedImporter) -> (artifact id: '0071a8b1e08a77b3c2d70caaf2634878') in 0.0143466 seconds
Number of updated asset objects reloaded before import = 0Number of asset objects unloaded after import = 0

========================================================================
Received Import Request.
  Time since last request: 0.000030 seconds.
  path: Packages/com.unity.test-framework/UnityEngine.TestRunner/NUnitExtensions/Attributes/ConditionalIgnoreAttribute.cs
  artifactKey: Guid(c82a8473f4a8f7b42a004c91e06d2f2b) Importer(2089858483,b0f066a214c2f5e87bad3c948f4d605d)
Start importing Packages/com.unity.test-framework/UnityEngine.TestRunner/NUnitExtensions/Attributes/ConditionalIgnoreAttribute.cs using Guid(c82a8473f4a8f7b42a004c91e06d2f2b) Importer(2089858483,b0f066a214c2f5e87bad3c948f4d605d) (ScriptedImporter) -> (artifact id: '594be1a4c3c605f79d2befd3d19bf956') in 0.0134891 seconds
Number of updated asset objects reloaded before import = 0Number of asset objects unloaded after import = 0

========================================================================
Received Import Request.
  Time since last request: 0.000039 seconds.
  path: Packages/com.unity.burst/Runtime/Intrinsics/x86/Popcnt.cs
  artifactKey: Guid(e4725d04fd6336efbc80f25ae908c344) Importer(2089858483,b0f066a214c2f5e87bad3c948f4d605d)
Start importing Packages/com.unity.burst/Runtime/Intrinsics/x86/Popcnt.cs using Guid(e4725d04fd6336efbc80f25ae908c344) Importer(2089858483,b0f066a214c2f5e87bad3c948f4d605d) (ScriptedImporter) -> (artifact id: 'ceb250bb943a7406cd79caa2183a3067') in 0.0131605 seconds
Number of updated asset objects reloaded before import = 0Number of asset objects unloaded after import = 0

========================================================================
Received Import Request.
  Time since last request: 0.000046 seconds.
  path: Packages/com.unity.transport/Runtime/Pipelines
  artifactKey: Guid(2c439af55be04483ba9d0917fdc6eb98) Importer(2089858483,b0f066a214c2f5e87bad3c948f4d605d)
Start importing Packages/com.unity.transport/Runtime/Pipelines using Guid(2c439af55be04483ba9d0917fdc6eb98) Importer(2089858483,b0f066a214c2f5e87bad3c948f4d605d) (ScriptedImporter) -> (artifact id: '22d9fceb2488e3a87c1e51081c56978c') in 0.0121782 seconds
Number of updated asset objects reloaded before import = 0Number of asset objects unloaded after import = 1

========================================================================
Received Import Request.
  Time since last request: 0.000025 seconds.
  path: Packages/com.unity.test-framework/UnityEngine.TestRunner/Assertions/LogScope/ILogScope.cs
  artifactKey: Guid(3504aa04cda851b44a65973f9aead6f7) Importer(2089858483,b0f066a214c2f5e87bad3c948f4d605d)
Start importing Packages/com.unity.test-framework/UnityEngine.TestRunner/Assertions/LogScope/ILogScope.cs using Guid(3504aa04cda851b44a65973f9aead6f7) Importer(2089858483,b0f066a214c2f5e87bad3c948f4d605d) (ScriptedImporter) -> (artifact id: 'faebb4c4224e8dcaab87196bb071cd0f') in 0.013435 seconds
Number of updated asset objects reloaded before import = 0Number of asset objects unloaded after import = 0

========================================================================
Received Import Request.
  Time since last request: 0.000141 seconds.
  path: Packages/com.unity.collections/Unity.Collections.Tests/UnsafeAtomicCounterTests.cs
  artifactKey: Guid(586151f33b0f56d4e982fc9661d27323) Importer(2089858483,b0f066a214c2f5e87bad3c948f4d605d)
Start importing Packages/com.unity.collections/Unity.Collections.Tests/UnsafeAtomicCounterTests.cs using Guid(586151f33b0f56d4e982fc9661d27323) Importer(2089858483,b0f066a214c2f5e87bad3c948f4d605d) (ScriptedImporter) -> (artifact id: 'a4bda42c7c66d945426e6fc1254ee374') in 0.012269 seconds
Number of updated asset objects reloaded before import = 0Number of asset objects unloaded after import = 0

========================================================================
Received Import Request.
  Time since last request: 0.000034 seconds.
  path: Packages/com.unity.burst/Runtime/Intrinsics/x86/Ssse3.cs
  artifactKey: Guid(0904d56406a93977ad6ef642b548155d) Importer(2089858483,b0f066a214c2f5e87bad3c948f4d605d)
Start importing Packages/com.unity.burst/Runtime/Intrinsics/x86/Ssse3.cs using Guid(0904d56406a93977ad6ef642b548155d) Importer(2089858483,b0f066a214c2f5e87bad3c948f4d605d) (ScriptedImporter) -> (artifact id: '7529ba7b744e58c97fb4814f72cf8950') in 0.0126194 seconds
Number of updated asset objects reloaded before import = 0Number of asset objects unloaded after import = 0

========================================================================
Received Import Request.
  Time since last request: 0.000023 seconds.
  path: Packages/com.unity.collections/Unity.Collections.CodeGen/JobReflectionDataPostProcessor.cs
  artifactKey: Guid(303e5975f34d18c4d81f25c4af12839a) Importer(2089858483,b0f066a214c2f5e87bad3c948f4d605d)
Start importing Packages/com.unity.collections/Unity.Collections.CodeGen/JobReflectionDataPostProcessor.cs using Guid(303e5975f34d18c4d81f25c4af12839a) Importer(2089858483,b0f066a214c2f5e87bad3c948f4d605d) (ScriptedImporter) -> (artifact id: 'c9ee3ba3b314296b2c2c33411ca6d429') in 0.0146125 seconds
Number of updated asset objects reloaded before import = 0Number of asset objects unloaded after import = 0

========================================================================
Received Import Request.
  Time since last request: 0.000027 seconds.
  path: Packages/com.unity.test-framework/UnityEngine.TestRunner/NUnitExtensions/Filters/AndFilterExtended.cs
  artifactKey: Guid(94cf1990d9304aff8063ceaa4bc68f6d) Importer(2089858483,b0f066a214c2f5e87bad3c948f4d605d)
Start importing Packages/com.unity.test-framework/UnityEngine.TestRunner/NUnitExtensions/Filters/AndFilterExtended.cs using Guid(94cf1990d9304aff8063ceaa4bc68f6d) Importer(2089858483,b0f066a214c2f5e87bad3c948f4d605d) (ScriptedImporter) -> (artifact id: '40d96a6a097e7ab4fb071d615afa2250') in 0.0118541 seconds
Number of updated asset objects reloaded before import = 0Number of asset objects unloaded after import = 0

========================================================================
Received Import Request.
  Time since last request: 0.000060 seconds.
  path: Packages/com.unity.netcode.gameobjects/Runtime/Messaging/Messages/DestroyObjectMessage.cs
  artifactKey: Guid(18473ed11c97e7241aecb0c72d4bffb2) Importer(2089858483,b0f066a214c2f5e87bad3c948f4d605d)
Start importing Packages/com.unity.netcode.gameobjects/Runtime/Messaging/Messages/DestroyObjectMessage.cs using Guid(18473ed11c97e7241aecb0c72d4bffb2) Importer(2089858483,b0f066a214c2f5e87bad3c948f4d605d) (ScriptedImporter) -> (artifact id: 'b6c669b1d1447fb015342df1e66673db') in 0.0157865 seconds
Number of updated asset objects reloaded before import = 0Number of asset objects unloaded after import = 0

========================================================================
Received Import Request.
  Time since last request: 0.000033 seconds.
  path: Packages/com.unity.test-framework/UnityEditor.TestRunner/UnityTestProtocol/UnityTestProtocolListener.cs
  artifactKey: Guid(900aac3710bc14542a8d164e3f0ff820) Importer(2089858483,b0f066a214c2f5e87bad3c948f4d605d)
Start importing Packages/com.unity.test-framework/UnityEditor.TestRunner/UnityTestProtocol/UnityTestProtocolListener.cs using Guid(900aac3710bc14542a8d164e3f0ff820) Importer(2089858483,b0f066a214c2f5e87bad3c948f4d605d) (ScriptedImporter) -> (artifact id: '66c9cf48920b7230354629b115b71bd1') in 0.0118011 seconds
Number of updated asset objects reloaded before import = 0Number of asset objects unloaded after import = 0

========================================================================
Received Import Request.
  Time since last request: 0.000029 seconds.
  path: Packages/com.unity.test-framework/UnityEngine.TestRunner/NUnitExtensions/Runner/PlaymodeWorkItemFactory.cs
  artifactKey: Guid(7ef6801a8b664544aa9f2ab1bc1f8b60) Importer(2089858483,b0f066a214c2f5e87bad3c948f4d605d)
Start importing Packages/com.unity.test-framework/UnityEngine.TestRunner/NUnitExtensions/Runner/PlaymodeWorkItemFactory.cs using Guid(7ef6801a8b664544aa9f2ab1bc1f8b60) Importer(2089858483,b0f066a214c2f5e87bad3c948f4d605d) (ScriptedImporter) -> (artifact id: '163bd76f8912450e6d598eea33071aab') in 0.0120378 seconds
Number of updated asset objects reloaded before import = 0Number of asset objects unloaded after import = 0

========================================================================
Received Import Request.
  Time since last request: 0.000074 seconds.
  path: Packages/com.unity.netcode.gameobjects/Runtime/Serialization/ByteUtility.cs
  artifactKey: Guid(25bb0dd7157c423b8cfe0ecf06e15ae5) Importer(2089858483,b0f066a214c2f5e87bad3c948f4d605d)
Start importing Packages/com.unity.netcode.gameobjects/Runtime/Serialization/ByteUtility.cs using Guid(25bb0dd7157c423b8cfe0ecf06e15ae5) Importer(2089858483,b0f066a214c2f5e87bad3c948f4d605d) (ScriptedImporter) -> (artifact id: 'eaa2aa73087af21674583561418308b9') in 0.014232 seconds
Number of updated asset objects reloaded before import = 0Number of asset objects unloaded after import = 0

========================================================================
Received Import Request.
  Time since last request: 0.000028 seconds.
  path: Packages/com.unity.test-framework/UnityEngine.TestRunner/NUnitExtensions/ConstructDelegator.cs
  artifactKey: Guid(b42e1db66fe9c634798674cb9e1df2ca) Importer(2089858483,b0f066a214c2f5e87bad3c948f4d605d)
Start importing Packages/com.unity.test-framework/UnityEngine.TestRunner/NUnitExtensions/ConstructDelegator.cs using Guid(b42e1db66fe9c634798674cb9e1df2ca) Importer(2089858483,b0f066a214c2f5e87bad3c948f4d605d) (ScriptedImporter) -> (artifact id: '5f382380ecc878d0bfc2501ebfc3f1e7') in 0.0130072 seconds
Number of updated asset objects reloaded before import = 0Number of asset objects unloaded after import = 0

========================================================================
Received Import Request.
  Time since last request: 0.000026 seconds.
  path: Packages/com.unity.transport/Runtime/Relay/Messages/RelayMessageBind.cs
  artifactKey: Guid(3d3f05b74f275ef4bb62f7c96ed54f69) Importer(2089858483,b0f066a214c2f5e87bad3c948f4d605d)
Start importing Packages/com.unity.transport/Runtime/Relay/Messages/RelayMessageBind.cs using Guid(3d3f05b74f275ef4bb62f7c96ed54f69) Importer(2089858483,b0f066a214c2f5e87bad3c948f4d605d) (ScriptedImporter) -> (artifact id: 'c345ceeef53623050ed557c1ee2e5380') in 0.0141526 seconds
Number of updated asset objects reloaded before import = 0Number of asset objects unloaded after import = 0

========================================================================
Received Import Request.
  Time since last request: 0.000026 seconds.
  path: Packages/com.unity.netcode.gameobjects/Tests/Runtime/Helpers/MessageCatcher.cs
  artifactKey: Guid(f008d074bcb841ae90b1949f9e2f0854) Importer(2089858483,b0f066a214c2f5e87bad3c948f4d605d)
Start importing Packages/com.unity.netcode.gameobjects/Tests/Runtime/Helpers/MessageCatcher.cs using Guid(f008d074bcb841ae90b1949f9e2f0854) Importer(2089858483,b0f066a214c2f5e87bad3c948f4d605d) (ScriptedImporter) -> (artifact id: '61336190563f043951d7d2b6c6bc5c6c') in 0.0129736 seconds
Number of updated asset objects reloaded before import = 0Number of asset objects unloaded after import = 0

========================================================================
Received Import Request.
  Time since last request: 0.000053 seconds.
  path: Packages/com.unity.collections/Unity.Collections.Tests/NativeParallelHashMapTests_InJobs.cs
  artifactKey: Guid(c30fe0e64fef64239b70bb447e82e4a8) Importer(2089858483,b0f066a214c2f5e87bad3c948f4d605d)
Start importing Packages/com.unity.collections/Unity.Collections.Tests/NativeParallelHashMapTests_InJobs.cs using Guid(c30fe0e64fef64239b70bb447e82e4a8) Importer(2089858483,b0f066a214c2f5e87bad3c948f4d605d) (ScriptedImporter) -> (artifact id: 'c18d47e296dde6f9e3890123a0911dbe') in 0.0124936 seconds
Number of updated asset objects reloaded before import = 0Number of asset objects unloaded after import = 0

========================================================================
Received Import Request.
  Time since last request: 0.000063 seconds.
  path: Packages/com.unity.netcode.gameobjects/Tests/Runtime/Profiling
  artifactKey: Guid(6b613c8dd4ba7d046b62971a3cb631ed) Importer(2089858483,b0f066a214c2f5e87bad3c948f4d605d)
Start importing Packages/com.unity.netcode.gameobjects/Tests/Runtime/Profiling using Guid(6b613c8dd4ba7d046b62971a3cb631ed) Importer(2089858483,b0f066a214c2f5e87bad3c948f4d605d) (ScriptedImporter) -> (artifact id: '6abc35ecf9ba01140f129bae34f41017') in 0.0146528 seconds
Number of updated asset objects reloaded before import = 0Number of asset objects unloaded after import = 1

========================================================================
Received Import Request.
  Time since last request: 0.000023 seconds.
  path: Packages/com.unity.test-framework/UnityEngine.TestRunner/TestRunner/PlaymodeTestsController.cs
  artifactKey: Guid(102e512f651ee834f951a2516c1ea3b8) Importer(2089858483,b0f066a214c2f5e87bad3c948f4d605d)
Start importing Packages/com.unity.test-framework/UnityEngine.TestRunner/TestRunner/PlaymodeTestsController.cs using Guid(102e512f651ee834f951a2516c1ea3b8) Importer(2089858483,b0f066a214c2f5e87bad3c948f4d605d) (ScriptedImporter) -> (artifact id: '5df91d9250495a2056b2fb9ec65319be') in 0.037744 seconds
Number of updated asset objects reloaded before import = 0Number of asset objects unloaded after import = 0

========================================================================
Received Import Request.
  Time since last request: 0.000046 seconds.
  path: Packages/com.unity.test-framework.performance/Runtime/Statistics/NormalDistributionHelper.cs
  artifactKey: Guid(fe39db111ce84f2b933e63e8cced3493) Importer(2089858483,b0f066a214c2f5e87bad3c948f4d605d)
Start importing Packages/com.unity.test-framework.performance/Runtime/Statistics/NormalDistributionHelper.cs using Guid(fe39db111ce84f2b933e63e8cced3493) Importer(2089858483,b0f066a214c2f5e87bad3c948f4d605d) (ScriptedImporter) -> (artifact id: '3bf2832d4d7e3e29a089154f6026ec9d') in 0.0122589 seconds
Number of updated asset objects reloaded before import = 0Number of asset objects unloaded after import = 0

========================================================================
Received Import Request.
  Time since last request: 0.000090 seconds.
  path: Packages/com.unity.netcode.gameobjects/Tests/Runtime/Connection/ConnectionApproval.cs
  artifactKey: Guid(52ef2017d72b57f418907e98e1d8b90a) Importer(2089858483,b0f066a214c2f5e87bad3c948f4d605d)
Start importing Packages/com.unity.netcode.gameobjects/Tests/Runtime/Connection/ConnectionApproval.cs using Guid(52ef2017d72b57f418907e98e1d8b90a) Importer(2089858483,b0f066a214c2f5e87bad3c948f4d605d) (ScriptedImporter) -> (artifact id: 'bc3da805c49799c9fc7421c32cf509f8') in 0.0114907 seconds
Number of updated asset objects reloaded before import = 0Number of asset objects unloaded after import = 0

========================================================================
Received Import Request.
  Time since last request: 0.000057 seconds.
  path: Packages/com.unity.test-framework/UnityEditor.TestRunner/Api
  artifactKey: Guid(fa423365b1ce06a4dbdc6fb4a8597bfa) Importer(2089858483,b0f066a214c2f5e87bad3c948f4d605d)
Start importing Packages/com.unity.test-framework/UnityEditor.TestRunner/Api using Guid(fa423365b1ce06a4dbdc6fb4a8597bfa) Importer(2089858483,b0f066a214c2f5e87bad3c948f4d605d) (ScriptedImporter) -> (artifact id: 'df5cc17010d4f3c0aca940268dcc35ec') in 0.0111221 seconds
Number of updated asset objects reloaded before import = 0Number of asset objects unloaded after import = 1

========================================================================
Received Import Request.
  Time since last request: 0.000041 seconds.
  path: Packages/com.unity.test-framework/UnityEditor.TestRunner/TestRun/Tasks/Scene/CreateNewSceneTask.cs
  artifactKey: Guid(6dff66623000ef448ab68db41d803d95) Importer(2089858483,b0f066a214c2f5e87bad3c948f4d605d)
Start importing Packages/com.unity.test-framework/UnityEditor.TestRunner/TestRun/Tasks/Scene/CreateNewSceneTask.cs using Guid(6dff66623000ef448ab68db41d803d95) Importer(2089858483,b0f066a214c2f5e87bad3c948f4d605d) (ScriptedImporter) -> (artifact id: '167f635ddb39f7afd65a23855f9c4cdf') in 0.0160431 seconds
Number of updated asset objects reloaded before import = 0Number of asset objects unloaded after import = 0

========================================================================
Received Import Request.
  Time since last request: 0.000028 seconds.
  path: Packages/com.unity.mathematics/Tests/Tests/Shared/TestBool2x4.gen.cs
  artifactKey: Guid(fa56fbe206d514b43a4f21c1ecd2a9bd) Importer(2089858483,b0f066a214c2f5e87bad3c948f4d605d)
Start importing Packages/com.unity.mathematics/Tests/Tests/Shared/TestBool2x4.gen.cs using Guid(fa56fbe206d514b43a4f21c1ecd2a9bd) Importer(2089858483,b0f066a214c2f5e87bad3c948f4d605d) (ScriptedImporter) -> (artifact id: '10098aade6b3badf1cae9b6f9a16d393') in 0.0118001 seconds
Number of updated asset objects reloaded before import = 0Number of asset objects unloaded after import = 0

========================================================================
Received Import Request.
  Time since last request: 0.000027 seconds.
  path: Packages/com.unity.netcode.gameobjects/Editor/NetcodeEditorBase.cs
  artifactKey: Guid(4ce97256a2d80f94bb340e13c71a24b8) Importer(2089858483,b0f066a214c2f5e87bad3c948f4d605d)
Start importing Packages/com.unity.netcode.gameobjects/Editor/NetcodeEditorBase.cs using Guid(4ce97256a2d80f94bb340e13c71a24b8) Importer(2089858483,b0f066a214c2f5e87bad3c948f4d605d) (ScriptedImporter) -> (artifact id: '9343aa87c9791d1c1e32f3c5c458be29') in 0.0149353 seconds
Number of updated asset objects reloaded before import = 0Number of asset objects unloaded after import = 0

========================================================================
Received Import Request.
  Time since last request: 0.000059 seconds.
  path: Packages/com.unity.mathematics/Unity.Mathematics/Noise/common.cs
  artifactKey: Guid(e99a8e417be944dfaad14c2d60f8450d) Importer(2089858483,b0f066a214c2f5e87bad3c948f4d605d)
Start importing Packages/com.unity.mathematics/Unity.Mathematics/Noise/common.cs using Guid(e99a8e417be944dfaad14c2d60f8450d) Importer(2089858483,b0f066a214c2f5e87bad3c948f4d605d) (ScriptedImporter) -> (artifact id: '3fba3bf0e930c0b0b5d40426da5705a1') in 0.0150774 seconds
Number of updated asset objects reloaded before import = 0Number of asset objects unloaded after import = 0

========================================================================
Received Import Request.
  Time since last request: 0.000029 seconds.
  path: Packages/com.unity.transport/Runtime/IPCNetworkInterface.cs
  artifactKey: Guid(137e5edeb5e8eea4ca03b69eb129165c) Importer(2089858483,b0f066a214c2f5e87bad3c948f4d605d)
Start importing Packages/com.unity.transport/Runtime/IPCNetworkInterface.cs using Guid(137e5edeb5e8eea4ca03b69eb129165c) Importer(2089858483,b0f066a214c2f5e87bad3c948f4d605d) (ScriptedImporter) -> (artifact id: '1d32ed1e735c66be18b63ea4b6fd76d6') in 0.0123754 seconds
Number of updated asset objects reloaded before import = 0Number of asset objects unloaded after import = 0

========================================================================
Received Import Request.
  Time since last request: 0.000028 seconds.
  path: Packages/com.unity.burst/Runtime/SharedStatic.cs
  artifactKey: Guid(846fa0bc75d83bf68b12e21e5594a612) Importer(2089858483,b0f066a214c2f5e87bad3c948f4d605d)
Start importing Packages/com.unity.burst/Runtime/SharedStatic.cs using Guid(846fa0bc75d83bf68b12e21e5594a612) Importer(2089858483,b0f066a214c2f5e87bad3c948f4d605d) (ScriptedImporter) -> (artifact id: '4be53f012ba39d316b1dc8caa61f36ec') in 0.0144107 seconds
Number of updated asset objects reloaded before import = 0Number of asset objects unloaded after import = 0

========================================================================
Received Import Request.
  Time since last request: 0.000040 seconds.
  path: Packages/com.unity.transport/Runtime/Layers/NetworkInterfaceLayer.cs
  artifactKey: Guid(730a42312eea4054a94afe21681fe204) Importer(2089858483,b0f066a214c2f5e87bad3c948f4d605d)
Start importing Packages/com.unity.transport/Runtime/Layers/NetworkInterfaceLayer.cs using Guid(730a42312eea4054a94afe21681fe204) Importer(2089858483,b0f066a214c2f5e87bad3c948f4d605d) (ScriptedImporter) -> (artifact id: '7d0bbfaadbd2cfff8f1a59e82377eebf') in 0.0123193 seconds
Number of updated asset objects reloaded before import = 0Number of asset objects unloaded after import = 0

========================================================================
Received Import Request.
  Time since last request: 0.000023 seconds.
  path: Packages/com.unity.test-framework/UnityEditor.TestRunner/TestRun/Tasks/Platform/PlatformSpecificSuccessfulLaunchTask.cs
  artifactKey: Guid(31d26a10516a4ac7a9bfdcac13a6386e) Importer(2089858483,b0f066a214c2f5e87bad3c948f4d605d)
Start importing Packages/com.unity.test-framework/UnityEditor.TestRunner/TestRun/Tasks/Platform/PlatformSpecificSuccessfulLaunchTask.cs using Guid(31d26a10516a4ac7a9bfdcac13a6386e) Importer(2089858483,b0f066a214c2f5e87bad3c948f4d605d) (ScriptedImporter) -> (artifact id: '47a13dbff2bd65f52a0965eb84cd0acb') in 0.0134326 seconds
Number of updated asset objects reloaded before import = 0Number of asset objects unloaded after import = 0

========================================================================
Received Import Request.
  Time since last request: 0.000025 seconds.
  path: Packages/com.unity.test-framework/UnityEditor.TestRunner/Api/IgnoreTest.cs
  artifactKey: Guid(a785dd14005a471483d6732fabeee0ea) Importer(2089858483,b0f066a214c2f5e87bad3c948f4d605d)
Start importing Packages/com.unity.test-framework/UnityEditor.TestRunner/Api/IgnoreTest.cs using Guid(a785dd14005a471483d6732fabeee0ea) Importer(2089858483,b0f066a214c2f5e87bad3c948f4d605d) (ScriptedImporter) -> (artifact id: '304eb7b8ec22abab3771f86dd5ba5529') in 0.0134178 seconds
Number of updated asset objects reloaded before import = 0Number of asset objects unloaded after import = 0

========================================================================
Received Import Request.
  Time since last request: 0.000041 seconds.
  path: Packages/com.unity.collections/Unity.Collections/NativeText.gen.cs
  artifactKey: Guid(c96af7680ee0e6c4095162d932aadf52) Importer(2089858483,b0f066a214c2f5e87bad3c948f4d605d)
Start importing Packages/com.unity.collections/Unity.Collections/NativeText.gen.cs using Guid(c96af7680ee0e6c4095162d932aadf52) Importer(2089858483,b0f066a214c2f5e87bad3c948f4d605d) (ScriptedImporter) -> (artifact id: 'f1dcc7b9b2d532dadb0054193ffa3253') in 0.0141608 seconds
Number of updated asset objects reloaded before import = 0Number of asset objects unloaded after import = 0

========================================================================
Received Import Request.
  Time since last request: 0.000041 seconds.
  path: Packages/com.unity.test-framework/UnityEditor.TestRunner/GUI/Controls/BitUtility.cs
  artifactKey: Guid(24a5f331fec74c9aa9e1e5d74b5a9589) Importer(2089858483,b0f066a214c2f5e87bad3c948f4d605d)
Start importing Packages/com.unity.test-framework/UnityEditor.TestRunner/GUI/Controls/BitUtility.cs using Guid(24a5f331fec74c9aa9e1e5d74b5a9589) Importer(2089858483,b0f066a214c2f5e87bad3c948f4d605d) (ScriptedImporter) -> (artifact id: '53fe783e3d53996dfdb1e9a247404e99') in 0.0135327 seconds
Number of updated asset objects reloaded before import = 0Number of asset objects unloaded after import = 0

========================================================================
Received Import Request.
  Time since last request: 0.000042 seconds.
  path: Packages/com.unity.collections/Unity.Collections.PerformanceTests/BenchmarkContainer.cs
  artifactKey: Guid(7956c264a4f322048ae516dae097b33a) Importer(2089858483,b0f066a214c2f5e87bad3c948f4d605d)
Start importing Packages/com.unity.collections/Unity.Collections.PerformanceTests/BenchmarkContainer.cs using Guid(7956c264a4f322048ae516dae097b33a) Importer(2089858483,b0f066a214c2f5e87bad3c948f4d605d) (ScriptedImporter) -> (artifact id: '99d3eb1842795aa27f5cb3af8bc00582') in 0.011593 seconds
Number of updated asset objects reloaded before import = 0Number of asset objects unloaded after import = 0

========================================================================
Received Import Request.
  Time since last request: 0.000133 seconds.
  path: Packages/com.unity.burst/Runtime/CompilerServices/Hint.cs
  artifactKey: Guid(b570e06d83103645837b57ee63c39049) Importer(2089858483,b0f066a214c2f5e87bad3c948f4d605d)
Start importing Packages/com.unity.burst/Runtime/CompilerServices/Hint.cs using Guid(b570e06d83103645837b57ee63c39049) Importer(2089858483,b0f066a214c2f5e87bad3c948f4d605d) (ScriptedImporter) -> (artifact id: '6afe74a42676231ac12ad2ca71056e73') in 0.0141826 seconds
Number of updated asset objects reloaded before import = 0Number of asset objects unloaded after import = 0

========================================================================
Received Import Request.
  Time since last request: 0.000021 seconds.
  path: Packages/com.unity.test-framework/UnityEditor.TestRunner/TestRun/Tasks/Platform/PlatformSpecificPostBuildTask.cs
  artifactKey: Guid(646cce3bdb8d461d980d11d729ab3312) Importer(2089858483,b0f066a214c2f5e87bad3c948f4d605d)
Start importing Packages/com.unity.test-framework/UnityEditor.TestRunner/TestRun/Tasks/Platform/PlatformSpecificPostBuildTask.cs using Guid(646cce3bdb8d461d980d11d729ab3312) Importer(2089858483,b0f066a214c2f5e87bad3c948f4d605d) (ScriptedImporter) -> (artifact id: 'a35bde6e70c20ce3b5d34081f5737ffb') in 0.0113605 seconds
Number of updated asset objects reloaded before import = 0Number of asset objects unloaded after import = 0

========================================================================
Received Import Request.
  Time since last request: 0.000067 seconds.
  path: Packages/com.unity.transport/Runtime/NetworkDriverReceiver.cs
  artifactKey: Guid(87d5ce23ec42e4646819a054f6118b7e) Importer(2089858483,b0f066a214c2f5e87bad3c948f4d605d)
Start importing Packages/com.unity.transport/Runtime/NetworkDriverReceiver.cs using Guid(87d5ce23ec42e4646819a054f6118b7e) Importer(2089858483,b0f066a214c2f5e87bad3c948f4d605d) (ScriptedImporter) -> (artifact id: '0f8a661185b22a720fab9b114bd47408') in 0.012394 seconds
Number of updated asset objects reloaded before import = 0Number of asset objects unloaded after import = 0

========================================================================
Received Import Request.
  Time since last request: 0.000032 seconds.
  path: Packages/com.unity.collections/Unity.Collections.PerformanceTests/Unity.PerformanceTesting.Benchmark/MarkdownBuilder.cs
  artifactKey: Guid(a915ab4289326f442bb155465a18b013) Importer(2089858483,b0f066a214c2f5e87bad3c948f4d605d)
Start importing Packages/com.unity.collections/Unity.Collections.PerformanceTests/Unity.PerformanceTesting.Benchmark/MarkdownBuilder.cs using Guid(a915ab4289326f442bb155465a18b013) Importer(2089858483,b0f066a214c2f5e87bad3c948f4d605d) (ScriptedImporter) -> (artifact id: '88e6e7097505806740292136c13e6235') in 0.0131139 seconds
Number of updated asset objects reloaded before import = 0Number of asset objects unloaded after import = 0

========================================================================
Received Import Request.
  Time since last request: 0.000095 seconds.
  path: Packages/com.unity.netcode.gameobjects/Runtime/Messaging/RpcTargets/LocalSendRpcTarget.cs
  artifactKey: Guid(c3b290cdc20d4d2293652ec79652962a) Importer(2089858483,b0f066a214c2f5e87bad3c948f4d605d)
Start importing Packages/com.unity.netcode.gameobjects/Runtime/Messaging/RpcTargets/LocalSendRpcTarget.cs using Guid(c3b290cdc20d4d2293652ec79652962a) Importer(2089858483,b0f066a214c2f5e87bad3c948f4d605d) (ScriptedImporter) -> (artifact id: 'e857f3d6d2e0ac56c1a703c21ee7df48') in 0.0114255 seconds
Number of updated asset objects reloaded before import = 0Number of asset objects unloaded after import = 0

========================================================================
Received Import Request.
  Time since last request: 0.000047 seconds.
  path: Packages/com.unity.test-framework/UnityEditor.TestRunner/TestRunner/Messages/RecompileScripts.cs
  artifactKey: Guid(9202fbba95ea8294cb5e718f028f21b0) Importer(2089858483,b0f066a214c2f5e87bad3c948f4d605d)
Start importing Packages/com.unity.test-framework/UnityEditor.TestRunner/TestRunner/Messages/RecompileScripts.cs using Guid(9202fbba95ea8294cb5e718f028f21b0) Importer(2089858483,b0f066a214c2f5e87bad3c948f4d605d) (ScriptedImporter) -> (artifact id: '5b38748db07bf4d3bc3ec003d4fd99d3') in 0.0138375 seconds
Number of updated asset objects reloaded before import = 0Number of asset objects unloaded after import = 0

========================================================================
Received Import Request.
  Time since last request: 0.000029 seconds.
  path: Packages/com.unity.test-framework/UnityEditor.TestRunner/NUnitExtension/Attributes/AssetPipelineIgnore.cs
  artifactKey: Guid(b88caca58e05ee74486d86fb404c48e2) Importer(2089858483,b0f066a214c2f5e87bad3c948f4d605d)
Start importing Packages/com.unity.test-framework/UnityEditor.TestRunner/NUnitExtension/Attributes/AssetPipelineIgnore.cs using Guid(b88caca58e05ee74486d86fb404c48e2) Importer(2089858483,b0f066a214c2f5e87bad3c948f4d605d) (ScriptedImporter) -> (artifact id: '01cc9b5c8f85850c8248c452faa4cccd') in 0.0144111 seconds
Number of updated asset objects reloaded before import = 0Number of asset objects unloaded after import = 0

========================================================================
Received Import Request.
  Time since last request: 0.000050 seconds.
  path: Packages/com.unity.test-framework/UnityEditor.TestRunner/TestRunner/Callbacks/WindowResultUpdater.cs
  artifactKey: Guid(6d468ee3657be7a43a2ef2178ec14239) Importer(2089858483,b0f066a214c2f5e87bad3c948f4d605d)
Start importing Packages/com.unity.test-framework/UnityEditor.TestRunner/TestRunner/Callbacks/WindowResultUpdater.cs using Guid(6d468ee3657be7a43a2ef2178ec14239) Importer(2089858483,b0f066a214c2f5e87bad3c948f4d605d) (ScriptedImporter) -> (artifact id: 'f08bf7fe6478b153909fd328049a6b34') in 0.0128643 seconds
Number of updated asset objects reloaded before import = 0Number of asset objects unloaded after import = 0

========================================================================
Received Import Request.
  Time since last request: 0.000027 seconds.
  path: Packages/com.unity.netcode.gameobjects/Runtime/Transports/UTP/UnityTransport.cs
  artifactKey: Guid(6960e84d07fb87f47956e7a81d71c4e6) Importer(2089858483,b0f066a214c2f5e87bad3c948f4d605d)
Start importing Packages/com.unity.netcode.gameobjects/Runtime/Transports/UTP/UnityTransport.cs using Guid(6960e84d07fb87f47956e7a81d71c4e6) Importer(2089858483,b0f066a214c2f5e87bad3c948f4d605d) (ScriptedImporter) -> (artifact id: 'd43ccae139f817762906286a49c87db0') in 0.0123967 seconds
Number of updated asset objects reloaded before import = 0Number of asset objects unloaded after import = 0

========================================================================
Received Import Request.
  Time since last request: 0.000025 seconds.
  path: Packages/com.unity.collections/Unity.Collections/Jobs/IJobFilter.cs
  artifactKey: Guid(c3f9809ba4de01446ae82a0e4f3da278) Importer(2089858483,b0f066a214c2f5e87bad3c948f4d605d)
Start importing Packages/com.unity.collections/Unity.Collections/Jobs/IJobFilter.cs using Guid(c3f9809ba4de01446ae82a0e4f3da278) Importer(2089858483,b0f066a214c2f5e87bad3c948f4d605d) (ScriptedImporter) -> (artifact id: '3cb6bce97941845ab25b58d11cdfbb32') in 0.0116347 seconds
Number of updated asset objects reloaded before import = 0Number of asset objects unloaded after import = 0

========================================================================
Received Import Request.
  Time since last request: 0.000025 seconds.
  path: Packages/com.unity.mathematics/Tests/Tests/Shared/TestUint2x3.gen.cs
  artifactKey: Guid(957fb6da77f246049898f0ef4647166d) Importer(2089858483,b0f066a214c2f5e87bad3c948f4d605d)
Start importing Packages/com.unity.mathematics/Tests/Tests/Shared/TestUint2x3.gen.cs using Guid(957fb6da77f246049898f0ef4647166d) Importer(2089858483,b0f066a214c2f5e87bad3c948f4d605d) (ScriptedImporter) -> (artifact id: 'b5f1433133b3af584c76bf8012979d88') in 0.1116858 seconds
Number of updated asset objects reloaded before import = 0Number of asset objects unloaded after import = 0

========================================================================
Received Import Request.
  Time since last request: 0.000022 seconds.
  path: Packages/com.unity.collections/Unity.Collections.Tests/CustomAllocatorTests.cs
  artifactKey: Guid(dca80967668c4d89a4dae5bd097484ef) Importer(2089858483,b0f066a214c2f5e87bad3c948f4d605d)
Start importing Packages/com.unity.collections/Unity.Collections.Tests/CustomAllocatorTests.cs using Guid(dca80967668c4d89a4dae5bd097484ef) Importer(2089858483,b0f066a214c2f5e87bad3c948f4d605d) (ScriptedImporter) -> (artifact id: 'ee644c93a93542c92c34a5c0f5c9eeed') in 0.0139447 seconds
Number of updated asset objects reloaded before import = 0Number of asset objects unloaded after import = 0

========================================================================
Received Import Request.
  Time since last request: 0.000054 seconds.
  path: Packages/com.unity.test-framework.performance/Runtime/Data/Player.cs
  artifactKey: Guid(451a2d412ec85674b870cfe148524e5c) Importer(2089858483,b0f066a214c2f5e87bad3c948f4d605d)
Start importing Packages/com.unity.test-framework.performance/Runtime/Data/Player.cs using Guid(451a2d412ec85674b870cfe148524e5c) Importer(2089858483,b0f066a214c2f5e87bad3c948f4d605d) (ScriptedImporter) -> (artifact id: 'b74dd278a64c0d3b898a2320ad4587f6') in 0.0150738 seconds
Number of updated asset objects reloaded before import = 0Number of asset objects unloaded after import = 0

========================================================================
Received Import Request.
  Time since last request: 0.000051 seconds.
  path: Packages/com.unity.burst/Runtime/Editor/BurstEditorOptions.cs
  artifactKey: Guid(d81d96b8ea1936359196f069c6e225d8) Importer(2089858483,b0f066a214c2f5e87bad3c948f4d605d)
Start importing Packages/com.unity.burst/Runtime/Editor/BurstEditorOptions.cs using Guid(d81d96b8ea1936359196f069c6e225d8) Importer(2089858483,b0f066a214c2f5e87bad3c948f4d605d) (ScriptedImporter) -> (artifact id: 'f2a814ffb71346db883374ab3c2dd329') in 0.0126359 seconds
Number of updated asset objects reloaded before import = 0Number of asset objects unloaded after import = 0

========================================================================
Received Import Request.
  Time since last request: 0.000048 seconds.
  path: Packages/com.unity.test-framework/UnityEditor.TestRunner/Api/ExecutionSettings.cs
  artifactKey: Guid(eea34a28297f9bc4c9f4c573bc8d5d1c) Importer(2089858483,b0f066a214c2f5e87bad3c948f4d605d)
Start importing Packages/com.unity.test-framework/UnityEditor.TestRunner/Api/ExecutionSettings.cs using Guid(eea34a28297f9bc4c9f4c573bc8d5d1c) Importer(2089858483,b0f066a214c2f5e87bad3c948f4d605d) (ScriptedImporter) -> (artifact id: 'af5db1c4caf0993008ff260098001025') in 0.0135682 seconds
Number of updated asset objects reloaded before import = 0Number of asset objects unloaded after import = 0

========================================================================
Received Import Request.
  Time since last request: 0.000059 seconds.
  path: Packages/com.unity.mathematics/Tests/Tests/Shared/TestInt3x3.gen.cs
  artifactKey: Guid(1e50b53d0c552004db62a39d61d06297) Importer(2089858483,b0f066a214c2f5e87bad3c948f4d605d)
Start importing Packages/com.unity.mathematics/Tests/Tests/Shared/TestInt3x3.gen.cs using Guid(1e50b53d0c552004db62a39d61d06297) Importer(2089858483,b0f066a214c2f5e87bad3c948f4d605d) (ScriptedImporter) -> (artifact id: 'c3b861a061e33caac7e024ce0514d926') in 0.0139405 seconds
Number of updated asset objects reloaded before import = 0Number of asset objects unloaded after import = 0

========================================================================
Received Import Request.
  Time since last request: 0.000051 seconds.
  path: Packages/com.unity.netcode.gameobjects/Tests/Editor/InterpolatorTests.cs
  artifactKey: Guid(a5cfbc170161c4e95ac6124ee43068b6) Importer(2089858483,b0f066a214c2f5e87bad3c948f4d605d)
Start importing Packages/com.unity.netcode.gameobjects/Tests/Editor/InterpolatorTests.cs using Guid(a5cfbc170161c4e95ac6124ee43068b6) Importer(2089858483,b0f066a214c2f5e87bad3c948f4d605d) (ScriptedImporter) -> (artifact id: '5338ffa0dc2cbd4ddf8277b25eabae24') in 0.011823 seconds
Number of updated asset objects reloaded before import = 0Number of asset objects unloaded after import = 0

========================================================================
Received Import Request.
  Time since last request: 0.000033 seconds.
  path: Packages/com.unity.test-framework/UnityEngine.TestRunner/NUnitExtensions/Commands/ImmediateEnumerableCommand.cs
  artifactKey: Guid(8349e42a2b30c7a4abd8678c203428ba) Importer(2089858483,b0f066a214c2f5e87bad3c948f4d605d)
Start importing Packages/com.unity.test-framework/UnityEngine.TestRunner/NUnitExtensions/Commands/ImmediateEnumerableCommand.cs using Guid(8349e42a2b30c7a4abd8678c203428ba) Importer(2089858483,b0f066a214c2f5e87bad3c948f4d605d) (ScriptedImporter) -> (artifact id: 'e6378332bd7115faa30a5e0f41bab086') in 0.0144497 seconds
Number of updated asset objects reloaded before import = 0Number of asset objects unloaded after import = 0

========================================================================
Received Import Request.
  Time since last request: 0.000034 seconds.
  path: Packages/com.unity.collections/Unity.Collections.PerformanceTests/Unity.PerformanceTesting.Benchmark/BenchmarkAttributes.cs
  artifactKey: Guid(cded6950a1396c145bf6687a3a482b50) Importer(2089858483,b0f066a214c2f5e87bad3c948f4d605d)
Start importing Packages/com.unity.collections/Unity.Collections.PerformanceTests/Unity.PerformanceTesting.Benchmark/BenchmarkAttributes.cs using Guid(cded6950a1396c145bf6687a3a482b50) Importer(2089858483,b0f066a214c2f5e87bad3c948f4d605d) (ScriptedImporter) -> (artifact id: '925259691df833954d013afb23ab3df5') in 0.0530961 seconds
Number of updated asset objects reloaded before import = 0Number of asset objects unloaded after import = 0

========================================================================
Received Import Request.
  Time since last request: 0.000054 seconds.
  path: Packages/com.unity.test-framework.performance/Runtime/SampleGroup.cs
  artifactKey: Guid(73f2494dd08c9be49b00d97aada5ee77) Importer(2089858483,b0f066a214c2f5e87bad3c948f4d605d)
Start importing Packages/com.unity.test-framework.performance/Runtime/SampleGroup.cs using Guid(73f2494dd08c9be49b00d97aada5ee77) Importer(2089858483,b0f066a214c2f5e87bad3c948f4d605d) (ScriptedImporter) -> (artifact id: 'cdf7adcbab2749337776f589746175de') in 0.0119956 seconds
Number of updated asset objects reloaded before import = 0Number of asset objects unloaded after import = 0

========================================================================
Received Import Request.
  Time since last request: 0.000029 seconds.
  path: Packages/com.unity.test-framework/UnityEditor.TestRunner/CommandLineTest/IExecuter.cs
  artifactKey: Guid(3297738ef11b478a8b7ee802953ae768) Importer(2089858483,b0f066a214c2f5e87bad3c948f4d605d)
Start importing Packages/com.unity.test-framework/UnityEditor.TestRunner/CommandLineTest/IExecuter.cs using Guid(3297738ef11b478a8b7ee802953ae768) Importer(2089858483,b0f066a214c2f5e87bad3c948f4d605d) (ScriptedImporter) -> (artifact id: 'e1d7d8d2d05a698b26cb2fcfeef6ed6d') in 0.015271 seconds
Number of updated asset objects reloaded before import = 0Number of asset objects unloaded after import = 0

========================================================================
Received Import Request.
  Time since last request: 0.000043 seconds.
  path: Packages/com.unity.netcode.gameobjects/Tests/Runtime/NetworkObject/NetworkObjectOwnershipPropertiesTests.cs
  artifactKey: Guid(7c88cc36139c1574fba571485477d642) Importer(2089858483,b0f066a214c2f5e87bad3c948f4d605d)
Start importing Packages/com.unity.netcode.gameobjects/Tests/Runtime/NetworkObject/NetworkObjectOwnershipPropertiesTests.cs using Guid(7c88cc36139c1574fba571485477d642) Importer(2089858483,b0f066a214c2f5e87bad3c948f4d605d) (ScriptedImporter) -> (artifact id: 'edc90fb0a6bfb5c30b4bf5ea22b25489') in 0.0128811 seconds
Number of updated asset objects reloaded before import = 0Number of asset objects unloaded after import = 0

========================================================================
Received Import Request.
  Time since last request: 0.000041 seconds.
  path: Packages/com.unity.test-framework.performance/LICENSE.md
  artifactKey: Guid(9c8887056eaaa7e4888ca0131e2892da) Importer(2089858483,b0f066a214c2f5e87bad3c948f4d605d)
Start importing Packages/com.unity.test-framework.performance/LICENSE.md using Guid(9c8887056eaaa7e4888ca0131e2892da) Importer(2089858483,b0f066a214c2f5e87bad3c948f4d605d) (ScriptedImporter) -> (artifact id: '15a51fbddcd32089d7b308a2bbfc5181') in 0.0130608 seconds
Number of updated asset objects reloaded before import = 0Number of asset objects unloaded after import = 1

========================================================================
Received Import Request.
  Time since last request: 0.000027 seconds.
  path: Packages/com.unity.test-framework/UnityEngine.TestRunner/Utils/AssemblyProvider/PlayerTestAssemblyProvider.cs
  artifactKey: Guid(43a3aec217baa9644a7cf34b5f93fed9) Importer(2089858483,b0f066a214c2f5e87bad3c948f4d605d)
Start importing Packages/com.unity.test-framework/UnityEngine.TestRunner/Utils/AssemblyProvider/PlayerTestAssemblyProvider.cs using Guid(43a3aec217baa9644a7cf34b5f93fed9) Importer(2089858483,b0f066a214c2f5e87bad3c948f4d605d) (ScriptedImporter) -> (artifact id: '78eb5eaf8731d46bea5088758a5d55d4') in 0.01452 seconds
Number of updated asset objects reloaded before import = 0Number of asset objects unloaded after import = 0

========================================================================
Received Import Request.
  Time since last request: 0.000031 seconds.
  path: Packages/com.unity.netcode.gameobjects/Runtime/Messaging/RpcTargets/AuthorityRpcTarget.cs
  artifactKey: Guid(6b8f28b7a617fd34faee91e5f88e89ac) Importer(2089858483,b0f066a214c2f5e87bad3c948f4d605d)
Start importing Packages/com.unity.netcode.gameobjects/Runtime/Messaging/RpcTargets/AuthorityRpcTarget.cs using Guid(6b8f28b7a617fd34faee91e5f88e89ac) Importer(2089858483,b0f066a214c2f5e87bad3c948f4d605d) (ScriptedImporter) -> (artifact id: '082fc912f5028415853edb8543139303') in 0.0114084 seconds
Number of updated asset objects reloaded before import = 0Number of asset objects unloaded after import = 0

========================================================================
Received Import Request.
  Time since last request: 0.000061 seconds.
  path: Packages/com.unity.collections/Unity.Collections/NativeSort.cs
  artifactKey: Guid(ea14c18964a134080bea2f114390f80b) Importer(2089858483,b0f066a214c2f5e87bad3c948f4d605d)
Start importing Packages/com.unity.collections/Unity.Collections/NativeSort.cs using Guid(ea14c18964a134080bea2f114390f80b) Importer(2089858483,b0f066a214c2f5e87bad3c948f4d605d) (ScriptedImporter) -> (artifact id: '659081fbea0784e7f26f12c0bac81c3b') in 0.0149404 seconds
Number of updated asset objects reloaded before import = 0Number of asset objects unloaded after import = 0

========================================================================
Received Import Request.
  Time since last request: 0.000050 seconds.
  path: Packages/com.unity.netcode.gameobjects/Editor/PackageChecker
  artifactKey: Guid(a325130169714440ba1b4878082e8956) Importer(2089858483,b0f066a214c2f5e87bad3c948f4d605d)
Start importing Packages/com.unity.netcode.gameobjects/Editor/PackageChecker using Guid(a325130169714440ba1b4878082e8956) Importer(2089858483,b0f066a214c2f5e87bad3c948f4d605d) (ScriptedImporter) -> (artifact id: '909d6e62cadcecb73414ed1b31030454') in 0.0182281 seconds
Number of updated asset objects reloaded before import = 0Number of asset objects unloaded after import = 1

========================================================================
Received Import Request.
  Time since last request: 0.000372 seconds.
  path: Packages/com.unity.netcode.gameobjects/Runtime/Messaging/Messages/ProxyMessage.cs
  artifactKey: Guid(e9ee0457d5b740b38dfe6542658fb522) Importer(2089858483,b0f066a214c2f5e87bad3c948f4d605d)
Start importing Packages/com.unity.netcode.gameobjects/Runtime/Messaging/Messages/ProxyMessage.cs using Guid(e9ee0457d5b740b38dfe6542658fb522) Importer(2089858483,b0f066a214c2f5e87bad3c948f4d605d) (ScriptedImporter) -> (artifact id: '4c36b9e123213386e116e267dbaa7511') in 0.0157322 seconds
Number of updated asset objects reloaded before import = 0Number of asset objects unloaded after import = 0

========================================================================
Received Import Request.
  Time since last request: 0.000287 seconds.
  path: Packages/com.unity.burst/Runtime/BurstString.Float.cs
  artifactKey: Guid(4592eab4973c370d8a7a7bb9cb4e4344) Importer(2089858483,b0f066a214c2f5e87bad3c948f4d605d)
Start importing Packages/com.unity.burst/Runtime/BurstString.Float.cs using Guid(4592eab4973c370d8a7a7bb9cb4e4344) Importer(2089858483,b0f066a214c2f5e87bad3c948f4d605d) (ScriptedImporter) -> (artifact id: '359ea2236371ae1787c79eab6b516c48') in 0.0172865 seconds
Number of updated asset objects reloaded before import = 0Number of asset objects unloaded after import = 0

========================================================================
Received Import Request.
  Time since last request: 0.000089 seconds.
  path: Packages/com.unity.test-framework/UnityEditor.TestRunner/UnityTestProtocol/TesRunDataHolder.cs
  artifactKey: Guid(7dc341f3ffc346738912e0ae5aa6c7e4) Importer(2089858483,b0f066a214c2f5e87bad3c948f4d605d)
Start importing Packages/com.unity.test-framework/UnityEditor.TestRunner/UnityTestProtocol/TesRunDataHolder.cs using Guid(7dc341f3ffc346738912e0ae5aa6c7e4) Importer(2089858483,b0f066a214c2f5e87bad3c948f4d605d) (ScriptedImporter) -> (artifact id: 'f12683490ff17bbc77ddf06bea6ca003') in 0.0123509 seconds
Number of updated asset objects reloaded before import = 0Number of asset objects unloaded after import = 0

========================================================================
Received Import Request.
  Time since last request: 0.000026 seconds.
  path: Packages/com.unity.burst/Runtime/Intrinsics/x86/Csr.cs
  artifactKey: Guid(b88ec138634e3238a82a5b8f3d970ac1) Importer(2089858483,b0f066a214c2f5e87bad3c948f4d605d)
Start importing Packages/com.unity.burst/Runtime/Intrinsics/x86/Csr.cs using Guid(b88ec138634e3238a82a5b8f3d970ac1) Importer(2089858483,b0f066a214c2f5e87bad3c948f4d605d) (ScriptedImporter) -> (artifact id: '291fd40d40b57ae28955ae47819146fd') in 0.011968 seconds
Number of updated asset objects reloaded before import = 0Number of asset objects unloaded after import = 0

========================================================================
Received Import Request.
  Time since last request: 0.000067 seconds.
  path: Packages/com.unity.netcode.gameobjects/Runtime/Logging/NetworkLog.cs
  artifactKey: Guid(2b33d7f8ddec3b140a4ff09659174e8d) Importer(2089858483,b0f066a214c2f5e87bad3c948f4d605d)
Start importing Packages/com.unity.netcode.gameobjects/Runtime/Logging/NetworkLog.cs using Guid(2b33d7f8ddec3b140a4ff09659174e8d) Importer(2089858483,b0f066a214c2f5e87bad3c948f4d605d) (ScriptedImporter) -> (artifact id: '9d52ef6a527b8ce171c9be5ab1c3c1b7') in 0.0122813 seconds
Number of updated asset objects reloaded before import = 0Number of asset objects unloaded after import = 0

========================================================================
Received Import Request.
  Time since last request: 0.000035 seconds.
  path: Packages/com.unity.test-framework/UnityEngine.TestRunner/NUnitExtensions/Runner/WorkItemFactory.cs
  artifactKey: Guid(5c15bf0966eb95847a4260d830a30d30) Importer(2089858483,b0f066a214c2f5e87bad3c948f4d605d)
Start importing Packages/com.unity.test-framework/UnityEngine.TestRunner/NUnitExtensions/Runner/WorkItemFactory.cs using Guid(5c15bf0966eb95847a4260d830a30d30) Importer(2089858483,b0f066a214c2f5e87bad3c948f4d605d) (ScriptedImporter) -> (artifact id: '013a63b99062c8a10e67132d23c4b2e8') in 0.0166089 seconds
Number of updated asset objects reloaded before import = 0Number of asset objects unloaded after import = 0

========================================================================
Received Import Request.
  Time since last request: 0.000022 seconds.
  path: Packages/com.unity.ext.nunit/package.json
  artifactKey: Guid(8143d3a8390f2c64685e3bc272bd9e90) Importer(2089858483,b0f066a214c2f5e87bad3c948f4d605d)
Start importing Packages/com.unity.ext.nunit/package.json using Guid(8143d3a8390f2c64685e3bc272bd9e90) Importer(2089858483,b0f066a214c2f5e87bad3c948f4d605d) (ScriptedImporter) -> (artifact id: 'bc875d3bfd4f25fe45fbe40b1f5068fe') in 0.0112688 seconds
Number of updated asset objects reloaded before import = 0Number of asset objects unloaded after import = 1

========================================================================
Received Import Request.
  Time since last request: 0.000028 seconds.
  path: Packages/com.unity.test-framework/UnityEditor.TestRunner/TestRun/Tasks/Scene
  artifactKey: Guid(692476ac695e7b74a8d9eabd48862009) Importer(2089858483,b0f066a214c2f5e87bad3c948f4d605d)
Start importing Packages/com.unity.test-framework/UnityEditor.TestRunner/TestRun/Tasks/Scene using Guid(692476ac695e7b74a8d9eabd48862009) Importer(2089858483,b0f066a214c2f5e87bad3c948f4d605d) (ScriptedImporter) -> (artifact id: '9a8f967f847e90baa2746466d37f8183') in 0.0114047 seconds
Number of updated asset objects reloaded before import = 0Number of asset objects unloaded after import = 1

========================================================================
Received Import Request.
  Time since last request: 0.000043 seconds.
  path: Packages/com.unity.test-framework.performance/Editor/Unity.PerformanceTesting.Editor.asmdef
  artifactKey: Guid(9f843d4b38153f04b9cee0502d568525) Importer(2089858483,b0f066a214c2f5e87bad3c948f4d605d)
Start importing Packages/com.unity.test-framework.performance/Editor/Unity.PerformanceTesting.Editor.asmdef using Guid(9f843d4b38153f04b9cee0502d568525) Importer(2089858483,b0f066a214c2f5e87bad3c948f4d605d) (ScriptedImporter) -> (artifact id: '6964d87adc11895cbd9425e514a4463c') in 0.0141661 seconds
Number of updated asset objects reloaded before import = 0Number of asset objects unloaded after import = 1

========================================================================
Received Import Request.
  Time since last request: 0.000020 seconds.
  path: Packages/com.unity.test-framework.performance/Runtime/Data/SampleGroup.cs
  artifactKey: Guid(ea30bf37a2f167f4aa4086531e8d5b03) Importer(2089858483,b0f066a214c2f5e87bad3c948f4d605d)
Start importing Packages/com.unity.test-framework.performance/Runtime/Data/SampleGroup.cs using Guid(ea30bf37a2f167f4aa4086531e8d5b03) Importer(2089858483,b0f066a214c2f5e87bad3c948f4d605d) (ScriptedImporter) -> (artifact id: '9b50bcd34c16ffe9d1c3974c3ce279d2') in 0.0127854 seconds
Number of updated asset objects reloaded before import = 0Number of asset objects unloaded after import = 0

========================================================================
Received Import Request.
  Time since last request: 0.000020 seconds.
  path: Packages/com.unity.mathematics/Unity.Mathematics/svd.cs
  artifactKey: Guid(bc4f01dc4f3d8489f85ca8dff8563871) Importer(2089858483,b0f066a214c2f5e87bad3c948f4d605d)
Start importing Packages/com.unity.mathematics/Unity.Mathematics/svd.cs using Guid(bc4f01dc4f3d8489f85ca8dff8563871) Importer(2089858483,b0f066a214c2f5e87bad3c948f4d605d) (ScriptedImporter) -> (artifact id: '4eb2ed030b3ef8011a160660ba58668d') in 0.0122252 seconds
Number of updated asset objects reloaded before import = 0Number of asset objects unloaded after import = 0

========================================================================
Received Import Request.
  Time since last request: 0.000030 seconds.
  path: Packages/com.unity.test-framework/UnityEditor.TestRunner/TestRunner/Utils/TestListProvider.cs
  artifactKey: Guid(f15cbb987069826429540d0ea0937442) Importer(2089858483,b0f066a214c2f5e87bad3c948f4d605d)
Start importing Packages/com.unity.test-framework/UnityEditor.TestRunner/TestRunner/Utils/TestListProvider.cs using Guid(f15cbb987069826429540d0ea0937442) Importer(2089858483,b0f066a214c2f5e87bad3c948f4d605d) (ScriptedImporter) -> (artifact id: 'b33240566570c1ecf7a57b8f767de5a8') in 0.0137716 seconds
Number of updated asset objects reloaded before import = 0Number of asset objects unloaded after import = 0

========================================================================
Received Import Request.
  Time since last request: 0.000046 seconds.
  path: Packages/com.unity.burst/Runtime/DiagnosticId.cs
  artifactKey: Guid(6dc46e7a016d3761a4586c439a8d9021) Importer(2089858483,b0f066a214c2f5e87bad3c948f4d605d)
Start importing Packages/com.unity.burst/Runtime/DiagnosticId.cs using Guid(6dc46e7a016d3761a4586c439a8d9021) Importer(2089858483,b0f066a214c2f5e87bad3c948f4d605d) (ScriptedImporter) -> (artifact id: '51cd96dbfda0d873048decd0aa2ec9cd') in 0.0126335 seconds
Number of updated asset objects reloaded before import = 0Number of asset objects unloaded after import = 0

========================================================================
Received Import Request.
  Time since last request: 0.000023 seconds.
  path: Packages/com.unity.netcode.gameobjects/Runtime/Messaging/RpcTargets/IGroupRpcTarget.cs
  artifactKey: Guid(beb19a6bb1334252a89b21c8490f7cbe) Importer(2089858483,b0f066a214c2f5e87bad3c948f4d605d)
Start importing Packages/com.unity.netcode.gameobjects/Runtime/Messaging/RpcTargets/IGroupRpcTarget.cs using Guid(beb19a6bb1334252a89b21c8490f7cbe) Importer(2089858483,b0f066a214c2f5e87bad3c948f4d605d) (ScriptedImporter) -> (artifact id: '6b0e008f81e3e4e2a272eeb4f080cb23') in 0.0116955 seconds
Number of updated asset objects reloaded before import = 0Number of asset objects unloaded after import = 0

========================================================================
Received Import Request.
  Time since last request: 0.000058 seconds.
  path: Packages/com.unity.collections/Unity.Collections/UnsafeStream.cs
  artifactKey: Guid(29918a7b3ef861c4789f0cdb857bc267) Importer(2089858483,b0f066a214c2f5e87bad3c948f4d605d)
Start importing Packages/com.unity.collections/Unity.Collections/UnsafeStream.cs using Guid(29918a7b3ef861c4789f0cdb857bc267) Importer(2089858483,b0f066a214c2f5e87bad3c948f4d605d) (ScriptedImporter) -> (artifact id: '388d24e6736d5651dc79c078cdb24a57') in 0.012082 seconds
Number of updated asset objects reloaded before import = 0Number of asset objects unloaded after import = 0

========================================================================
Received Import Request.
  Time since last request: 0.000023 seconds.
  path: Packages/com.unity.netcode.gameobjects/Editor/InScenePlacedProcessor.cs
  artifactKey: Guid(cda0fb70bdcd545a7983ca78f516bcff) Importer(2089858483,b0f066a214c2f5e87bad3c948f4d605d)
Start importing Packages/com.unity.netcode.gameobjects/Editor/InScenePlacedProcessor.cs using Guid(cda0fb70bdcd545a7983ca78f516bcff) Importer(2089858483,b0f066a214c2f5e87bad3c948f4d605d) (ScriptedImporter) -> (artifact id: 'd6ffa4430c283cd9269c989b7798e0de') in 0.0141204 seconds
Number of updated asset objects reloaded before import = 0Number of asset objects unloaded after import = 0

========================================================================
Received Import Request.
  Time since last request: 0.000024 seconds.
  path: Packages/com.unity.test-framework/UnityEditor.TestRunner/TestRunner/Messages
  artifactKey: Guid(d9682e749d3efc642af54d789d9090a6) Importer(2089858483,b0f066a214c2f5e87bad3c948f4d605d)
Start importing Packages/com.unity.test-framework/UnityEditor.TestRunner/TestRunner/Messages using Guid(d9682e749d3efc642af54d789d9090a6) Importer(2089858483,b0f066a214c2f5e87bad3c948f4d605d) (ScriptedImporter) -> (artifact id: 'aa5de293917dea0e4081de2a08d65971') in 0.0124602 seconds
Number of updated asset objects reloaded before import = 0Number of asset objects unloaded after import = 1

========================================================================
Received Import Request.
  Time since last request: 0.000018 seconds.
  path: Packages/com.unity.collections/Unity.Collections.Tests/UnsafeHashMapTests.cs
  artifactKey: Guid(d410bd21cbf6a6e4381b336d9c72ffa5) Importer(2089858483,b0f066a214c2f5e87bad3c948f4d605d)
Start importing Packages/com.unity.collections/Unity.Collections.Tests/UnsafeHashMapTests.cs using Guid(d410bd21cbf6a6e4381b336d9c72ffa5) Importer(2089858483,b0f066a214c2f5e87bad3c948f4d605d) (ScriptedImporter) -> (artifact id: '2e0a4b3145cc061c90681e1c38ddba39') in 0.0117571 seconds
Number of updated asset objects reloaded before import = 0Number of asset objects unloaded after import = 0

========================================================================
Received Import Request.
  Time since last request: 0.000028 seconds.
  path: Packages/com.unity.transport/Runtime/Unity.Networking.Transport.asmdef
  artifactKey: Guid(f2d49d9fa7e7eb3418e39723a7d3b92f) Importer(2089858483,b0f066a214c2f5e87bad3c948f4d605d)
Start importing Packages/com.unity.transport/Runtime/Unity.Networking.Transport.asmdef using Guid(f2d49d9fa7e7eb3418e39723a7d3b92f) Importer(2089858483,b0f066a214c2f5e87bad3c948f4d605d) (ScriptedImporter) -> (artifact id: '07006f05873fbb38b7ec0eaab6221a2f') in 0.0133974 seconds
Number of updated asset objects reloaded before import = 0Number of asset objects unloaded after import = 1

========================================================================
Received Import Request.
  Time since last request: 0.000022 seconds.
  path: Packages/com.unity.ext.nunit/net40
  artifactKey: Guid(af19581c6078849139e0671f575e4b7c) Importer(2089858483,b0f066a214c2f5e87bad3c948f4d605d)
Start importing Packages/com.unity.ext.nunit/net40 using Guid(af19581c6078849139e0671f575e4b7c) Importer(2089858483,b0f066a214c2f5e87bad3c948f4d605d) (ScriptedImporter) -> (artifact id: '28b495b94f7550b41aa8e3c2e0e66137') in 0.0120701 seconds
Number of updated asset objects reloaded before import = 0Number of asset objects unloaded after import = 1

========================================================================
Received Import Request.
  Time since last request: 0.000021 seconds.
  path: Packages/com.unity.mathematics/Tests/Tests/Shared/TestFloat3.gen.cs
  artifactKey: Guid(d920c9d9a3133d242af38fd80330960f) Importer(2089858483,b0f066a214c2f5e87bad3c948f4d605d)
Start importing Packages/com.unity.mathematics/Tests/Tests/Shared/TestFloat3.gen.cs using Guid(d920c9d9a3133d242af38fd80330960f) Importer(2089858483,b0f066a214c2f5e87bad3c948f4d605d) (ScriptedImporter) -> (artifact id: '73ac927d1c1cd9307d449cb24a790dbd') in 0.011339 seconds
Number of updated asset objects reloaded before import = 0Number of asset objects unloaded after import = 0

========================================================================
Received Import Request.
  Time since last request: 0.000021 seconds.
  path: Packages/com.unity.netcode.gameobjects/Runtime/Messaging/NetworkContext.cs
  artifactKey: Guid(f9a4d028b61e2b140927b5ebee04d384) Importer(2089858483,b0f066a214c2f5e87bad3c948f4d605d)
Start importing Packages/com.unity.netcode.gameobjects/Runtime/Messaging/NetworkContext.cs using Guid(f9a4d028b61e2b140927b5ebee04d384) Importer(2089858483,b0f066a214c2f5e87bad3c948f4d605d) (ScriptedImporter) -> (artifact id: '7bde47abe1eea102cfd5349ca2408e84') in 0.0123673 seconds
Number of updated asset objects reloaded before import = 0Number of asset objects unloaded after import = 0

========================================================================
Received Import Request.
  Time since last request: 0.000022 seconds.
  path: Packages/com.unity.collections/Unity.Collections.Tests/FixedStringSizedTests.tt
  artifactKey: Guid(0be05385fc513c143a5b5249b7ad6211) Importer(2089858483,b0f066a214c2f5e87bad3c948f4d605d)
Start importing Packages/com.unity.collections/Unity.Collections.Tests/FixedStringSizedTests.tt using Guid(0be05385fc513c143a5b5249b7ad6211) Importer(2089858483,b0f066a214c2f5e87bad3c948f4d605d) (ScriptedImporter) -> (artifact id: '7ca827a64d1014de9511d8924869082a') in 0.0130808 seconds
Number of updated asset objects reloaded before import = 0Number of asset objects unloaded after import = 1

========================================================================
Received Import Request.
  Time since last request: 0.000056 seconds.
  path: Packages/com.unity.mathematics/Unity.Mathematics/bool4.gen.cs
  artifactKey: Guid(64216725f837f8345b407a998b4970b3) Importer(2089858483,b0f066a214c2f5e87bad3c948f4d605d)
Start importing Packages/com.unity.mathematics/Unity.Mathematics/bool4.gen.cs using Guid(64216725f837f8345b407a998b4970b3) Importer(2089858483,b0f066a214c2f5e87bad3c948f4d605d) (ScriptedImporter) -> (artifact id: '93f0735f5c00cbdff34b07516d44af9c') in 0.0116464 seconds
Number of updated asset objects reloaded before import = 0Number of asset objects unloaded after import = 0

========================================================================
Received Import Request.
  Time since last request: 0.000034 seconds.
  path: Packages/com.unity.mathematics/Unity.Mathematics/Il2CppEagerStaticClassConstructionAttribute.cs
  artifactKey: Guid(3c7ef86a2cddb4254810c84d4f6e6618) Importer(2089858483,b0f066a214c2f5e87bad3c948f4d605d)
Start importing Packages/com.unity.mathematics/Unity.Mathematics/Il2CppEagerStaticClassConstructionAttribute.cs using Guid(3c7ef86a2cddb4254810c84d4f6e6618) Importer(2089858483,b0f066a214c2f5e87bad3c948f4d605d) (ScriptedImporter) -> (artifact id: 'e51ac8e9a726981305b2865c3332a023') in 0.0127589 seconds
Number of updated asset objects reloaded before import = 0Number of asset objects unloaded after import = 0

========================================================================
Received Import Request.
  Time since last request: 0.000021 seconds.
  path: Packages/com.unity.test-framework.performance/Runtime
  artifactKey: Guid(6edbafb3b8c712640ae66bb69eabb0a8) Importer(2089858483,b0f066a214c2f5e87bad3c948f4d605d)
Start importing Packages/com.unity.test-framework.performance/Runtime using Guid(6edbafb3b8c712640ae66bb69eabb0a8) Importer(2089858483,b0f066a214c2f5e87bad3c948f4d605d) (ScriptedImporter) -> (artifact id: '235f39b07b02b2edeb50c547ac66270d') in 0.0115811 seconds
Number of updated asset objects reloaded before import = 0Number of asset objects unloaded after import = 1

========================================================================
Received Import Request.
  Time since last request: 0.000041 seconds.
  path: Packages/com.unity.transport/Runtime/Relay/Messages/RelayMessagePing.cs
  artifactKey: Guid(6e71c442166aea34eb8f981cbef22206) Importer(2089858483,b0f066a214c2f5e87bad3c948f4d605d)
Start importing Packages/com.unity.transport/Runtime/Relay/Messages/RelayMessagePing.cs using Guid(6e71c442166aea34eb8f981cbef22206) Importer(2089858483,b0f066a214c2f5e87bad3c948f4d605d) (ScriptedImporter) -> (artifact id: '2e91900586d240f23eab9e3b53799592') in 0.0137023 seconds
Number of updated asset objects reloaded before import = 0Number of asset objects unloaded after import = 0

========================================================================
Received Import Request.
  Time since last request: 0.000072 seconds.
  path: Packages/com.unity.test-framework/UnityEngine.TestRunner/NUnitExtensions/Commands/StrictCheckCommand.cs
  artifactKey: Guid(cc294d4e597b4ba5acf52ad834cce210) Importer(2089858483,b0f066a214c2f5e87bad3c948f4d605d)
Start importing Packages/com.unity.test-framework/UnityEngine.TestRunner/NUnitExtensions/Commands/StrictCheckCommand.cs using Guid(cc294d4e597b4ba5acf52ad834cce210) Importer(2089858483,b0f066a214c2f5e87bad3c948f4d605d) (ScriptedImporter) -> (artifact id: '4de12b8a18de5a70139ebf0ead7836b5') in 0.0131272 seconds
Number of updated asset objects reloaded before import = 0Number of asset objects unloaded after import = 0

========================================================================
Received Import Request.
  Time since last request: 0.000035 seconds.
  path: Packages/com.unity.test-framework.performance/Runtime/Data/SampleUnit.cs
  artifactKey: Guid(8a61e4b297fe5f94cb16e6f77a71892c) Importer(2089858483,b0f066a214c2f5e87bad3c948f4d605d)
Start importing Packages/com.unity.test-framework.performance/Runtime/Data/SampleUnit.cs using Guid(8a61e4b297fe5f94cb16e6f77a71892c) Importer(2089858483,b0f066a214c2f5e87bad3c948f4d605d) (ScriptedImporter) -> (artifact id: '7060bb1b9228a1ad9ef411947e0ccfa9') in 0.012741 seconds
Number of updated asset objects reloaded before import = 0Number of asset objects unloaded after import = 0

========================================================================
Received Import Request.
  Time since last request: 0.000074 seconds.
  path: Packages/com.unity.mathematics/Unity.Mathematics/int4x2.gen.cs
  artifactKey: Guid(ca7cf71984bec4b9081416653621d6df) Importer(2089858483,b0f066a214c2f5e87bad3c948f4d605d)
Start importing Packages/com.unity.mathematics/Unity.Mathematics/int4x2.gen.cs using Guid(ca7cf71984bec4b9081416653621d6df) Importer(2089858483,b0f066a214c2f5e87bad3c948f4d605d) (ScriptedImporter) -> (artifact id: 'c7f9509d48ade4bb6b8de436ba76ebce') in 0.0139877 seconds
Number of updated asset objects reloaded before import = 0Number of asset objects unloaded after import = 0

========================================================================
Received Import Request.
  Time since last request: 0.000025 seconds.
  path: Packages/com.unity.test-framework/UnityEditor.TestRunner/TestRun/Tasks/PreparePlayModeRunTask.cs
  artifactKey: Guid(b1694e597ba745169b292914291c136b) Importer(2089858483,b0f066a214c2f5e87bad3c948f4d605d)
Start importing Packages/com.unity.test-framework/UnityEditor.TestRunner/TestRun/Tasks/PreparePlayModeRunTask.cs using Guid(b1694e597ba745169b292914291c136b) Importer(2089858483,b0f066a214c2f5e87bad3c948f4d605d) (ScriptedImporter) -> (artifact id: '7c53aada5494a324e2b74c1fbe3c0565') in 0.0127431 seconds
Number of updated asset objects reloaded before import = 0Number of asset objects unloaded after import = 0

========================================================================
Received Import Request.
  Time since last request: 0.000047 seconds.
  path: Packages/com.unity.collections/Unity.Collections/FixedStringMethods.cs
  artifactKey: Guid(ff34e3b577f44d67b146cc64b598b67d) Importer(2089858483,b0f066a214c2f5e87bad3c948f4d605d)
Start importing Packages/com.unity.collections/Unity.Collections/FixedStringMethods.cs using Guid(ff34e3b577f44d67b146cc64b598b67d) Importer(2089858483,b0f066a214c2f5e87bad3c948f4d605d) (ScriptedImporter) -> (artifact id: '8a88ddbf490090bb13995977baf432fa') in 0.0115209 seconds
Number of updated asset objects reloaded before import = 0Number of asset objects unloaded after import = 0

========================================================================
Received Import Request.
  Time since last request: 0.000274 seconds.
  path: Packages/com.unity.mathematics/Unity.Mathematics/float4x4.gen.cs
  artifactKey: Guid(53454a4b51c974a438994628ac5767e2) Importer(2089858483,b0f066a214c2f5e87bad3c948f4d605d)
Start importing Packages/com.unity.mathematics/Unity.Mathematics/float4x4.gen.cs using Guid(53454a4b51c974a438994628ac5767e2) Importer(2089858483,b0f066a214c2f5e87bad3c948f4d605d) (ScriptedImporter) -> (artifact id: '1cfdb6b91bd63a280fd2049822ea9925') in 0.0148525 seconds
Number of updated asset objects reloaded before import = 0Number of asset objects unloaded after import = 0

========================================================================
Received Import Request.
  Time since last request: 0.000029 seconds.
  path: Packages/com.unity.netcode.gameobjects/Runtime/Logging/LogContext/LogContextNetworkBehaviour.cs
  artifactKey: Guid(ce875bd203c24cf1b916741eac3a55f8) Importer(2089858483,b0f066a214c2f5e87bad3c948f4d605d)
Start importing Packages/com.unity.netcode.gameobjects/Runtime/Logging/LogContext/LogContextNetworkBehaviour.cs using Guid(ce875bd203c24cf1b916741eac3a55f8) Importer(2089858483,b0f066a214c2f5e87bad3c948f4d605d) (ScriptedImporter) -> (artifact id: '5aa907481a49c5256bb24a9f72704d91') in 0.0137464 seconds
Number of updated asset objects reloaded before import = 0Number of asset objects unloaded after import = 0

========================================================================
Received Import Request.
  Time since last request: 0.000029 seconds.
  path: Packages/com.unity.test-framework/UnityEditor.TestRunner/UnityTestProtocol/UtpDebuglogger.cs
  artifactKey: Guid(d0abdd8cb6b29a24c8ee19626ef741b9) Importer(2089858483,b0f066a214c2f5e87bad3c948f4d605d)
Start importing Packages/com.unity.test-framework/UnityEditor.TestRunner/UnityTestProtocol/UtpDebuglogger.cs using Guid(d0abdd8cb6b29a24c8ee19626ef741b9) Importer(2089858483,b0f066a214c2f5e87bad3c948f4d605d) (ScriptedImporter) -> (artifact id: '11189a4eae679d9be4d74b011aa91655') in 0.0118213 seconds
Number of updated asset objects reloaded before import = 0Number of asset objects unloaded after import = 0

========================================================================
Received Import Request.
  Time since last request: 0.000028 seconds.
  path: Packages/com.unity.test-framework/UnityEngine.TestRunner/Utils/StacktraceFilter.cs
  artifactKey: Guid(fc748d99f1f0d484a811a566fc7915ec) Importer(2089858483,b0f066a214c2f5e87bad3c948f4d605d)
Start importing Packages/com.unity.test-framework/UnityEngine.TestRunner/Utils/StacktraceFilter.cs using Guid(fc748d99f1f0d484a811a566fc7915ec) Importer(2089858483,b0f066a214c2f5e87bad3c948f4d605d) (ScriptedImporter) -> (artifact id: '219fc5d00fdf1f57819bf5d81d745cb5') in 0.0132122 seconds
Number of updated asset objects reloaded before import = 0Number of asset objects unloaded after import = 0

========================================================================
Received Import Request.
  Time since last request: 0.000032 seconds.
  path: Packages/com.unity.test-framework/UnityEditor.TestRunner/TestLaunchers/PlatformSetup/AndroidPlatformSetup.cs
  artifactKey: Guid(961642509dec50b44a293d26240140ec) Importer(2089858483,b0f066a214c2f5e87bad3c948f4d605d)
Start importing Packages/com.unity.test-framework/UnityEditor.TestRunner/TestLaunchers/PlatformSetup/AndroidPlatformSetup.cs using Guid(961642509dec50b44a293d26240140ec) Importer(2089858483,b0f066a214c2f5e87bad3c948f4d605d) (ScriptedImporter) -> (artifact id: 'b4970c34a53d6704ebed331ea8de0a96') in 0.0119813 seconds
Number of updated asset objects reloaded before import = 0Number of asset objects unloaded after import = 0

========================================================================
Received Import Request.
  Time since last request: 0.000038 seconds.
  path: Packages/com.unity.mathematics/Unity.Mathematics/int3.gen.cs
  artifactKey: Guid(87ec2d8734054e84fa6976e8e8d4decf) Importer(2089858483,b0f066a214c2f5e87bad3c948f4d605d)
Start importing Packages/com.unity.mathematics/Unity.Mathematics/int3.gen.cs using Guid(87ec2d8734054e84fa6976e8e8d4decf) Importer(2089858483,b0f066a214c2f5e87bad3c948f4d605d) (ScriptedImporter) -> (artifact id: '5ef73f5b12af85390fce608b8d4b39d9') in 0.011476 seconds
Number of updated asset objects reloaded before import = 0Number of asset objects unloaded after import = 0

========================================================================
Received Import Request.
  Time since last request: 0.000023 seconds.
  path: Packages/com.unity.test-framework/UnityEditor.TestRunner/RequireApiProfileAttribute.cs
  artifactKey: Guid(a667f6654ad7a9548b8c8e68b51c8895) Importer(2089858483,b0f066a214c2f5e87bad3c948f4d605d)
Start importing Packages/com.unity.test-framework/UnityEditor.TestRunner/RequireApiProfileAttribute.cs using Guid(a667f6654ad7a9548b8c8e68b51c8895) Importer(2089858483,b0f066a214c2f5e87bad3c948f4d605d) (ScriptedImporter) -> (artifact id: '774b8d503fbcbadcbed213cce0eebfc2') in 0.014243 seconds
Number of updated asset objects reloaded before import = 0Number of asset objects unloaded after import = 0

========================================================================
Received Import Request.
  Time since last request: 0.000035 seconds.
  path: Packages/com.unity.mathematics/Tests/Tests/Shared/TestUint4x2.gen.cs
  artifactKey: Guid(89ef12b5bac48bb47b957005fa49bd89) Importer(2089858483,b0f066a214c2f5e87bad3c948f4d605d)
Start importing Packages/com.unity.mathematics/Tests/Tests/Shared/TestUint4x2.gen.cs using Guid(89ef12b5bac48bb47b957005fa49bd89) Importer(2089858483,b0f066a214c2f5e87bad3c948f4d605d) (ScriptedImporter) -> (artifact id: 'd16b5f2dc47c98d0b2138ead6fa82cda') in 0.0110107 seconds
Number of updated asset objects reloaded before import = 0Number of asset objects unloaded after import = 0

========================================================================
Received Import Request.
  Time since last request: 0.000029 seconds.
  path: Packages/com.unity.mathematics/Unity.Mathematics/uint4x4.gen.cs
  artifactKey: Guid(1878454c2f73547909bfcea105ffd941) Importer(2089858483,b0f066a214c2f5e87bad3c948f4d605d)
Start importing Packages/com.unity.mathematics/Unity.Mathematics/uint4x4.gen.cs using Guid(1878454c2f73547909bfcea105ffd941) Importer(2089858483,b0f066a214c2f5e87bad3c948f4d605d) (ScriptedImporter) -> (artifact id: '495b931879646cc42fcd3f9490134cdf') in 0.0122263 seconds
Number of updated asset objects reloaded before import = 0Number of asset objects unloaded after import = 0

========================================================================
Received Import Request.
  Time since last request: 0.000052 seconds.
  path: Packages/com.unity.collections/Unity.Collections.BurstCompatibilityGen/Unity.Collections.BurstCompatibilityGen.asmdef
  artifactKey: Guid(4f5c0c83dfd6a0743834baba2b4de79e) Importer(2089858483,b0f066a214c2f5e87bad3c948f4d605d)
Start importing Packages/com.unity.collections/Unity.Collections.BurstCompatibilityGen/Unity.Collections.BurstCompatibilityGen.asmdef using Guid(4f5c0c83dfd6a0743834baba2b4de79e) Importer(2089858483,b0f066a214c2f5e87bad3c948f4d605d) (ScriptedImporter) -> (artifact id: '229a0582c799615e397bf3947d805172') in 0.0133265 seconds
Number of updated asset objects reloaded before import = 0Number of asset objects unloaded after import = 1

========================================================================
Received Import Request.
  Time since last request: 0.000036 seconds.
  path: Packages/com.unity.mathematics/Unity.Mathematics.Editor/PrimitiveVectorDrawer.cs
  artifactKey: Guid(4ae914da3592740a58dd603fcb28b594) Importer(2089858483,b0f066a214c2f5e87bad3c948f4d605d)
Start importing Packages/com.unity.mathematics/Unity.Mathematics.Editor/PrimitiveVectorDrawer.cs using Guid(4ae914da3592740a58dd603fcb28b594) Importer(2089858483,b0f066a214c2f5e87bad3c948f4d605d) (ScriptedImporter) -> (artifact id: '5931837f437b50c4c67e39b12ad025c1') in 0.0114548 seconds
Number of updated asset objects reloaded before import = 0Number of asset objects unloaded after import = 0

========================================================================
Received Import Request.
  Time since last request: 0.000040 seconds.
  path: Packages/com.unity.test-framework/UnityEngine.TestRunner/NUnitExtensions/Attributes/EnumeratorHelper.cs
  artifactKey: Guid(ff0aad009559b814ffc27001341fc1c3) Importer(2089858483,b0f066a214c2f5e87bad3c948f4d605d)
Start importing Packages/com.unity.test-framework/UnityEngine.TestRunner/NUnitExtensions/Attributes/EnumeratorHelper.cs using Guid(ff0aad009559b814ffc27001341fc1c3) Importer(2089858483,b0f066a214c2f5e87bad3c948f4d605d) (ScriptedImporter) -> (artifact id: '9d8caacab231a8a51783c3326ad31986') in 0.0134888 seconds
Number of updated asset objects reloaded before import = 0Number of asset objects unloaded after import = 0

========================================================================
Received Import Request.
  Time since last request: 0.000032 seconds.
  path: Packages/com.unity.test-framework/UnityEngine.TestRunner/TestRunner/RemoteHelpers/RemoteTestData.cs
  artifactKey: Guid(b135ec222fdcd11468014c90d11d6821) Importer(2089858483,b0f066a214c2f5e87bad3c948f4d605d)
Start importing Packages/com.unity.test-framework/UnityEngine.TestRunner/TestRunner/RemoteHelpers/RemoteTestData.cs using Guid(b135ec222fdcd11468014c90d11d6821) Importer(2089858483,b0f066a214c2f5e87bad3c948f4d605d) (ScriptedImporter) -> (artifact id: '9a8282da9a9454864206d7abc77795d7') in 0.012111 seconds
Number of updated asset objects reloaded before import = 0Number of asset objects unloaded after import = 0

========================================================================
Received Import Request.
  Time since last request: 0.000038 seconds.
  path: Packages/com.unity.transport/Runtime
  artifactKey: Guid(d547784248f27e348aeac1860989bf5d) Importer(2089858483,b0f066a214c2f5e87bad3c948f4d605d)
Start importing Packages/com.unity.transport/Runtime using Guid(d547784248f27e348aeac1860989bf5d) Importer(2089858483,b0f066a214c2f5e87bad3c948f4d605d) (ScriptedImporter) -> (artifact id: 'a12432943d8c64ec055446dd3c8fbfdc') in 0.0113499 seconds
Number of updated asset objects reloaded before import = 0Number of asset objects unloaded after import = 1

========================================================================
Received Import Request.
  Time since last request: 0.000020 seconds.
  path: Packages/com.unity.test-framework/UnityEngine.TestRunner/Assertions/LogScope
  artifactKey: Guid(b1d8465ba1376b148bdab58965101f47) Importer(2089858483,b0f066a214c2f5e87bad3c948f4d605d)
Start importing Packages/com.unity.test-framework/UnityEngine.TestRunner/Assertions/LogScope using Guid(b1d8465ba1376b148bdab58965101f47) Importer(2089858483,b0f066a214c2f5e87bad3c948f4d605d) (ScriptedImporter) -> (artifact id: 'cb22e8eb74ba32040ac8965f97143a81') in 0.0115782 seconds
Number of updated asset objects reloaded before import = 0Number of asset objects unloaded after import = 1

========================================================================
Received Import Request.
  Time since last request: 0.000023 seconds.
  path: Packages/com.unity.netcode.gameobjects/Tests/Runtime/NetworkVariable/NetworkVariableCollectionsTests.cs
  artifactKey: Guid(7d01969a8bbbd7146a24490a5190ea7e) Importer(2089858483,b0f066a214c2f5e87bad3c948f4d605d)
Start importing Packages/com.unity.netcode.gameobjects/Tests/Runtime/NetworkVariable/NetworkVariableCollectionsTests.cs using Guid(7d01969a8bbbd7146a24490a5190ea7e) Importer(2089858483,b0f066a214c2f5e87bad3c948f4d605d) (ScriptedImporter) -> (artifact id: '277a54b3dd30277a9903105e90143748') in 0.0139823 seconds
Number of updated asset objects reloaded before import = 0Number of asset objects unloaded after import = 0

========================================================================
Received Import Request.
  Time since last request: 0.000042 seconds.
  path: Packages/com.unity.mathematics/Tests/Tests/Shared/TestUint3x2.gen.cs
  artifactKey: Guid(bede9ed05d973fa43bff7c97121eab82) Importer(2089858483,b0f066a214c2f5e87bad3c948f4d605d)
Start importing Packages/com.unity.mathematics/Tests/Tests/Shared/TestUint3x2.gen.cs using Guid(bede9ed05d973fa43bff7c97121eab82) Importer(2089858483,b0f066a214c2f5e87bad3c948f4d605d) (ScriptedImporter) -> (artifact id: '8891248a9b0eddbc43428b8dd3dabd6e') in 0.0129726 seconds
Number of updated asset objects reloaded before import = 0Number of asset objects unloaded after import = 0

========================================================================
Received Import Request.
  Time since last request: 0.000019 seconds.
  path: Packages/com.unity.transport/Editor
  artifactKey: Guid(55a300ff4b1cc8c4aa32011951107d60) Importer(2089858483,b0f066a214c2f5e87bad3c948f4d605d)
Start importing Packages/com.unity.transport/Editor using Guid(55a300ff4b1cc8c4aa32011951107d60) Importer(2089858483,b0f066a214c2f5e87bad3c948f4d605d) (ScriptedImporter) -> (artifact id: '40cc8554fd7b9dd62fbb606d5f77e53f') in 0.0116078 seconds
Number of updated asset objects reloaded before import = 0Number of asset objects unloaded after import = 1

========================================================================
Received Import Request.
  Time since last request: 0.000024 seconds.
  path: Packages/com.unity.mathematics/Tests/Tests/Shared/TestUint3x3.gen.cs
  artifactKey: Guid(f3db3407f5e21b84d8c21645d5517e9b) Importer(2089858483,b0f066a214c2f5e87bad3c948f4d605d)
Start importing Packages/com.unity.mathematics/Tests/Tests/Shared/TestUint3x3.gen.cs using Guid(f3db3407f5e21b84d8c21645d5517e9b) Importer(2089858483,b0f066a214c2f5e87bad3c948f4d605d) (ScriptedImporter) -> (artifact id: '84857533c3f953cbb9e319344337d38a') in 0.0130066 seconds
Number of updated asset objects reloaded before import = 0Number of asset objects unloaded after import = 0

========================================================================
Received Import Request.
  Time since last request: 0.000075 seconds.
  path: Packages/com.unity.netcode.gameobjects/Editor/CodeGen/INetworkMessageILPP.cs
  artifactKey: Guid(a754504752d649bb8131df8756bd764e) Importer(2089858483,b0f066a214c2f5e87bad3c948f4d605d)
Start importing Packages/com.unity.netcode.gameobjects/Editor/CodeGen/INetworkMessageILPP.cs using Guid(a754504752d649bb8131df8756bd764e) Importer(2089858483,b0f066a214c2f5e87bad3c948f4d605d) (ScriptedImporter) -> (artifact id: 'ee4600f417fce533ce647981fe4a4452') in 0.0125304 seconds
Number of updated asset objects reloaded before import = 0Number of asset objects unloaded after import = 0

========================================================================
Received Import Request.
  Time since last request: 0.000023 seconds.
  path: Packages/com.unity.mathematics/Tests/Tests/Shared/TestSvd.cs
  artifactKey: Guid(8218cb7d87dac4432871cd5bd00fd333) Importer(2089858483,b0f066a214c2f5e87bad3c948f4d605d)
Start importing Packages/com.unity.mathematics/Tests/Tests/Shared/TestSvd.cs using Guid(8218cb7d87dac4432871cd5bd00fd333) Importer(2089858483,b0f066a214c2f5e87bad3c948f4d605d) (ScriptedImporter) -> (artifact id: 'c14dce4b9d55f53ddd029d1f777b5050') in 0.0140808 seconds
Number of updated asset objects reloaded before import = 0Number of asset objects unloaded after import = 0

========================================================================
Received Import Request.
  Time since last request: 0.000052 seconds.
  path: Packages/com.unity.test-framework/UnityEngine.TestRunner/NUnitExtensions/Commands/TestCommandPcHelper.cs
  artifactKey: Guid(33e6b78c96bb0694e96383e3c56b7b54) Importer(2089858483,b0f066a214c2f5e87bad3c948f4d605d)
Start importing Packages/com.unity.test-framework/UnityEngine.TestRunner/NUnitExtensions/Commands/TestCommandPcHelper.cs using Guid(33e6b78c96bb0694e96383e3c56b7b54) Importer(2089858483,b0f066a214c2f5e87bad3c948f4d605d) (ScriptedImporter) -> (artifact id: '757074701b55b04425323369576cd88a') in 0.0140025 seconds
Number of updated asset objects reloaded before import = 0Number of asset objects unloaded after import = 0

========================================================================
Received Import Request.
  Time since last request: 0.000049 seconds.
  path: Packages/com.unity.netcode.gameobjects/Tests/Runtime/TestHelpers/NUnitExtensions
  artifactKey: Guid(d44194b68d19479ab0a4427dc5211591) Importer(2089858483,b0f066a214c2f5e87bad3c948f4d605d)
Start importing Packages/com.unity.netcode.gameobjects/Tests/Runtime/TestHelpers/NUnitExtensions using Guid(d44194b68d19479ab0a4427dc5211591) Importer(2089858483,b0f066a214c2f5e87bad3c948f4d605d) (ScriptedImporter) -> (artifact id: 'bab13e8d4274fc391b42242916dee03d') in 0.0141826 seconds
Number of updated asset objects reloaded before import = 0Number of asset objects unloaded after import = 1

========================================================================
Received Import Request.
  Time since last request: 0.000024 seconds.
  path: Packages/com.unity.transport/Runtime/TransportFunctionPointer.cs
  artifactKey: Guid(324237658e8e2405986a266f8919ae4f) Importer(2089858483,b0f066a214c2f5e87bad3c948f4d605d)
Start importing Packages/com.unity.transport/Runtime/TransportFunctionPointer.cs using Guid(324237658e8e2405986a266f8919ae4f) Importer(2089858483,b0f066a214c2f5e87bad3c948f4d605d) (ScriptedImporter) -> (artifact id: 'fa49ebedab9ac23dcf2e985a4a59a4e0') in 0.0123933 seconds
Number of updated asset objects reloaded before import = 0Number of asset objects unloaded after import = 0

========================================================================
Received Import Request.
  Time since last request: 0.000051 seconds.
  path: Packages/com.unity.test-framework/UnityEngine.TestRunner/Assertions/LogScope/LogMatch.cs
  artifactKey: Guid(9945ffed4692c6044b6d3acf81efd694) Importer(2089858483,b0f066a214c2f5e87bad3c948f4d605d)
Start importing Packages/com.unity.test-framework/UnityEngine.TestRunner/Assertions/LogScope/LogMatch.cs using Guid(9945ffed4692c6044b6d3acf81efd694) Importer(2089858483,b0f066a214c2f5e87bad3c948f4d605d) (ScriptedImporter) -> (artifact id: '1f4c9ae27000d4e0a3af3d3875509251') in 0.0148998 seconds
Number of updated asset objects reloaded before import = 0Number of asset objects unloaded after import = 0

========================================================================
Received Import Request.
  Time since last request: 0.000021 seconds.
  path: Packages/com.unity.netcode.gameobjects/Tests/Runtime/NetworkManagerStartExceptionTests.cs
  artifactKey: Guid(258048582a004eef90cf9e702241ba6b) Importer(2089858483,b0f066a214c2f5e87bad3c948f4d605d)
Start importing Packages/com.unity.netcode.gameobjects/Tests/Runtime/NetworkManagerStartExceptionTests.cs using Guid(258048582a004eef90cf9e702241ba6b) Importer(2089858483,b0f066a214c2f5e87bad3c948f4d605d) (ScriptedImporter) -> (artifact id: '79c92b0ff438d21cb93434098c980df7') in 0.0111483 seconds
Number of updated asset objects reloaded before import = 0Number of asset objects unloaded after import = 0

========================================================================
Received Import Request.
  Time since last request: 0.000046 seconds.
  path: Packages/com.unity.test-framework.performance/Runtime/ResourcesLoader.cs
  artifactKey: Guid(9f7fc0eedf514939aced1b50b9163974) Importer(2089858483,b0f066a214c2f5e87bad3c948f4d605d)
Start importing Packages/com.unity.test-framework.performance/Runtime/ResourcesLoader.cs using Guid(9f7fc0eedf514939aced1b50b9163974) Importer(2089858483,b0f066a214c2f5e87bad3c948f4d605d) (ScriptedImporter) -> (artifact id: 'ae0164d8cfc781758c27ee51f8ee1691') in 0.0140364 seconds
Number of updated asset objects reloaded before import = 0Number of asset objects unloaded after import = 0

========================================================================
Received Import Request.
  Time since last request: 0.000021 seconds.
  path: Packages/com.unity.netcode.gameobjects/Tests/Runtime/NetworkObject/PlayerSpawnObjectVisibilityTests.cs
  artifactKey: Guid(635d9e057e7179446906eccfd7fc9a90) Importer(2089858483,b0f066a214c2f5e87bad3c948f4d605d)
Start importing Packages/com.unity.netcode.gameobjects/Tests/Runtime/NetworkObject/PlayerSpawnObjectVisibilityTests.cs using Guid(635d9e057e7179446906eccfd7fc9a90) Importer(2089858483,b0f066a214c2f5e87bad3c948f4d605d) (ScriptedImporter) -> (artifact id: 'cbf2fdc42a6dd7b8511e9513331a8225') in 0.0108822 seconds
Number of updated asset objects reloaded before import = 0Number of asset objects unloaded after import = 0

========================================================================
Received Import Request.
  Time since last request: 0.000021 seconds.
  path: Packages/com.unity.nuget.mono-cecil/README.md
  artifactKey: Guid(beaa90bac8bb70d439d582bca35465cb) Importer(2089858483,b0f066a214c2f5e87bad3c948f4d605d)
Start importing Packages/com.unity.nuget.mono-cecil/README.md using Guid(beaa90bac8bb70d439d582bca35465cb) Importer(2089858483,b0f066a214c2f5e87bad3c948f4d605d) (ScriptedImporter) -> (artifact id: '80e0ed0a39ec1a372b457408869a5e11') in 0.0134274 seconds
Number of updated asset objects reloaded before import = 0Number of asset objects unloaded after import = 1

========================================================================
Received Import Request.
  Time since last request: 0.000026 seconds.
  path: Packages/com.unity.test-framework/UnityEditor.TestRunner/Api/TestAdaptor.cs
  artifactKey: Guid(6e0e62db88935c74288c97c907243bd0) Importer(2089858483,b0f066a214c2f5e87bad3c948f4d605d)
Start importing Packages/com.unity.test-framework/UnityEditor.TestRunner/Api/TestAdaptor.cs using Guid(6e0e62db88935c74288c97c907243bd0) Importer(2089858483,b0f066a214c2f5e87bad3c948f4d605d) (ScriptedImporter) -> (artifact id: '876a4b3b5fa80db9beb858136939d47c') in 0.0142614 seconds
Number of updated asset objects reloaded before import = 0Number of asset objects unloaded after import = 0

========================================================================
Received Import Request.
  Time since last request: 0.000037 seconds.
  path: Packages/com.unity.netcode.gameobjects/Tests/Runtime/NetworkManagerCustomMessageManagerTests.cs
  artifactKey: Guid(315ffe39806441839400d21871d566a0) Importer(2089858483,b0f066a214c2f5e87bad3c948f4d605d)
Start importing Packages/com.unity.netcode.gameobjects/Tests/Runtime/NetworkManagerCustomMessageManagerTests.cs using Guid(315ffe39806441839400d21871d566a0) Importer(2089858483,b0f066a214c2f5e87bad3c948f4d605d) (ScriptedImporter) -> (artifact id: 'bfe363f17443f3c960e9bbf4443fc3e3') in 0.0141317 seconds
Number of updated asset objects reloaded before import = 0Number of asset objects unloaded after import = 0

========================================================================
Received Import Request.
  Time since last request: 0.000035 seconds.
  path: Packages/com.unity.netcode.gameobjects/Runtime/Components/Helpers/ComponentController.cs
  artifactKey: Guid(4d0b25b3f95e5324abc80c09cb29f271) Importer(2089858483,b0f066a214c2f5e87bad3c948f4d605d)
Start importing Packages/com.unity.netcode.gameobjects/Runtime/Components/Helpers/ComponentController.cs using Guid(4d0b25b3f95e5324abc80c09cb29f271) Importer(2089858483,b0f066a214c2f5e87bad3c948f4d605d) (ScriptedImporter) -> (artifact id: '75a68864ff99aa2c261411c33d80250e') in 0.0115094 seconds
Number of updated asset objects reloaded before import = 0Number of asset objects unloaded after import = 0

========================================================================
Received Import Request.
  Time since last request: 0.000032 seconds.
  path: Packages/com.unity.test-framework/UnityEditor.TestRunner/TestRunner/EditmodeWorkItemFactory.cs
  artifactKey: Guid(3dde15f260b0dd1469e60d16eaa795dc) Importer(2089858483,b0f066a214c2f5e87bad3c948f4d605d)
Start importing Packages/com.unity.test-framework/UnityEditor.TestRunner/TestRunner/EditmodeWorkItemFactory.cs using Guid(3dde15f260b0dd1469e60d16eaa795dc) Importer(2089858483,b0f066a214c2f5e87bad3c948f4d605d) (ScriptedImporter) -> (artifact id: 'a8bd0958986df5892161199dffd8d93e') in 0.0147581 seconds
Number of updated asset objects reloaded before import = 0Number of asset objects unloaded after import = 0

========================================================================
Received Import Request.
  Time since last request: 0.000023 seconds.
  path: Packages/com.unity.collections/Unity.Collections.PerformanceTests/PerformanceTestFrameworkOutputListAdd.png
  artifactKey: Guid(a6ecd2aa79759e64ba59ab5f51d661ac) Importer(2089858483,b0f066a214c2f5e87bad3c948f4d605d)
Start importing Packages/com.unity.collections/Unity.Collections.PerformanceTests/PerformanceTestFrameworkOutputListAdd.png using Guid(a6ecd2aa79759e64ba59ab5f51d661ac) Importer(2089858483,b0f066a214c2f5e87bad3c948f4d605d) (ScriptedImporter) -> (artifact id: '5a863cbed866af2c167c4870e1311c29') in 0.0203236 seconds
Number of updated asset objects reloaded before import = 0Number of asset objects unloaded after import = 1

========================================================================
Received Import Request.
  Time since last request: 0.000018 seconds.
  path: Packages/com.unity.netcode.gameobjects/Runtime/Serialization/BytePacker.cs
  artifactKey: Guid(a3ec13587ae68cb49b82af8612d47698) Importer(2089858483,b0f066a214c2f5e87bad3c948f4d605d)
Start importing Packages/com.unity.netcode.gameobjects/Runtime/Serialization/BytePacker.cs using Guid(a3ec13587ae68cb49b82af8612d47698) Importer(2089858483,b0f066a214c2f5e87bad3c948f4d605d) (ScriptedImporter) -> (artifact id: '8e5bdf9e800e52c35102d6f749277a12') in 0.0110947 seconds
Number of updated asset objects reloaded before import = 0Number of asset objects unloaded after import = 0

========================================================================
Received Import Request.
  Time since last request: 0.000023 seconds.
  path: Packages/com.unity.transport/Runtime/SHA256.cs
  artifactKey: Guid(be34b354fedd4cdfa5fe102fbfa745b8) Importer(2089858483,b0f066a214c2f5e87bad3c948f4d605d)
Start importing Packages/com.unity.transport/Runtime/SHA256.cs using Guid(be34b354fedd4cdfa5fe102fbfa745b8) Importer(2089858483,b0f066a214c2f5e87bad3c948f4d605d) (ScriptedImporter) -> (artifact id: 'fb5df1ee33bbc2e8b0e855990fe6e1ab') in 0.0134066 seconds
Number of updated asset objects reloaded before import = 0Number of asset objects unloaded after import = 0

========================================================================
Received Import Request.
  Time since last request: 0.000022 seconds.
  path: Packages/com.unity.netcode.gameobjects/Runtime/Messaging/RpcTargets/RpcTarget.cs
  artifactKey: Guid(1b26d0227e71408b918ae25ca2a0179b) Importer(2089858483,b0f066a214c2f5e87bad3c948f4d605d)
Start importing Packages/com.unity.netcode.gameobjects/Runtime/Messaging/RpcTargets/RpcTarget.cs using Guid(1b26d0227e71408b918ae25ca2a0179b) Importer(2089858483,b0f066a214c2f5e87bad3c948f4d605d) (ScriptedImporter) -> (artifact id: '4ce970a3320c51b33745e7308868696d') in 0.0119292 seconds
Number of updated asset objects reloaded before import = 0Number of asset objects unloaded after import = 0

========================================================================
Received Import Request.
  Time since last request: 0.000026 seconds.
  path: Packages/com.unity.test-framework/UnityEditor.TestRunner/CommandLineTest/RunStateCallbacks.cs
  artifactKey: Guid(43db38ca7188900429bf8be95ebbe197) Importer(2089858483,b0f066a214c2f5e87bad3c948f4d605d)
Start importing Packages/com.unity.test-framework/UnityEditor.TestRunner/CommandLineTest/RunStateCallbacks.cs using Guid(43db38ca7188900429bf8be95ebbe197) Importer(2089858483,b0f066a214c2f5e87bad3c948f4d605d) (ScriptedImporter) -> (artifact id: 'f933243bda25ab1f8d911aa3baad39fd') in 0.0136921 seconds
Number of updated asset objects reloaded before import = 0Number of asset objects unloaded after import = 0

========================================================================
Received Import Request.
  Time since last request: 0.000024 seconds.
  path: Packages/com.unity.netcode.gameobjects/Tests/Editor/NetworkManagerConfigurationTests.cs
  artifactKey: Guid(9b84044fccbd3cd49908f0efd5719347) Importer(2089858483,b0f066a214c2f5e87bad3c948f4d605d)
Start importing Packages/com.unity.netcode.gameobjects/Tests/Editor/NetworkManagerConfigurationTests.cs using Guid(9b84044fccbd3cd49908f0efd5719347) Importer(2089858483,b0f066a214c2f5e87bad3c948f4d605d) (ScriptedImporter) -> (artifact id: '44e2f30520a3f5d91a8be4a19ba900f9') in 0.0111166 seconds
Number of updated asset objects reloaded before import = 0Number of asset objects unloaded after import = 0

========================================================================
Received Import Request.
  Time since last request: 0.000021 seconds.
  path: Packages/com.unity.mathematics/Tests/Tests/Shared/TestBool2.gen.cs
  artifactKey: Guid(fc335ab357eef1346a23bc792570d94e) Importer(2089858483,b0f066a214c2f5e87bad3c948f4d605d)
Start importing Packages/com.unity.mathematics/Tests/Tests/Shared/TestBool2.gen.cs using Guid(fc335ab357eef1346a23bc792570d94e) Importer(2089858483,b0f066a214c2f5e87bad3c948f4d605d) (ScriptedImporter) -> (artifact id: 'a6abacf6e6f55dde0240593ad0eced01') in 0.0125824 seconds
Number of updated asset objects reloaded before import = 0Number of asset objects unloaded after import = 0

========================================================================
Received Import Request.
  Time since last request: 0.000032 seconds.
  path: Packages/com.unity.collections/Unity.Collections.PerformanceTests/Unity.PerformanceTesting.Benchmark
  artifactKey: Guid(336c58ff186c3f245a1e3353bd539093) Importer(2089858483,b0f066a214c2f5e87bad3c948f4d605d)
Start importing Packages/com.unity.collections/Unity.Collections.PerformanceTests/Unity.PerformanceTesting.Benchmark using Guid(336c58ff186c3f245a1e3353bd539093) Importer(2089858483,b0f066a214c2f5e87bad3c948f4d605d) (ScriptedImporter) -> (artifact id: '1fb75872b3724465f3442680a9800af5') in 0.0133471 seconds
Number of updated asset objects reloaded before import = 0Number of asset objects unloaded after import = 1

========================================================================
Received Import Request.
  Time since last request: 0.000037 seconds.
  path: Packages/com.unity.netcode.gameobjects/Runtime/Messaging/RpcTargets/DirectSendRpcTarget.cs
  artifactKey: Guid(077544cfd0b94cfc8a2a55d3828b74bb) Importer(2089858483,b0f066a214c2f5e87bad3c948f4d605d)
Start importing Packages/com.unity.netcode.gameobjects/Runtime/Messaging/RpcTargets/DirectSendRpcTarget.cs using Guid(077544cfd0b94cfc8a2a55d3828b74bb) Importer(2089858483,b0f066a214c2f5e87bad3c948f4d605d) (ScriptedImporter) -> (artifact id: '4d1b0ef4a2475ece361d00639a69ad62') in 0.0135802 seconds
Number of updated asset objects reloaded before import = 0Number of asset objects unloaded after import = 0

========================================================================
Received Import Request.
  Time since last request: 0.000023 seconds.
  path: Packages/com.unity.test-framework/UnityEditor.TestRunner/UnityTestProtocol/Data/ScreenSettings.cs
  artifactKey: Guid(58a43a62ecbe444d963930822e17d4cd) Importer(2089858483,b0f066a214c2f5e87bad3c948f4d605d)
Start importing Packages/com.unity.test-framework/UnityEditor.TestRunner/UnityTestProtocol/Data/ScreenSettings.cs using Guid(58a43a62ecbe444d963930822e17d4cd) Importer(2089858483,b0f066a214c2f5e87bad3c948f4d605d) (ScriptedImporter) -> (artifact id: '3556cb1557b3e8042d0af01e9b662901') in 0.0119247 seconds
Number of updated asset objects reloaded before import = 0Number of asset objects unloaded after import = 0

========================================================================
Received Import Request.
  Time since last request: 0.000041 seconds.
  path: Packages/com.unity.mathematics/Unity.Mathematics/bool3x2.gen.cs
  artifactKey: Guid(21b83123b388e4dcb80da9576a60ebd2) Importer(2089858483,b0f066a214c2f5e87bad3c948f4d605d)
Start importing Packages/com.unity.mathematics/Unity.Mathematics/bool3x2.gen.cs using Guid(21b83123b388e4dcb80da9576a60ebd2) Importer(2089858483,b0f066a214c2f5e87bad3c948f4d605d) (ScriptedImporter) -> (artifact id: '3d3f7bcf648fb347b44bedec2e22d753') in 0.0141227 seconds
Number of updated asset objects reloaded before import = 0Number of asset objects unloaded after import = 0

========================================================================
Received Import Request.
  Time since last request: 0.000107 seconds.
  path: Packages/com.unity.test-framework/UnityEditor.TestRunner/Api/ITestAdaptor.cs
  artifactKey: Guid(85dd7af03f02aea4aae13a3945e3b313) Importer(2089858483,b0f066a214c2f5e87bad3c948f4d605d)
Start importing Packages/com.unity.test-framework/UnityEditor.TestRunner/Api/ITestAdaptor.cs using Guid(85dd7af03f02aea4aae13a3945e3b313) Importer(2089858483,b0f066a214c2f5e87bad3c948f4d605d) (ScriptedImporter) -> (artifact id: 'ef2409ccf47ca1568a7ec8130c156bbd') in 0.0112603 seconds
Number of updated asset objects reloaded before import = 0Number of asset objects unloaded after import = 0

========================================================================
Received Import Request.
  Time since last request: 0.000037 seconds.
  path: Packages/com.unity.collections/Unity.Collections.Tests/Jobs/FilterJobTests.cs
  artifactKey: Guid(551e05d9d28513c4fb893599f9237377) Importer(2089858483,b0f066a214c2f5e87bad3c948f4d605d)
Start importing Packages/com.unity.collections/Unity.Collections.Tests/Jobs/FilterJobTests.cs using Guid(551e05d9d28513c4fb893599f9237377) Importer(2089858483,b0f066a214c2f5e87bad3c948f4d605d) (ScriptedImporter) -> (artifact id: '059acfc16f7eb619e309efdfc841bd44') in 0.0133421 seconds
Number of updated asset objects reloaded before import = 0Number of asset objects unloaded after import = 0

========================================================================
Received Import Request.
  Time since last request: 0.000023 seconds.
  path: Packages/com.unity.netcode.gameobjects/Tests/Runtime/NetworkVariable/NetworkVariableAnticipationTests.cs
  artifactKey: Guid(74e627a9d18dcd04e9c56ab2539a6593) Importer(2089858483,b0f066a214c2f5e87bad3c948f4d605d)
Start importing Packages/com.unity.netcode.gameobjects/Tests/Runtime/NetworkVariable/NetworkVariableAnticipationTests.cs using Guid(74e627a9d18dcd04e9c56ab2539a6593) Importer(2089858483,b0f066a214c2f5e87bad3c948f4d605d) (ScriptedImporter) -> (artifact id: 'ff11b5d52ea4e5955841f715f7cdc5d5') in 0.012013 seconds
Number of updated asset objects reloaded before import = 0Number of asset objects unloaded after import = 0

========================================================================
Received Import Request.
  Time since last request: 0.000038 seconds.
  path: Packages/com.unity.netcode.gameobjects/Runtime/Messaging/INetworkMessageProvider.cs
  artifactKey: Guid(1ed41def88d712c4b9c115310e6b0127) Importer(2089858483,b0f066a214c2f5e87bad3c948f4d605d)
Start importing Packages/com.unity.netcode.gameobjects/Runtime/Messaging/INetworkMessageProvider.cs using Guid(1ed41def88d712c4b9c115310e6b0127) Importer(2089858483,b0f066a214c2f5e87bad3c948f4d605d) (ScriptedImporter) -> (artifact id: 'b48736608d8ba0cf494e5f64bcb0f8e0') in 0.0137085 seconds
Number of updated asset objects reloaded before import = 0Number of asset objects unloaded after import = 0

========================================================================
Received Import Request.
  Time since last request: 0.000034 seconds.
  path: Packages/com.unity.test-framework/UnityEditor.TestRunner/GUI/TestListTreeView
  artifactKey: Guid(68cb547af0187634aad591a09c01cd5b) Importer(2089858483,b0f066a214c2f5e87bad3c948f4d605d)
Start importing Packages/com.unity.test-framework/UnityEditor.TestRunner/GUI/TestListTreeView using Guid(68cb547af0187634aad591a09c01cd5b) Importer(2089858483,b0f066a214c2f5e87bad3c948f4d605d) (ScriptedImporter) -> (artifact id: 'bbf79fa00e7e20d6efae456efd279eff') in 0.014071 seconds
Number of updated asset objects reloaded before import = 0Number of asset objects unloaded after import = 1

========================================================================
Received Import Request.
  Time since last request: 0.000019 seconds.
  path: Packages/com.unity.test-framework/UnityEditor.TestRunner/CommandLineTest/ISettingsBuilder.cs
  artifactKey: Guid(8a13cbeb2099aca47bb456f49845f86c) Importer(2089858483,b0f066a214c2f5e87bad3c948f4d605d)
Start importing Packages/com.unity.test-framework/UnityEditor.TestRunner/CommandLineTest/ISettingsBuilder.cs using Guid(8a13cbeb2099aca47bb456f49845f86c) Importer(2089858483,b0f066a214c2f5e87bad3c948f4d605d) (ScriptedImporter) -> (artifact id: 'c79a7779e6ed71f738cd56df2f526a31') in 0.0129746 seconds
Number of updated asset objects reloaded before import = 0Number of asset objects unloaded after import = 0

========================================================================
Received Import Request.
  Time since last request: 0.000025 seconds.
  path: Packages/com.unity.transport/Runtime/Pipelines/ReliableSequencedPipelineStage.cs
  artifactKey: Guid(d4a883e653375453c8a2dcaec90940a2) Importer(2089858483,b0f066a214c2f5e87bad3c948f4d605d)
Start importing Packages/com.unity.transport/Runtime/Pipelines/ReliableSequencedPipelineStage.cs using Guid(d4a883e653375453c8a2dcaec90940a2) Importer(2089858483,b0f066a214c2f5e87bad3c948f4d605d) (ScriptedImporter) -> (artifact id: 'c5a94f11e752e19581c9150c82654fb6') in 0.0130805 seconds
Number of updated asset objects reloaded before import = 0Number of asset objects unloaded after import = 0

========================================================================
Received Import Request.
  Time since last request: 0.000062 seconds.
  path: Packages/com.unity.transport/Runtime/Relay/RelayConnectionData.cs
  artifactKey: Guid(f4075b7297b86fe4ead03f7bd32a0231) Importer(2089858483,b0f066a214c2f5e87bad3c948f4d605d)
Start importing Packages/com.unity.transport/Runtime/Relay/RelayConnectionData.cs using Guid(f4075b7297b86fe4ead03f7bd32a0231) Importer(2089858483,b0f066a214c2f5e87bad3c948f4d605d) (ScriptedImporter) -> (artifact id: '4303c17f655f62f564dbd84c878df4c1') in 0.0127453 seconds
Number of updated asset objects reloaded before import = 0Number of asset objects unloaded after import = 0

========================================================================
Received Import Request.
  Time since last request: 0.000024 seconds.
  path: Packages/com.unity.test-framework/UnityEditor.TestRunner/GUI/TestRunnerUIFilter.cs
  artifactKey: Guid(15f870c6975ad6449b5b52514b90dc2b) Importer(2089858483,b0f066a214c2f5e87bad3c948f4d605d)
Start importing Packages/com.unity.test-framework/UnityEditor.TestRunner/GUI/TestRunnerUIFilter.cs using Guid(15f870c6975ad6449b5b52514b90dc2b) Importer(2089858483,b0f066a214c2f5e87bad3c948f4d605d) (ScriptedImporter) -> (artifact id: 'a20c7cc8ba0d610550f890d3af1df9af') in 0.0146675 seconds
Number of updated asset objects reloaded before import = 0Number of asset objects unloaded after import = 0

========================================================================
Received Import Request.
  Time since last request: 0.000020 seconds.
  path: Packages/com.unity.netcode.gameobjects/Tests
  artifactKey: Guid(e5a2c06211b0c224c94202c2cda733fd) Importer(2089858483,b0f066a214c2f5e87bad3c948f4d605d)
Start importing Packages/com.unity.netcode.gameobjects/Tests using Guid(e5a2c06211b0c224c94202c2cda733fd) Importer(2089858483,b0f066a214c2f5e87bad3c948f4d605d) (ScriptedImporter) -> (artifact id: '15cd3c050e40d8c3b586af8756d516c3') in 0.0116231 seconds
Number of updated asset objects reloaded before import = 0Number of asset objects unloaded after import = 1

========================================================================
Received Import Request.
  Time since last request: 0.000027 seconds.
  path: Packages/com.unity.transport/Runtime/Relay
  artifactKey: Guid(44f6fc6bdd501984f8e5a15129b51288) Importer(2089858483,b0f066a214c2f5e87bad3c948f4d605d)
Start importing Packages/com.unity.transport/Runtime/Relay using Guid(44f6fc6bdd501984f8e5a15129b51288) Importer(2089858483,b0f066a214c2f5e87bad3c948f4d605d) (ScriptedImporter) -> (artifact id: 'a5d4c357e23830707bd6b6e79926a910') in 0.0115703 seconds
Number of updated asset objects reloaded before import = 0Number of asset objects unloaded after import = 1

========================================================================
Received Import Request.
  Time since last request: 0.000023 seconds.
  path: Packages/com.unity.test-framework/UnityEditor.TestRunner/Api/ITestRunSettings.cs
  artifactKey: Guid(2ae2ce6274819484fa8747a28cebdf3a) Importer(2089858483,b0f066a214c2f5e87bad3c948f4d605d)
Start importing Packages/com.unity.test-framework/UnityEditor.TestRunner/Api/ITestRunSettings.cs using Guid(2ae2ce6274819484fa8747a28cebdf3a) Importer(2089858483,b0f066a214c2f5e87bad3c948f4d605d) (ScriptedImporter) -> (artifact id: 'ec5e0e00dff216969f69d9616be5cc20') in 0.0120963 seconds
Number of updated asset objects reloaded before import = 0Number of asset objects unloaded after import = 0

========================================================================
Received Import Request.
  Time since last request: 0.000026 seconds.
  path: Packages/com.unity.netcode.gameobjects/Runtime/Components/Interpolator/BufferedLinearInterpolatorQuaternion.cs
  artifactKey: Guid(b8ad8124b66f0d54d871841d09fc176b) Importer(2089858483,b0f066a214c2f5e87bad3c948f4d605d)
Start importing Packages/com.unity.netcode.gameobjects/Runtime/Components/Interpolator/BufferedLinearInterpolatorQuaternion.cs using Guid(b8ad8124b66f0d54d871841d09fc176b) Importer(2089858483,b0f066a214c2f5e87bad3c948f4d605d) (ScriptedImporter) -> (artifact id: 'c62bebf10de0001221b45081904f6187') in 0.0117232 seconds
Number of updated asset objects reloaded before import = 0Number of asset objects unloaded after import = 0

========================================================================
Received Import Request.
  Time since last request: 0.000022 seconds.
  path: Packages/com.unity.netcode.gameobjects/Editor/PackageChecker/Unity.Netcode.PackageChecker.Editor.asmdef
  artifactKey: Guid(de64d7f9ca85d4bf59c8c24738bc1057) Importer(2089858483,b0f066a214c2f5e87bad3c948f4d605d)
Start importing Packages/com.unity.netcode.gameobjects/Editor/PackageChecker/Unity.Netcode.PackageChecker.Editor.asmdef using Guid(de64d7f9ca85d4bf59c8c24738bc1057) Importer(2089858483,b0f066a214c2f5e87bad3c948f4d605d) (ScriptedImporter) -> (artifact id: '9ce8ebe53b4072bae078a792fbde0676') in 0.013963 seconds
Number of updated asset objects reloaded before import = 0Number of asset objects unloaded after import = 1

========================================================================
Received Import Request.
  Time since last request: 0.000027 seconds.
  path: Packages/com.unity.collections/Unity.Collections.CodeGen/JobsILPostProcessor.cs
  artifactKey: Guid(9b544eddbc9bfd24fad9da6ddbe65962) Importer(2089858483,b0f066a214c2f5e87bad3c948f4d605d)
Start importing Packages/com.unity.collections/Unity.Collections.CodeGen/JobsILPostProcessor.cs using Guid(9b544eddbc9bfd24fad9da6ddbe65962) Importer(2089858483,b0f066a214c2f5e87bad3c948f4d605d) (ScriptedImporter) -> (artifact id: '5f373b33ec341a8926682726564aa1c0') in 0.0149426 seconds
Number of updated asset objects reloaded before import = 0Number of asset objects unloaded after import = 0

========================================================================
Received Import Request.
  Time since last request: 0.000041 seconds.
  path: Packages/com.unity.netcode.gameobjects/Runtime/Spawning/NetworkPrefabInstanceHandlerWithData.cs
  artifactKey: Guid(9bf5119a47f8d3247aaa4cd13c1ee96b) Importer(2089858483,b0f066a214c2f5e87bad3c948f4d605d)
Start importing Packages/com.unity.netcode.gameobjects/Runtime/Spawning/NetworkPrefabInstanceHandlerWithData.cs using Guid(9bf5119a47f8d3247aaa4cd13c1ee96b) Importer(2089858483,b0f066a214c2f5e87bad3c948f4d605d) (ScriptedImporter) -> (artifact id: 'b8d555da86d34d99fe17e54ab7fee545') in 0.0115286 seconds
Number of updated asset objects reloaded before import = 0Number of asset objects unloaded after import = 0

========================================================================
Received Import Request.
  Time since last request: 0.000399 seconds.
  path: Packages/com.unity.mathematics/Tests/Tests/Shared/TestInt2x4.gen.cs
  artifactKey: Guid(847ca3f6ecd472f43b9995db81c87807) Importer(2089858483,b0f066a214c2f5e87bad3c948f4d605d)
Start importing Packages/com.unity.mathematics/Tests/Tests/Shared/TestInt2x4.gen.cs using Guid(847ca3f6ecd472f43b9995db81c87807) Importer(2089858483,b0f066a214c2f5e87bad3c948f4d605d) (ScriptedImporter) -> (artifact id: '1669eda02674b2ac0c76b629bbb007aa') in 0.0130736 seconds
Number of updated asset objects reloaded before import = 0Number of asset objects unloaded after import = 0

========================================================================
Received Import Request.
  Time since last request: 0.000021 seconds.
  path: Packages/com.unity.test-framework/UnityEngine.TestRunner/NUnitExtensions/ActionDelegator.cs
  artifactKey: Guid(4f939b9e23a0946439b812551e07ac81) Importer(2089858483,b0f066a214c2f5e87bad3c948f4d605d)
Start importing Packages/com.unity.test-framework/UnityEngine.TestRunner/NUnitExtensions/ActionDelegator.cs using Guid(4f939b9e23a0946439b812551e07ac81) Importer(2089858483,b0f066a214c2f5e87bad3c948f4d605d) (ScriptedImporter) -> (artifact id: '07a54b5e378db0d10f3c94fb4c05c966') in 0.0136685 seconds
Number of updated asset objects reloaded before import = 0Number of asset objects unloaded after import = 0

========================================================================
Received Import Request.
  Time since last request: 0.000111 seconds.
  path: Packages/com.unity.test-framework/UnityEditor.TestRunner/TestRun/Tasks/Scene/SceneWrapper.cs
  artifactKey: Guid(43c24fd91e60170469bfb8d79c565ad3) Importer(2089858483,b0f066a214c2f5e87bad3c948f4d605d)
Start importing Packages/com.unity.test-framework/UnityEditor.TestRunner/TestRun/Tasks/Scene/SceneWrapper.cs using Guid(43c24fd91e60170469bfb8d79c565ad3) Importer(2089858483,b0f066a214c2f5e87bad3c948f4d605d) (ScriptedImporter) -> (artifact id: 'c6d7e0a264b492c6e3b899a48de77148') in 0.0121496 seconds
Number of updated asset objects reloaded before import = 0Number of asset objects unloaded after import = 0

========================================================================
Received Import Request.
  Time since last request: 0.000029 seconds.
  path: Packages/com.unity.netcode.gameobjects/Tests/Runtime/Components/NetworkVariableTestComponent.cs
  artifactKey: Guid(ef882d7ba8231eb45839424f54a12486) Importer(2089858483,b0f066a214c2f5e87bad3c948f4d605d)
Start importing Packages/com.unity.netcode.gameobjects/Tests/Runtime/Components/NetworkVariableTestComponent.cs using Guid(ef882d7ba8231eb45839424f54a12486) Importer(2089858483,b0f066a214c2f5e87bad3c948f4d605d) (ScriptedImporter) -> (artifact id: '4c43aabb21ab2adad77e71d83b715f23') in 0.0141498 seconds
Number of updated asset objects reloaded before import = 0Number of asset objects unloaded after import = 0

========================================================================
Received Import Request.
  Time since last request: 0.000021 seconds.
  path: Packages/com.unity.netcode.gameobjects/Tests/Runtime/DocumentationCodeSamples/Configuration
  artifactKey: Guid(ac415df2337f69349996d9da97f07242) Importer(2089858483,b0f066a214c2f5e87bad3c948f4d605d)
Start importing Packages/com.unity.netcode.gameobjects/Tests/Runtime/DocumentationCodeSamples/Configuration using Guid(ac415df2337f69349996d9da97f07242) Importer(2089858483,b0f066a214c2f5e87bad3c948f4d605d) (ScriptedImporter) -> (artifact id: '3e83c408179fe53d0841afa37e492b32') in 0.0123916 seconds
Number of updated asset objects reloaded before import = 0Number of asset objects unloaded after import = 1

========================================================================
Received Import Request.
  Time since last request: 0.000042 seconds.
  path: Packages/com.unity.collections/pvpExceptions.json
  artifactKey: Guid(fee59c2b2318a7e4fa7a2c2af28d9553) Importer(2089858483,b0f066a214c2f5e87bad3c948f4d605d)
Start importing Packages/com.unity.collections/pvpExceptions.json using Guid(fee59c2b2318a7e4fa7a2c2af28d9553) Importer(2089858483,b0f066a214c2f5e87bad3c948f4d605d) (ScriptedImporter) -> (artifact id: '5feff5a7c26b397d16a3e091ecb177c1') in 0.0134549 seconds
Number of updated asset objects reloaded before import = 0Number of asset objects unloaded after import = 1

========================================================================
Received Import Request.
  Time since last request: 0.000042 seconds.
  path: Packages/com.unity.test-framework/UnityEditor.TestRunner/UnityTestProtocol
  artifactKey: Guid(936c6340f3468444ebb1785b4c311126) Importer(2089858483,b0f066a214c2f5e87bad3c948f4d605d)
Start importing Packages/com.unity.test-framework/UnityEditor.TestRunner/UnityTestProtocol using Guid(936c6340f3468444ebb1785b4c311126) Importer(2089858483,b0f066a214c2f5e87bad3c948f4d605d) (ScriptedImporter) -> (artifact id: '92cd111a75c6f0e61220447f3db00aab') in 0.011385 seconds
Number of updated asset objects reloaded before import = 0Number of asset objects unloaded after import = 1

========================================================================
Received Import Request.
  Time since last request: 0.000023 seconds.
  path: Packages/com.unity.netcode.gameobjects/Editor/Analytics/NetworkManagerAnalytics.cs
  artifactKey: Guid(a987d18ba709af44bbe4033d29b80cb6) Importer(2089858483,b0f066a214c2f5e87bad3c948f4d605d)
Start importing Packages/com.unity.netcode.gameobjects/Editor/Analytics/NetworkManagerAnalytics.cs using Guid(a987d18ba709af44bbe4033d29b80cb6) Importer(2089858483,b0f066a214c2f5e87bad3c948f4d605d) (ScriptedImporter) -> (artifact id: 'd436cb9a20f795c045bd1fed6025d5fa') in 0.0121822 seconds
Number of updated asset objects reloaded before import = 0Number of asset objects unloaded after import = 0

========================================================================
Received Import Request.
  Time since last request: 0.000025 seconds.
  path: Packages/com.unity.netcode.gameobjects/Tests/Runtime/Rpc/RpcInvocationTests.cs
  artifactKey: Guid(9833d655491744a199494f0715dc8a62) Importer(2089858483,b0f066a214c2f5e87bad3c948f4d605d)
Start importing Packages/com.unity.netcode.gameobjects/Tests/Runtime/Rpc/RpcInvocationTests.cs using Guid(9833d655491744a199494f0715dc8a62) Importer(2089858483,b0f066a214c2f5e87bad3c948f4d605d) (ScriptedImporter) -> (artifact id: '71dc56b3d6dbaee3f34ca1eed38895e6') in 0.0136986 seconds
Number of updated asset objects reloaded before import = 0Number of asset objects unloaded after import = 0

========================================================================
Received Import Request.
  Time since last request: 0.000021 seconds.
  path: Packages/com.unity.test-framework/LICENSE.md
  artifactKey: Guid(3ec7596410385054a9e0bc90377fbe63) Importer(2089858483,b0f066a214c2f5e87bad3c948f4d605d)
Start importing Packages/com.unity.test-framework/LICENSE.md using Guid(3ec7596410385054a9e0bc90377fbe63) Importer(2089858483,b0f066a214c2f5e87bad3c948f4d605d) (ScriptedImporter) -> (artifact id: '63f7b70c8be0b68c906e2dfcbb497286') in 0.0118723 seconds
Number of updated asset objects reloaded before import = 0Number of asset objects unloaded after import = 1

========================================================================
Received Import Request.
  Time since last request: 0.000048 seconds.
  path: Packages/com.unity.netcode.gameobjects/Runtime/Core/NetworkBehaviourUpdater.cs
  artifactKey: Guid(d084c01093b446878bcb76e5d7f3221e) Importer(2089858483,b0f066a214c2f5e87bad3c948f4d605d)
Start importing Packages/com.unity.netcode.gameobjects/Runtime/Core/NetworkBehaviourUpdater.cs using Guid(d084c01093b446878bcb76e5d7f3221e) Importer(2089858483,b0f066a214c2f5e87bad3c948f4d605d) (ScriptedImporter) -> (artifact id: 'dc6fbb7d7f47c9e681eb7a0c53889fe4') in 0.0141485 seconds
Number of updated asset objects reloaded before import = 0Number of asset objects unloaded after import = 0

========================================================================
Received Import Request.
  Time since last request: 0.000064 seconds.
  path: Packages/com.unity.burst/Unity.Burst.CodeGen/Unity.Burst.Cecil.Pdb.dll
  artifactKey: Guid(61f68ecf9182840f7a8c8f0a7cbbbc47) Importer(2089858483,b0f066a214c2f5e87bad3c948f4d605d)
Start importing Packages/com.unity.burst/Unity.Burst.CodeGen/Unity.Burst.Cecil.Pdb.dll using Guid(61f68ecf9182840f7a8c8f0a7cbbbc47) Importer(2089858483,b0f066a214c2f5e87bad3c948f4d605d) (ScriptedImporter) -> (artifact id: 'bf4aa04f291f16ca8c24883acfb2924d') in 0.011358 seconds
Number of updated asset objects reloaded before import = 0Number of asset objects unloaded after import = 0

========================================================================
Received Import Request.
  Time since last request: 0.000054 seconds.
  path: Packages/com.unity.collections/Unity.Collections/DebugView.cs
  artifactKey: Guid(66302e43465db41bc9a7b142b2157ac6) Importer(2089858483,b0f066a214c2f5e87bad3c948f4d605d)
Start importing Packages/com.unity.collections/Unity.Collections/DebugView.cs using Guid(66302e43465db41bc9a7b142b2157ac6) Importer(2089858483,b0f066a214c2f5e87bad3c948f4d605d) (ScriptedImporter) -> (artifact id: '84694238e860686bda74e3e08f0a738c') in 0.0432603 seconds
Number of updated asset objects reloaded before import = 0Number of asset objects unloaded after import = 0

========================================================================
Received Import Request.
  Time since last request: 0.000139 seconds.
  path: Packages/com.unity.netcode.gameobjects/Runtime/Profiling/ProfilingHooks.cs
  artifactKey: Guid(da46509a8ea6d1c4390e0102f6422785) Importer(2089858483,b0f066a214c2f5e87bad3c948f4d605d)
Start importing Packages/com.unity.netcode.gameobjects/Runtime/Profiling/ProfilingHooks.cs using Guid(da46509a8ea6d1c4390e0102f6422785) Importer(2089858483,b0f066a214c2f5e87bad3c948f4d605d) (ScriptedImporter) -> (artifact id: 'df9df6e8623276ab670ebf9a4e98875b') in 0.0167243 seconds
Number of updated asset objects reloaded before import = 0Number of asset objects unloaded after import = 0

========================================================================
Received Import Request.
  Time since last request: 0.000023 seconds.
  path: Packages/com.unity.netcode.gameobjects/Runtime/Components/Helpers/AttachableNode.cs
  artifactKey: Guid(b870dfbc4cccf6244b4ed1a9b379c701) Importer(2089858483,b0f066a214c2f5e87bad3c948f4d605d)
Start importing Packages/com.unity.netcode.gameobjects/Runtime/Components/Helpers/AttachableNode.cs using Guid(b870dfbc4cccf6244b4ed1a9b379c701) Importer(2089858483,b0f066a214c2f5e87bad3c948f4d605d) (ScriptedImporter) -> (artifact id: '4f14e8efeff0f2080f2559a05c4a583c') in 0.0117012 seconds
Number of updated asset objects reloaded before import = 0Number of asset objects unloaded after import = 0

========================================================================
Received Import Request.
  Time since last request: 0.000058 seconds.
  path: Packages/com.unity.netcode.gameobjects/Runtime/Spawning
  artifactKey: Guid(39220c123d44f6847a391c87be47d3a7) Importer(2089858483,b0f066a214c2f5e87bad3c948f4d605d)
Start importing Packages/com.unity.netcode.gameobjects/Runtime/Spawning using Guid(39220c123d44f6847a391c87be47d3a7) Importer(2089858483,b0f066a214c2f5e87bad3c948f4d605d) (ScriptedImporter) -> (artifact id: '268a9f50bfb9111ee338d8c49516585f') in 0.0129493 seconds
Number of updated asset objects reloaded before import = 0Number of asset objects unloaded after import = 1

========================================================================
Received Import Request.
  Time since last request: 0.000025 seconds.
  path: Packages/com.unity.test-framework/UnityEditor.TestRunner/TestRun/Tasks/SetInteractionModeTask.cs
  artifactKey: Guid(3710fe6aef52449b9c9bbf0b17ae6960) Importer(2089858483,b0f066a214c2f5e87bad3c948f4d605d)
Start importing Packages/com.unity.test-framework/UnityEditor.TestRunner/TestRun/Tasks/SetInteractionModeTask.cs using Guid(3710fe6aef52449b9c9bbf0b17ae6960) Importer(2089858483,b0f066a214c2f5e87bad3c948f4d605d) (ScriptedImporter) -> (artifact id: 'bfefa3e1e1669ffd1d43c5d88d36248a') in 0.0141139 seconds
Number of updated asset objects reloaded before import = 0Number of asset objects unloaded after import = 0

========================================================================
Received Import Request.
  Time since last request: 0.000023 seconds.
  path: Packages/com.unity.mathematics/Unity.Mathematics/double4x2.gen.cs
  artifactKey: Guid(2780651a7c8e8413da73612cb720fbac) Importer(2089858483,b0f066a214c2f5e87bad3c948f4d605d)
Start importing Packages/com.unity.mathematics/Unity.Mathematics/double4x2.gen.cs using Guid(2780651a7c8e8413da73612cb720fbac) Importer(2089858483,b0f066a214c2f5e87bad3c948f4d605d) (ScriptedImporter) -> (artifact id: 'c52bef2df21bf4cc0bc77359505038da') in 0.0122481 seconds
Number of updated asset objects reloaded before import = 0Number of asset objects unloaded after import = 0

========================================================================
Received Import Request.
  Time since last request: 0.000059 seconds.
  path: Packages/com.unity.transport/Runtime/WebSocketNetworkInterface.jslib
  artifactKey: Guid(ab1c9b70c9936425f9286479fb472f04) Importer(2089858483,b0f066a214c2f5e87bad3c948f4d605d)
Start importing Packages/com.unity.transport/Runtime/WebSocketNetworkInterface.jslib using Guid(ab1c9b70c9936425f9286479fb472f04) Importer(2089858483,b0f066a214c2f5e87bad3c948f4d605d) (ScriptedImporter) -> (artifact id: 'baae71bae5a585a08b868275e6a608da') in 0.013441 seconds
Number of updated asset objects reloaded before import = 0Number of asset objects unloaded after import = 0

========================================================================
Received Import Request.
  Time since last request: 0.000025 seconds.
  path: Packages/com.unity.collections/Unity.Collections.Tests/NativeParallelMultiHashMapTests.cs
  artifactKey: Guid(bb38f6025ca13a74bb896b504219a393) Importer(2089858483,b0f066a214c2f5e87bad3c948f4d605d)
Start importing Packages/com.unity.collections/Unity.Collections.Tests/NativeParallelMultiHashMapTests.cs using Guid(bb38f6025ca13a74bb896b504219a393) Importer(2089858483,b0f066a214c2f5e87bad3c948f4d605d) (ScriptedImporter) -> (artifact id: '537380103140be53915d2b84d9f48115') in 0.0139345 seconds
Number of updated asset objects reloaded before import = 0Number of asset objects unloaded after import = 0

========================================================================
Received Import Request.
  Time since last request: 0.000031 seconds.
  path: Packages/com.unity.netcode.gameobjects/Tests/Runtime/Prefabs/NetworkPrefabOverrideTests.cs
  artifactKey: Guid(c5e27e24bc5f783458d6a45585308f87) Importer(2089858483,b0f066a214c2f5e87bad3c948f4d605d)
Start importing Packages/com.unity.netcode.gameobjects/Tests/Runtime/Prefabs/NetworkPrefabOverrideTests.cs using Guid(c5e27e24bc5f783458d6a45585308f87) Importer(2089858483,b0f066a214c2f5e87bad3c948f4d605d) (ScriptedImporter) -> (artifact id: '9b7a4b6b43ded6e4b930175488102adb') in 0.01115 seconds
Number of updated asset objects reloaded before import = 0Number of asset objects unloaded after import = 0

========================================================================
Received Import Request.
  Time since last request: 0.000025 seconds.
  path: Packages/com.unity.test-framework/UnityEditor.TestRunner/TestRun/ITestJobRunner.cs
  artifactKey: Guid(8173ba5b162e4e5882521d173c36acec) Importer(2089858483,b0f066a214c2f5e87bad3c948f4d605d)
Start importing Packages/com.unity.test-framework/UnityEditor.TestRunner/TestRun/ITestJobRunner.cs using Guid(8173ba5b162e4e5882521d173c36acec) Importer(2089858483,b0f066a214c2f5e87bad3c948f4d605d) (ScriptedImporter) -> (artifact id: 'd100ffc9d0dbc4b208bfb18a8da7364f') in 0.0109153 seconds
Number of updated asset objects reloaded before import = 0Number of asset objects unloaded after import = 0

========================================================================
Received Import Request.
  Time since last request: 0.000060 seconds.
  path: Packages/com.unity.test-framework/UnityEditor.TestRunner/TestRun/Tasks/PostbuildCleanupTask.cs
  artifactKey: Guid(3b6931522502d68458016e3cadb89f1b) Importer(2089858483,b0f066a214c2f5e87bad3c948f4d605d)
Start importing Packages/com.unity.test-framework/UnityEditor.TestRunner/TestRun/Tasks/PostbuildCleanupTask.cs using Guid(3b6931522502d68458016e3cadb89f1b) Importer(2089858483,b0f066a214c2f5e87bad3c948f4d605d) (ScriptedImporter) -> (artifact id: '7c5698e1f8bd8f974482458711574edc') in 0.0141849 seconds
Number of updated asset objects reloaded before import = 0Number of asset objects unloaded after import = 0

========================================================================
Received Import Request.
  Time since last request: 0.000019 seconds.
  path: Packages/com.unity.netcode.gameobjects/Editor/NetworkBehaviourEditor.cs
  artifactKey: Guid(a4a5c9c08a4038e449fd259764bc663f) Importer(2089858483,b0f066a214c2f5e87bad3c948f4d605d)
Start importing Packages/com.unity.netcode.gameobjects/Editor/NetworkBehaviourEditor.cs using Guid(a4a5c9c08a4038e449fd259764bc663f) Importer(2089858483,b0f066a214c2f5e87bad3c948f4d605d) (ScriptedImporter) -> (artifact id: '0bc0965d2ad9263a02a031a41f48ee12') in 0.0141775 seconds
Number of updated asset objects reloaded before import = 0Number of asset objects unloaded after import = 0

========================================================================
Received Import Request.
  Time since last request: 0.000023 seconds.
  path: Packages/com.unity.test-framework.performance/Editor/PerformanceTestBuildAssemblyFilter.cs
  artifactKey: Guid(6b7e8a2b3c6739c44a35905b9331e9b4) Importer(2089858483,b0f066a214c2f5e87bad3c948f4d605d)
Start importing Packages/com.unity.test-framework.performance/Editor/PerformanceTestBuildAssemblyFilter.cs using Guid(6b7e8a2b3c6739c44a35905b9331e9b4) Importer(2089858483,b0f066a214c2f5e87bad3c948f4d605d) (ScriptedImporter) -> (artifact id: '8ad5be3164766f8a2e37c16940a660cd') in 0.0115337 seconds
Number of updated asset objects reloaded before import = 0Number of asset objects unloaded after import = 0

========================================================================
Received Import Request.
  Time since last request: 0.000034 seconds.
  path: Packages/com.unity.netcode.gameobjects/Editor/CodeGen/PostProcessorReflectionImporterProvider.cs
  artifactKey: Guid(f9273a5dad109ab0783891e36c983080) Importer(2089858483,b0f066a214c2f5e87bad3c948f4d605d)
Start importing Packages/com.unity.netcode.gameobjects/Editor/CodeGen/PostProcessorReflectionImporterProvider.cs using Guid(f9273a5dad109ab0783891e36c983080) Importer(2089858483,b0f066a214c2f5e87bad3c948f4d605d) (ScriptedImporter) -> (artifact id: '5749a31ac8a98cb39d094637e94590a7') in 0.0121223 seconds
Number of updated asset objects reloaded before import = 0Number of asset objects unloaded after import = 0

========================================================================
Received Import Request.
  Time since last request: 0.000024 seconds.
  path: Packages/com.unity.netcode.gameobjects/Runtime/Components/NetworkRigidbody.cs
  artifactKey: Guid(f6c0be61502bb534f922ebb746851216) Importer(2089858483,b0f066a214c2f5e87bad3c948f4d605d)
Start importing Packages/com.unity.netcode.gameobjects/Runtime/Components/NetworkRigidbody.cs using Guid(f6c0be61502bb534f922ebb746851216) Importer(2089858483,b0f066a214c2f5e87bad3c948f4d605d) (ScriptedImporter) -> (artifact id: '6294c8b2264dc3a7d264f85443342662') in 0.0140905 seconds
Number of updated asset objects reloaded before import = 0Number of asset objects unloaded after import = 0

========================================================================
Received Import Request.
  Time since last request: 0.000093 seconds.
  path: Packages/com.unity.nuget.mono-cecil/Tests
  artifactKey: Guid(0600146fb26ea4138a2f66b89faa9e86) Importer(2089858483,b0f066a214c2f5e87bad3c948f4d605d)
Start importing Packages/com.unity.nuget.mono-cecil/Tests using Guid(0600146fb26ea4138a2f66b89faa9e86) Importer(2089858483,b0f066a214c2f5e87bad3c948f4d605d) (ScriptedImporter) -> (artifact id: '30512487b23e7949eeab9c2ad18f78fd') in 0.0117652 seconds
Number of updated asset objects reloaded before import = 0Number of asset objects unloaded after import = 1

========================================================================
Received Import Request.
  Time since last request: 0.000048 seconds.
  path: Packages/com.unity.test-framework/UnityEngine.TestRunner/NUnitExtensions/Filters
  artifactKey: Guid(c3de99f9efc582a48995bc8e8c2df418) Importer(2089858483,b0f066a214c2f5e87bad3c948f4d605d)
Start importing Packages/com.unity.test-framework/UnityEngine.TestRunner/NUnitExtensions/Filters using Guid(c3de99f9efc582a48995bc8e8c2df418) Importer(2089858483,b0f066a214c2f5e87bad3c948f4d605d) (ScriptedImporter) -> (artifact id: '2c719abb710f0a97f3e4a77d0f117417') in 0.0127675 seconds
Number of updated asset objects reloaded before import = 0Number of asset objects unloaded after import = 1

========================================================================
Received Import Request.
  Time since last request: 0.000031 seconds.
  path: Packages/com.unity.transport/Runtime/NetworkDriver.cs
  artifactKey: Guid(38c540f496ff7824c96d4ba0d3bac37e) Importer(2089858483,b0f066a214c2f5e87bad3c948f4d605d)
Start importing Packages/com.unity.transport/Runtime/NetworkDriver.cs using Guid(38c540f496ff7824c96d4ba0d3bac37e) Importer(2089858483,b0f066a214c2f5e87bad3c948f4d605d) (ScriptedImporter) -> (artifact id: 'e8731b41d454ce02fe49c2bd211a4727') in 0.0119814 seconds
Number of updated asset objects reloaded before import = 0Number of asset objects unloaded after import = 0

========================================================================
Received Import Request.
  Time since last request: 0.000023 seconds.
  path: Packages/com.unity.netcode.gameobjects/Runtime/Core/NetworkBehaviour.cs
  artifactKey: Guid(c8ea6ec00590bd44a983c228bcaee727) Importer(2089858483,b0f066a214c2f5e87bad3c948f4d605d)
Start importing Packages/com.unity.netcode.gameobjects/Runtime/Core/NetworkBehaviour.cs using Guid(c8ea6ec00590bd44a983c228bcaee727) Importer(2089858483,b0f066a214c2f5e87bad3c948f4d605d) (ScriptedImporter) -> (artifact id: 'c1335e71fb4475b588dd93a0ecaf113c') in 0.0121055 seconds
Number of updated asset objects reloaded before import = 0Number of asset objects unloaded after import = 0

========================================================================
Received Import Request.
  Time since last request: 0.000026 seconds.
  path: Packages/com.unity.netcode.gameobjects/Runtime/Unity.Netcode.Runtime.asmdef
  artifactKey: Guid(1491147abca9d7d4bb7105af628b223e) Importer(2089858483,b0f066a214c2f5e87bad3c948f4d605d)
Start importing Packages/com.unity.netcode.gameobjects/Runtime/Unity.Netcode.Runtime.asmdef using Guid(1491147abca9d7d4bb7105af628b223e) Importer(2089858483,b0f066a214c2f5e87bad3c948f4d605d) (ScriptedImporter) -> (artifact id: '56b93ad1997f1e84a8d24f570e0dd79e') in 0.0132656 seconds
Number of updated asset objects reloaded before import = 0Number of asset objects unloaded after import = 1

========================================================================
Received Import Request.
  Time since last request: 0.000048 seconds.
  path: Packages/com.unity.collections/Unity.Collections.Tests/NativeHashSetTests.gen.cs
  artifactKey: Guid(53aefa1beff7b494badc217b913bb5b0) Importer(2089858483,b0f066a214c2f5e87bad3c948f4d605d)
Start importing Packages/com.unity.collections/Unity.Collections.Tests/NativeHashSetTests.gen.cs using Guid(53aefa1beff7b494badc217b913bb5b0) Importer(2089858483,b0f066a214c2f5e87bad3c948f4d605d) (ScriptedImporter) -> (artifact id: '027ed771f136c4872744becab69e64f2') in 0.0130616 seconds
Number of updated asset objects reloaded before import = 0Number of asset objects unloaded after import = 0

========================================================================
Received Import Request.
  Time since last request: 0.000028 seconds.
  path: Packages/com.unity.test-framework/UnityEditor.TestRunner/TestRun/Tasks/Events
  artifactKey: Guid(cca5935142d6c754f9ecdce1294f7079) Importer(2089858483,b0f066a214c2f5e87bad3c948f4d605d)
Start importing Packages/com.unity.test-framework/UnityEditor.TestRunner/TestRun/Tasks/Events using Guid(cca5935142d6c754f9ecdce1294f7079) Importer(2089858483,b0f066a214c2f5e87bad3c948f4d605d) (ScriptedImporter) -> (artifact id: 'b0f763cc33f4d8799534890e3836509e') in 0.0114821 seconds
Number of updated asset objects reloaded before import = 0Number of asset objects unloaded after import = 1

========================================================================
Received Import Request.
  Time since last request: 0.000022 seconds.
  path: Packages/com.unity.test-framework/UnityEditor.TestRunner/UnityTestProtocol/Messages/PlayerSettingsMessage.cs
  artifactKey: Guid(aa5e75ed0aae4030a1720d08f7a5322e) Importer(2089858483,b0f066a214c2f5e87bad3c948f4d605d)
Start importing Packages/com.unity.test-framework/UnityEditor.TestRunner/UnityTestProtocol/Messages/PlayerSettingsMessage.cs using Guid(aa5e75ed0aae4030a1720d08f7a5322e) Importer(2089858483,b0f066a214c2f5e87bad3c948f4d605d) (ScriptedImporter) -> (artifact id: '788c2b07a51504b777ed2681772e67b1') in 0.0145377 seconds
Number of updated asset objects reloaded before import = 0Number of asset objects unloaded after import = 0

========================================================================
Received Import Request.
  Time since last request: 0.000031 seconds.
  path: Packages/com.unity.collections/Unity.Collections.Tests/NativeHashMapTests.cs
  artifactKey: Guid(cfd952b600713ff42a2db6d5c8228f8c) Importer(2089858483,b0f066a214c2f5e87bad3c948f4d605d)
Start importing Packages/com.unity.collections/Unity.Collections.Tests/NativeHashMapTests.cs using Guid(cfd952b600713ff42a2db6d5c8228f8c) Importer(2089858483,b0f066a214c2f5e87bad3c948f4d605d) (ScriptedImporter) -> (artifact id: 'd9f77469569e25548bce5067a60d8724') in 0.0120932 seconds
Number of updated asset objects reloaded before import = 0Number of asset objects unloaded after import = 0

========================================================================
Received Import Request.
  Time since last request: 0.000022 seconds.
  path: Packages/com.unity.transport/Runtime/ConnectionToken.cs
  artifactKey: Guid(dd23bec225464a243a02419ddaab6080) Importer(2089858483,b0f066a214c2f5e87bad3c948f4d605d)
Start importing Packages/com.unity.transport/Runtime/ConnectionToken.cs using Guid(dd23bec225464a243a02419ddaab6080) Importer(2089858483,b0f066a214c2f5e87bad3c948f4d605d) (ScriptedImporter) -> (artifact id: '95ca03407d2bd1922e5a844a6b44f45f') in 0.014538 seconds
Number of updated asset objects reloaded before import = 0Number of asset objects unloaded after import = 0

========================================================================
Received Import Request.
  Time since last request: 0.000023 seconds.
  path: Packages/com.unity.netcode.gameobjects/Tests/Runtime/NetworkTransform
  artifactKey: Guid(7b88072d3918a44268b5ed6910f6324e) Importer(2089858483,b0f066a214c2f5e87bad3c948f4d605d)
Start importing Packages/com.unity.netcode.gameobjects/Tests/Runtime/NetworkTransform using Guid(7b88072d3918a44268b5ed6910f6324e) Importer(2089858483,b0f066a214c2f5e87bad3c948f4d605d) (ScriptedImporter) -> (artifact id: '378dd107d3b1551259a3de5bb41dddb4') in 0.0112873 seconds
Number of updated asset objects reloaded before import = 0Number of asset objects unloaded after import = 1

========================================================================
Received Import Request.
  Time since last request: 0.000044 seconds.
  path: Packages/com.unity.test-framework/UnityEngine.TestRunner/Utils/IPostbuildCleanupWithTestData.cs
  artifactKey: Guid(1dd36da2e4e5540d5b2e44fc928a9d50) Importer(2089858483,b0f066a214c2f5e87bad3c948f4d605d)
Start importing Packages/com.unity.test-framework/UnityEngine.TestRunner/Utils/IPostbuildCleanupWithTestData.cs using Guid(1dd36da2e4e5540d5b2e44fc928a9d50) Importer(2089858483,b0f066a214c2f5e87bad3c948f4d605d) (ScriptedImporter) -> (artifact id: '48f0920e418c2d7dc9b943f040165b22') in 0.0132119 seconds
Number of updated asset objects reloaded before import = 0Number of asset objects unloaded after import = 0

========================================================================
Received Import Request.
  Time since last request: 0.000032 seconds.
  path: Packages/com.unity.netcode.gameobjects/Tests/Runtime/TestHelpers/NetcodeLogAssert.cs
  artifactKey: Guid(61774c54cd14423ca4de6d56c9fd0fe8) Importer(2089858483,b0f066a214c2f5e87bad3c948f4d605d)
Start importing Packages/com.unity.netcode.gameobjects/Tests/Runtime/TestHelpers/NetcodeLogAssert.cs using Guid(61774c54cd14423ca4de6d56c9fd0fe8) Importer(2089858483,b0f066a214c2f5e87bad3c948f4d605d) (ScriptedImporter) -> (artifact id: '035dfbe2168fd6d96ead55a27b97ea9e') in 0.0126375 seconds
Number of updated asset objects reloaded before import = 0Number of asset objects unloaded after import = 0

========================================================================
Received Import Request.
  Time since last request: 0.000023 seconds.
  path: Packages/com.unity.collections/Unity.Collections.CodeGen
  artifactKey: Guid(d44454e6d25878e46a8495f8a720d7c0) Importer(2089858483,b0f066a214c2f5e87bad3c948f4d605d)
Start importing Packages/com.unity.collections/Unity.Collections.CodeGen using Guid(d44454e6d25878e46a8495f8a720d7c0) Importer(2089858483,b0f066a214c2f5e87bad3c948f4d605d) (ScriptedImporter) -> (artifact id: '1af3fa964590beb8c07b82ad9068af35') in 0.0125206 seconds
Number of updated asset objects reloaded before import = 0Number of asset objects unloaded after import = 1

========================================================================
Received Import Request.
  Time since last request: 0.000023 seconds.
  path: Packages/com.unity.test-framework/UnityEngine.TestRunner/NUnitExtensions/Commands/EnumerableTestState.cs
  artifactKey: Guid(356852e4738840b4b1ab533d3a66f0e1) Importer(2089858483,b0f066a214c2f5e87bad3c948f4d605d)
Start importing Packages/com.unity.test-framework/UnityEngine.TestRunner/NUnitExtensions/Commands/EnumerableTestState.cs using Guid(356852e4738840b4b1ab533d3a66f0e1) Importer(2089858483,b0f066a214c2f5e87bad3c948f4d605d) (ScriptedImporter) -> (artifact id: 'bbfa03d266c0d584eadb8064472bc3ae') in 0.0140398 seconds
Number of updated asset objects reloaded before import = 0Number of asset objects unloaded after import = 0

========================================================================
Received Import Request.
  Time since last request: 0.000020 seconds.
  path: Packages/com.unity.collections/Unity.Collections/Jobs/EarlyInitHelpers.cs
  artifactKey: Guid(05a99ad2800ad2f49b22ab35d999bfc7) Importer(2089858483,b0f066a214c2f5e87bad3c948f4d605d)
Start importing Packages/com.unity.collections/Unity.Collections/Jobs/EarlyInitHelpers.cs using Guid(05a99ad2800ad2f49b22ab35d999bfc7) Importer(2089858483,b0f066a214c2f5e87bad3c948f4d605d) (ScriptedImporter) -> (artifact id: '3587854a0ac8415b8ad3783c932a87a9') in 0.0141423 seconds
Number of updated asset objects reloaded before import = 0Number of asset objects unloaded after import = 0

========================================================================
Received Import Request.
  Time since last request: 0.000029 seconds.
  path: Packages/com.unity.netcode.gameobjects/Tests/Runtime/Serialization
  artifactKey: Guid(90d51da7691e302498265bba08c43636) Importer(2089858483,b0f066a214c2f5e87bad3c948f4d605d)
Start importing Packages/com.unity.netcode.gameobjects/Tests/Runtime/Serialization using Guid(90d51da7691e302498265bba08c43636) Importer(2089858483,b0f066a214c2f5e87bad3c948f4d605d) (ScriptedImporter) -> (artifact id: 'cb1629eebb8d1fe71b95952b83a93404') in 0.0108483 seconds
Number of updated asset objects reloaded before import = 0Number of asset objects unloaded after import = 1

========================================================================
Received Import Request.
  Time since last request: 0.000034 seconds.
  path: Packages/com.unity.netcode.gameobjects/Tests/Runtime/Connection/ConnectionApprovalTimeoutTests.cs
  artifactKey: Guid(b0c4159ea234415fa9497860e6ef4fc2) Importer(2089858483,b0f066a214c2f5e87bad3c948f4d605d)
Start importing Packages/com.unity.netcode.gameobjects/Tests/Runtime/Connection/ConnectionApprovalTimeoutTests.cs using Guid(b0c4159ea234415fa9497860e6ef4fc2) Importer(2089858483,b0f066a214c2f5e87bad3c948f4d605d) (ScriptedImporter) -> (artifact id: 'da2a79ddb96fa761aa0d50d83f79d6f1') in 0.0159212 seconds
Number of updated asset objects reloaded before import = 0Number of asset objects unloaded after import = 0

========================================================================
Received Import Request.
  Time since last request: 0.000027 seconds.
  path: Packages/com.unity.test-framework/UnityEditor.TestRunner/UnityTestProtocol/Data/PlayerSystemInfo.cs
  artifactKey: Guid(7ee0c4baf94a41009b0f9292988a2000) Importer(2089858483,b0f066a214c2f5e87bad3c948f4d605d)
Start importing Packages/com.unity.test-framework/UnityEditor.TestRunner/UnityTestProtocol/Data/PlayerSystemInfo.cs using Guid(7ee0c4baf94a41009b0f9292988a2000) Importer(2089858483,b0f066a214c2f5e87bad3c948f4d605d) (ScriptedImporter) -> (artifact id: 'f7eeaf62ca39a95c9660d5c8b2751d25') in 0.011627 seconds
Number of updated asset objects reloaded before import = 0Number of asset objects unloaded after import = 0

========================================================================
Received Import Request.
  Time since last request: 0.000029 seconds.
  path: Packages/com.unity.test-framework/UnityEngine.TestRunner/NUnitExtensions/Commands
  artifactKey: Guid(6b72875690e0f7343911e06af3145bd5) Importer(2089858483,b0f066a214c2f5e87bad3c948f4d605d)
Start importing Packages/com.unity.test-framework/UnityEngine.TestRunner/NUnitExtensions/Commands using Guid(6b72875690e0f7343911e06af3145bd5) Importer(2089858483,b0f066a214c2f5e87bad3c948f4d605d) (ScriptedImporter) -> (artifact id: 'bf371e09852a6c2c105c18b555bba8c9') in 0.0113593 seconds
Number of updated asset objects reloaded before import = 0Number of asset objects unloaded after import = 1

========================================================================
Received Import Request.
  Time since last request: 0.000034 seconds.
  path: Packages/com.unity.test-framework/UnityEngine.TestRunner/Assertions/LogScope/LogScope.cs
  artifactKey: Guid(4bbc17b35884fdf468e4b52ae4222882) Importer(2089858483,b0f066a214c2f5e87bad3c948f4d605d)
Start importing Packages/com.unity.test-framework/UnityEngine.TestRunner/Assertions/LogScope/LogScope.cs using Guid(4bbc17b35884fdf468e4b52ae4222882) Importer(2089858483,b0f066a214c2f5e87bad3c948f4d605d) (ScriptedImporter) -> (artifact id: '2bd9a0fb36103d40f18db986cfc6bc50') in 0.0157782 seconds
Number of updated asset objects reloaded before import = 0Number of asset objects unloaded after import = 0

========================================================================
Received Import Request.
  Time since last request: 0.000026 seconds.
  path: Packages/com.unity.mathematics/Tests/Tests/Shared/TestInt2x3.gen.cs
  artifactKey: Guid(6a957081e92e7e5429649cd56b5453b0) Importer(2089858483,b0f066a214c2f5e87bad3c948f4d605d)
Start importing Packages/com.unity.mathematics/Tests/Tests/Shared/TestInt2x3.gen.cs using Guid(6a957081e92e7e5429649cd56b5453b0) Importer(2089858483,b0f066a214c2f5e87bad3c948f4d605d) (ScriptedImporter) -> (artifact id: '161906e3d60bb1805a6d44dd1a018dc4') in 0.0132888 seconds
Number of updated asset objects reloaded before import = 0Number of asset objects unloaded after import = 0

========================================================================
Received Import Request.
  Time since last request: 0.000026 seconds.
  path: Packages/com.unity.test-framework/UnityEditor.TestRunner/TestRunner/Utils/CachingTestListProvider.cs
  artifactKey: Guid(26f3e7301af463c4ca72fa98d59b429e) Importer(2089858483,b0f066a214c2f5e87bad3c948f4d605d)
Start importing Packages/com.unity.test-framework/UnityEditor.TestRunner/TestRunner/Utils/CachingTestListProvider.cs using Guid(26f3e7301af463c4ca72fa98d59b429e) Importer(2089858483,b0f066a214c2f5e87bad3c948f4d605d) (ScriptedImporter) -> (artifact id: 'ac5c674dcc42f11a8ae6c11062a692f9') in 0.012323 seconds
Number of updated asset objects reloaded before import = 0Number of asset objects unloaded after import = 0

========================================================================
Received Import Request.
  Time since last request: 0.000094 seconds.
  path: Packages/com.unity.test-framework/UnityEngine.TestRunner/NUnitExtensions/Runner/UnityWorkItem.cs
  artifactKey: Guid(79ced2556f0af814a840b86232613ff1) Importer(2089858483,b0f066a214c2f5e87bad3c948f4d605d)
Start importing Packages/com.unity.test-framework/UnityEngine.TestRunner/NUnitExtensions/Runner/UnityWorkItem.cs using Guid(79ced2556f0af814a840b86232613ff1) Importer(2089858483,b0f066a214c2f5e87bad3c948f4d605d) (ScriptedImporter) -> (artifact id: 'facc2da9cbadedc0883052d1d8c58ab0') in 0.0110615 seconds
Number of updated asset objects reloaded before import = 0Number of asset objects unloaded after import = 0

========================================================================
Received Import Request.
  Time since last request: 0.000022 seconds.
  path: Packages/com.unity.netcode.gameobjects/Editor/NetworkObjectEditor.cs
  artifactKey: Guid(36e4b519d287d0f4e8bfb7d088a9275f) Importer(2089858483,b0f066a214c2f5e87bad3c948f4d605d)
Start importing Packages/com.unity.netcode.gameobjects/Editor/NetworkObjectEditor.cs using Guid(36e4b519d287d0f4e8bfb7d088a9275f) Importer(2089858483,b0f066a214c2f5e87bad3c948f4d605d) (ScriptedImporter) -> (artifact id: '71705e4351739b327964ceba307b6be1') in 0.0139745 seconds
Number of updated asset objects reloaded before import = 0Number of asset objects unloaded after import = 0

========================================================================
Received Import Request.
  Time since last request: 0.000031 seconds.
  path: Packages/com.unity.test-framework/UnityEditor.TestRunner/GUI/Controls/FlagEnumContentProvider.cs
  artifactKey: Guid(d31403ec6b334194bdeb4c5ebad64097) Importer(2089858483,b0f066a214c2f5e87bad3c948f4d605d)
Start importing Packages/com.unity.test-framework/UnityEditor.TestRunner/GUI/Controls/FlagEnumContentProvider.cs using Guid(d31403ec6b334194bdeb4c5ebad64097) Importer(2089858483,b0f066a214c2f5e87bad3c948f4d605d) (ScriptedImporter) -> (artifact id: '285beb11085f4a1bda14c64e840141c3') in 0.0110533 seconds
Number of updated asset objects reloaded before import = 0Number of asset objects unloaded after import = 0

========================================================================
Received Import Request.
  Time since last request: 0.000024 seconds.
  path: Packages/com.unity.mathematics/Unity.Mathematics/quaternion.cs
  artifactKey: Guid(a8481bb868ae344e9b4a5551a11483d3) Importer(2089858483,b0f066a214c2f5e87bad3c948f4d605d)
Start importing Packages/com.unity.mathematics/Unity.Mathematics/quaternion.cs using Guid(a8481bb868ae344e9b4a5551a11483d3) Importer(2089858483,b0f066a214c2f5e87bad3c948f4d605d) (ScriptedImporter) -> (artifact id: '4911ac89b4e45abe8a43ec805215c860') in 0.0133 seconds
Number of updated asset objects reloaded before import = 0Number of asset objects unloaded after import = 0

========================================================================
Received Import Request.
  Time since last request: 0.000038 seconds.
  path: Packages/com.unity.netcode.gameobjects/Runtime/Transports/UTP/INetworkStreamDriverConstructor.cs
  artifactKey: Guid(cb3c2e99b33d54b4c9507e9550fb1603) Importer(2089858483,b0f066a214c2f5e87bad3c948f4d605d)
Start importing Packages/com.unity.netcode.gameobjects/Runtime/Transports/UTP/INetworkStreamDriverConstructor.cs using Guid(cb3c2e99b33d54b4c9507e9550fb1603) Importer(2089858483,b0f066a214c2f5e87bad3c948f4d605d) (ScriptedImporter) -> (artifact id: '32db3c7e7d45cc102405dec761aa7ab3') in 0.0140716 seconds
Number of updated asset objects reloaded before import = 0Number of asset objects unloaded after import = 0

========================================================================
Received Import Request.
  Time since last request: 0.000033 seconds.
  path: Packages/com.unity.mathematics/Tests/Tests
  artifactKey: Guid(bccfda2dc5ad3b84eb3a644147ea0010) Importer(2089858483,b0f066a214c2f5e87bad3c948f4d605d)
Start importing Packages/com.unity.mathematics/Tests/Tests using Guid(bccfda2dc5ad3b84eb3a644147ea0010) Importer(2089858483,b0f066a214c2f5e87bad3c948f4d605d) (ScriptedImporter) -> (artifact id: 'ec4a03ebad6450178f763d5f27812893') in 0.0113519 seconds
Number of updated asset objects reloaded before import = 0Number of asset objects unloaded after import = 1

========================================================================
Received Import Request.
  Time since last request: 0.000027 seconds.
  path: Packages/com.unity.test-framework/UnityEngine.TestRunner/NUnitExtensions/Attributes
  artifactKey: Guid(0cb14878543cf3d4f8472b15f7ecf0e3) Importer(2089858483,b0f066a214c2f5e87bad3c948f4d605d)
Start importing Packages/com.unity.test-framework/UnityEngine.TestRunner/NUnitExtensions/Attributes using Guid(0cb14878543cf3d4f8472b15f7ecf0e3) Importer(2089858483,b0f066a214c2f5e87bad3c948f4d605d) (ScriptedImporter) -> (artifact id: 'f64a26f82ac663573707440b2214f37f') in 0.0118781 seconds
Number of updated asset objects reloaded before import = 0Number of asset objects unloaded after import = 1

========================================================================
Received Import Request.
  Time since last request: 0.000049 seconds.
  path: Packages/com.unity.mathematics/Tests/Tests/Shared/TestUint2.gen.cs
  artifactKey: Guid(2b6fc6b61ea1f4f42944befb17029ea1) Importer(2089858483,b0f066a214c2f5e87bad3c948f4d605d)
Start importing Packages/com.unity.mathematics/Tests/Tests/Shared/TestUint2.gen.cs using Guid(2b6fc6b61ea1f4f42944befb17029ea1) Importer(2089858483,b0f066a214c2f5e87bad3c948f4d605d) (ScriptedImporter) -> (artifact id: '7764256a332ac6634974376fa92b9e4f') in 0.0135789 seconds
Number of updated asset objects reloaded before import = 0Number of asset objects unloaded after import = 0

========================================================================
Received Import Request.
  Time since last request: 0.000026 seconds.
  path: Packages/com.unity.test-framework/UnityEngine.TestRunner/NUnitExtensions/Attributes/UnityCombinatorialStrategy.cs
  artifactKey: Guid(7af6ac3e6b51b8d4aab04adc85b8de2f) Importer(2089858483,b0f066a214c2f5e87bad3c948f4d605d)
Start importing Packages/com.unity.test-framework/UnityEngine.TestRunner/NUnitExtensions/Attributes/UnityCombinatorialStrategy.cs using Guid(7af6ac3e6b51b8d4aab04adc85b8de2f) Importer(2089858483,b0f066a214c2f5e87bad3c948f4d605d) (ScriptedImporter) -> (artifact id: '7af331c04922fd459b77346ff4a4dc53') in 0.013517 seconds
Number of updated asset objects reloaded before import = 0Number of asset objects unloaded after import = 0

========================================================================
Received Import Request.
  Time since last request: 0.000023 seconds.
  path: Packages/com.unity.netcode.gameobjects/Tests/Runtime/NetworkTransform/NetworkTransformAutoParenting.cs
  artifactKey: Guid(e3b84df777511084f86e2c255f226532) Importer(2089858483,b0f066a214c2f5e87bad3c948f4d605d)
Start importing Packages/com.unity.netcode.gameobjects/Tests/Runtime/NetworkTransform/NetworkTransformAutoParenting.cs using Guid(e3b84df777511084f86e2c255f226532) Importer(2089858483,b0f066a214c2f5e87bad3c948f4d605d) (ScriptedImporter) -> (artifact id: '1674790b38a781a1ad69f35238aa1532') in 0.0128125 seconds
Number of updated asset objects reloaded before import = 0Number of asset objects unloaded after import = 0

========================================================================
Received Import Request.
  Time since last request: 0.000026 seconds.
  path: Packages/com.unity.test-framework/UnityEngine.TestRunner/Utils/Vector3EqualityComparer.cs
  artifactKey: Guid(4bd2bc28ff24d5c488844851cb785db0) Importer(2089858483,b0f066a214c2f5e87bad3c948f4d605d)
Start importing Packages/com.unity.test-framework/UnityEngine.TestRunner/Utils/Vector3EqualityComparer.cs using Guid(4bd2bc28ff24d5c488844851cb785db0) Importer(2089858483,b0f066a214c2f5e87bad3c948f4d605d) (ScriptedImporter) -> (artifact id: 'e188345c9d98b94070328b74695eb8c9') in 0.0123402 seconds
Number of updated asset objects reloaded before import = 0Number of asset objects unloaded after import = 0

========================================================================
Received Import Request.
  Time since last request: 0.000023 seconds.
  path: Packages/com.unity.netcode.gameobjects/Tests/Runtime/Timing
  artifactKey: Guid(db225cab5067aae4e8b7771af8a4183c) Importer(2089858483,b0f066a214c2f5e87bad3c948f4d605d)
Start importing Packages/com.unity.netcode.gameobjects/Tests/Runtime/Timing using Guid(db225cab5067aae4e8b7771af8a4183c) Importer(2089858483,b0f066a214c2f5e87bad3c948f4d605d) (ScriptedImporter) -> (artifact id: '0d22aeda9b78d856da285cd6f393f0b8') in 0.0121114 seconds
Number of updated asset objects reloaded before import = 0Number of asset objects unloaded after import = 1

========================================================================
Received Import Request.
  Time since last request: 0.000030 seconds.
  path: Packages/com.unity.collections/Unity.Collections.Tests/UnsafeStreamTests.cs
  artifactKey: Guid(f07b7acbd86c449cbe60089bd4f5a245) Importer(2089858483,b0f066a214c2f5e87bad3c948f4d605d)
Start importing Packages/com.unity.collections/Unity.Collections.Tests/UnsafeStreamTests.cs using Guid(f07b7acbd86c449cbe60089bd4f5a245) Importer(2089858483,b0f066a214c2f5e87bad3c948f4d605d) (ScriptedImporter) -> (artifact id: 'dedc8eba77cc43cfb37cbc317461c891') in 0.0136465 seconds
Number of updated asset objects reloaded before import = 0Number of asset objects unloaded after import = 0

========================================================================
Received Import Request.
  Time since last request: 0.000170 seconds.
  path: Packages/com.unity.transport/Runtime/AtomicFreeList.cs
  artifactKey: Guid(babb432cd74d9eb4e8bf3a339ca4418b) Importer(2089858483,b0f066a214c2f5e87bad3c948f4d605d)
Start importing Packages/com.unity.transport/Runtime/AtomicFreeList.cs using Guid(babb432cd74d9eb4e8bf3a339ca4418b) Importer(2089858483,b0f066a214c2f5e87bad3c948f4d605d) (ScriptedImporter) -> (artifact id: '6bff68c2a6843ec7d4913f0ed984f716') in 0.0130907 seconds
Number of updated asset objects reloaded before import = 0Number of asset objects unloaded after import = 0

========================================================================
Received Import Request.
  Time since last request: 0.000029 seconds.
  path: Packages/com.unity.mathematics/Tests/Tests/Shared/TestBool4x2.gen.cs
  artifactKey: Guid(c7ec685ec2ccae14a851a50b1bcbebfa) Importer(2089858483,b0f066a214c2f5e87bad3c948f4d605d)
Start importing Packages/com.unity.mathematics/Tests/Tests/Shared/TestBool4x2.gen.cs using Guid(c7ec685ec2ccae14a851a50b1bcbebfa) Importer(2089858483,b0f066a214c2f5e87bad3c948f4d605d) (ScriptedImporter) -> (artifact id: 'f1d954d9ace3f40a1b7acce00bce924d') in 0.0123373 seconds
Number of updated asset objects reloaded before import = 0Number of asset objects unloaded after import = 0

========================================================================
Received Import Request.
  Time since last request: 0.000024 seconds.
  path: Packages/com.unity.test-framework/UnityEditor.TestRunner/UnityTestProtocol/Messages/TestPlanMessage.cs
  artifactKey: Guid(28f79a0d7e64c2345bc46f8c4cf788f8) Importer(2089858483,b0f066a214c2f5e87bad3c948f4d605d)
Start importing Packages/com.unity.test-framework/UnityEditor.TestRunner/UnityTestProtocol/Messages/TestPlanMessage.cs using Guid(28f79a0d7e64c2345bc46f8c4cf788f8) Importer(2089858483,b0f066a214c2f5e87bad3c948f4d605d) (ScriptedImporter) -> (artifact id: '0fb851923f00adcea60c6e6852660790') in 0.0144659 seconds
Number of updated asset objects reloaded before import = 0Number of asset objects unloaded after import = 0

========================================================================
Received Import Request.
  Time since last request: 0.000022 seconds.
  path: Packages/com.unity.collections/Unity.Collections.PerformanceTests/UnsafeListPerformanceTests.cs
  artifactKey: Guid(b672a3eb87f4b4445a169c2d003fcbd3) Importer(2089858483,b0f066a214c2f5e87bad3c948f4d605d)
Start importing Packages/com.unity.collections/Unity.Collections.PerformanceTests/UnsafeListPerformanceTests.cs using Guid(b672a3eb87f4b4445a169c2d003fcbd3) Importer(2089858483,b0f066a214c2f5e87bad3c948f4d605d) (ScriptedImporter) -> (artifact id: 'd590cb325622b1ff7230e5096bd330ae') in 0.011386 seconds
Number of updated asset objects reloaded before import = 0Number of asset objects unloaded after import = 0

========================================================================
Received Import Request.
  Time since last request: 0.000024 seconds.
  path: Packages/com.unity.collections/Unity.Collections/StreamCompressionModel.cs
  artifactKey: Guid(cb61590201f644409612b3233df4c9da) Importer(2089858483,b0f066a214c2f5e87bad3c948f4d605d)
Start importing Packages/com.unity.collections/Unity.Collections/StreamCompressionModel.cs using Guid(cb61590201f644409612b3233df4c9da) Importer(2089858483,b0f066a214c2f5e87bad3c948f4d605d) (ScriptedImporter) -> (artifact id: '8c23f31bd0e373bbbc850e50b511fffa') in 0.0137963 seconds
Number of updated asset objects reloaded before import = 0Number of asset objects unloaded after import = 0

========================================================================
Received Import Request.
  Time since last request: 0.000022 seconds.
  path: Packages/com.unity.collections/Unity.Collections.Tests/FixedStringBurstTests.cs
  artifactKey: Guid(bb7e2d0f4a7b4c32b50c2d10849628f2) Importer(2089858483,b0f066a214c2f5e87bad3c948f4d605d)
Start importing Packages/com.unity.collections/Unity.Collections.Tests/FixedStringBurstTests.cs using Guid(bb7e2d0f4a7b4c32b50c2d10849628f2) Importer(2089858483,b0f066a214c2f5e87bad3c948f4d605d) (ScriptedImporter) -> (artifact id: '766edded4997ccf3825c4b32e1a080fd') in 0.0121415 seconds
Number of updated asset objects reloaded before import = 0Number of asset objects unloaded after import = 0

========================================================================
Received Import Request.
  Time since last request: 0.000023 seconds.
  path: Packages/com.unity.burst/Unity.Burst.CodeGen/ILPostProcessing.cs
  artifactKey: Guid(e8dd47a9e5283ced8ded83ce38cc78aa) Importer(2089858483,b0f066a214c2f5e87bad3c948f4d605d)
Start importing Packages/com.unity.burst/Unity.Burst.CodeGen/ILPostProcessing.cs using Guid(e8dd47a9e5283ced8ded83ce38cc78aa) Importer(2089858483,b0f066a214c2f5e87bad3c948f4d605d) (ScriptedImporter) -> (artifact id: 'de5df78c7067a1fdc1ab4179acb22fc3') in 0.0117948 seconds
Number of updated asset objects reloaded before import = 0Number of asset objects unloaded after import = 0

========================================================================
Received Import Request.
  Time since last request: 0.000023 seconds.
  path: Packages/com.unity.netcode.gameobjects/Tests/Runtime/DocumentationCodeSamples/NetworkVariable/CustomNetworkVariable.cs
  artifactKey: Guid(a4617887a8b0d46be9babcc146fcfd20) Importer(2089858483,b0f066a214c2f5e87bad3c948f4d605d)
Start importing Packages/com.unity.netcode.gameobjects/Tests/Runtime/DocumentationCodeSamples/NetworkVariable/CustomNetworkVariable.cs using Guid(a4617887a8b0d46be9babcc146fcfd20) Importer(2089858483,b0f066a214c2f5e87bad3c948f4d605d) (ScriptedImporter) -> (artifact id: 'ece96d8a0b83c07d6a70e97cb7dce7a2') in 0.0175122 seconds
Number of updated asset objects reloaded before import = 0Number of asset objects unloaded after import = 0

========================================================================
Received Import Request.
  Time since last request: 0.000156 seconds.
  path: Packages/com.unity.netcode.gameobjects/Tests/Runtime/Connection/ClientOnlyConnectionTests.cs
  artifactKey: Guid(639fe2161ab25c54f94ce6eb991e668a) Importer(2089858483,b0f066a214c2f5e87bad3c948f4d605d)
Start importing Packages/com.unity.netcode.gameobjects/Tests/Runtime/Connection/ClientOnlyConnectionTests.cs using Guid(639fe2161ab25c54f94ce6eb991e668a) Importer(2089858483,b0f066a214c2f5e87bad3c948f4d605d) (ScriptedImporter) -> (artifact id: 'f2f36d94f613a29fe9e407c7863aed67') in 0.0196909 seconds
Number of updated asset objects reloaded before import = 0Number of asset objects unloaded after import = 0

========================================================================
Received Import Request.
  Time since last request: 0.000027 seconds.
  path: Packages/com.unity.test-framework/UnityEditor.TestRunner/TestRun/Tasks/Events/UpdateTestProgressTask.cs
  artifactKey: Guid(c5c78f2ef0d32a948bbb93266ef69a6a) Importer(2089858483,b0f066a214c2f5e87bad3c948f4d605d)
Start importing Packages/com.unity.test-framework/UnityEditor.TestRunner/TestRun/Tasks/Events/UpdateTestProgressTask.cs using Guid(c5c78f2ef0d32a948bbb93266ef69a6a) Importer(2089858483,b0f066a214c2f5e87bad3c948f4d605d) (ScriptedImporter) -> (artifact id: 'a2f79f69656808e8c23750cc30bb7c96') in 0.0211652 seconds
Number of updated asset objects reloaded before import = 0Number of asset objects unloaded after import = 0

========================================================================
Received Import Request.
  Time since last request: 0.000264 seconds.
  path: Packages/com.unity.test-framework/UnityEngine.TestRunner/Utils/Vector2ComparerWithEqualsOperator.cs
  artifactKey: Guid(65701ebe8bada6b4785e9c7afe7f5bee) Importer(2089858483,b0f066a214c2f5e87bad3c948f4d605d)
Start importing Packages/com.unity.test-framework/UnityEngine.TestRunner/Utils/Vector2ComparerWithEqualsOperator.cs using Guid(65701ebe8bada6b4785e9c7afe7f5bee) Importer(2089858483,b0f066a214c2f5e87bad3c948f4d605d) (ScriptedImporter) -> (artifact id: 'bd1c2fbe76567ac51438305926ee045d') in 0.018193 seconds
Number of updated asset objects reloaded before import = 0Number of asset objects unloaded after import = 0

========================================================================
Received Import Request.
  Time since last request: 0.000035 seconds.
  path: Packages/com.unity.mathematics/Unity.Mathematics/int2x2.gen.cs
  artifactKey: Guid(9ee90f66ec9324008b40d056f2a6fd46) Importer(2089858483,b0f066a214c2f5e87bad3c948f4d605d)
Start importing Packages/com.unity.mathematics/Unity.Mathematics/int2x2.gen.cs using Guid(9ee90f66ec9324008b40d056f2a6fd46) Importer(2089858483,b0f066a214c2f5e87bad3c948f4d605d) (ScriptedImporter) -> (artifact id: '3b44be4591730ac83a2d5a64a2f75d21') in 0.0117708 seconds
Number of updated asset objects reloaded before import = 0Number of asset objects unloaded after import = 0

========================================================================
Received Import Request.
  Time since last request: 0.000044 seconds.
  path: Packages/com.unity.mathematics/Tests/TestCompilerAttribute.cs
  artifactKey: Guid(5b16d5a4bfd93114385ecd01f00a6914) Importer(2089858483,b0f066a214c2f5e87bad3c948f4d605d)
Start importing Packages/com.unity.mathematics/Tests/TestCompilerAttribute.cs using Guid(5b16d5a4bfd93114385ecd01f00a6914) Importer(2089858483,b0f066a214c2f5e87bad3c948f4d605d) (ScriptedImporter) -> (artifact id: '7f9cdad82e8555edf39e1b5d0bae6eab') in 0.0168714 seconds
Number of updated asset objects reloaded before import = 0Number of asset objects unloaded after import = 0

========================================================================
Received Import Request.
  Time since last request: 0.000026 seconds.
  path: Packages/com.unity.test-framework/UnityEditor.TestRunner/TestRun/Tasks/CleanupTestControllerTask.cs
  artifactKey: Guid(822fa0a65be2467b95721422157c93f0) Importer(2089858483,b0f066a214c2f5e87bad3c948f4d605d)
Start importing Packages/com.unity.test-framework/UnityEditor.TestRunner/TestRun/Tasks/CleanupTestControllerTask.cs using Guid(822fa0a65be2467b95721422157c93f0) Importer(2089858483,b0f066a214c2f5e87bad3c948f4d605d) (ScriptedImporter) -> (artifact id: '414a995b0f0eb4e1d31477fd3a480b12') in 0.0124231 seconds
Number of updated asset objects reloaded before import = 0Number of asset objects unloaded after import = 0

========================================================================
Received Import Request.
  Time since last request: 0.000043 seconds.
  path: Packages/com.unity.transport/Runtime/TCPNetworkInterface.cs
  artifactKey: Guid(4073a1aa75cbd76408bebb1375ca214b) Importer(2089858483,b0f066a214c2f5e87bad3c948f4d605d)
Start importing Packages/com.unity.transport/Runtime/TCPNetworkInterface.cs using Guid(4073a1aa75cbd76408bebb1375ca214b) Importer(2089858483,b0f066a214c2f5e87bad3c948f4d605d) (ScriptedImporter) -> (artifact id: '9001912184b0de085a666db9a464a21d') in 0.0130211 seconds
Number of updated asset objects reloaded before import = 0Number of asset objects unloaded after import = 0

========================================================================
Received Import Request.
  Time since last request: 0.000023 seconds.
  path: Packages/com.unity.mathematics/Tests/Tests/Shared/TestInt3.gen.cs
  artifactKey: Guid(749525b6f2a189a42bddcde8b3f6a88e) Importer(2089858483,b0f066a214c2f5e87bad3c948f4d605d)
Start importing Packages/com.unity.mathematics/Tests/Tests/Shared/TestInt3.gen.cs using Guid(749525b6f2a189a42bddcde8b3f6a88e) Importer(2089858483,b0f066a214c2f5e87bad3c948f4d605d) (ScriptedImporter) -> (artifact id: 'f61193d2bcc206fb454f36006f748781') in 0.0148972 seconds
Number of updated asset objects reloaded before import = 0Number of asset objects unloaded after import = 0

========================================================================
Received Import Request.
  Time since last request: 0.000042 seconds.
  path: Packages/com.unity.netcode.gameobjects/Runtime/Metrics
  artifactKey: Guid(8b953b7e03110e1478bcbd44fc4abe07) Importer(2089858483,b0f066a214c2f5e87bad3c948f4d605d)
Start importing Packages/com.unity.netcode.gameobjects/Runtime/Metrics using Guid(8b953b7e03110e1478bcbd44fc4abe07) Importer(2089858483,b0f066a214c2f5e87bad3c948f4d605d) (ScriptedImporter) -> (artifact id: 'c77557eae0fbc5cb0dca079028ae7d08') in 0.0118153 seconds
Number of updated asset objects reloaded before import = 0Number of asset objects unloaded after import = 1

========================================================================
Received Import Request.
  Time since last request: 0.000031 seconds.
  path: Packages/com.unity.mathematics/Unity.Mathematics/float4x2.gen.cs
  artifactKey: Guid(2a2cb705f8c4d45e8ba95502e037109b) Importer(2089858483,b0f066a214c2f5e87bad3c948f4d605d)
Start importing Packages/com.unity.mathematics/Unity.Mathematics/float4x2.gen.cs using Guid(2a2cb705f8c4d45e8ba95502e037109b) Importer(2089858483,b0f066a214c2f5e87bad3c948f4d605d) (ScriptedImporter) -> (artifact id: '4696f304720e1ab590ca295078c06feb') in 0.0133839 seconds
Number of updated asset objects reloaded before import = 0Number of asset objects unloaded after import = 0

========================================================================
Received Import Request.
  Time since last request: 0.000019 seconds.
  path: Packages/com.unity.test-framework/UnityEditor.TestRunner/Api/Analytics/AnalyticsReporter.cs
  artifactKey: Guid(a85430cc5a4a4279a992be322de12b29) Importer(2089858483,b0f066a214c2f5e87bad3c948f4d605d)
Start importing Packages/com.unity.test-framework/UnityEditor.TestRunner/Api/Analytics/AnalyticsReporter.cs using Guid(a85430cc5a4a4279a992be322de12b29) Importer(2089858483,b0f066a214c2f5e87bad3c948f4d605d) (ScriptedImporter) -> (artifact id: '79042482869575286c8f7d04eb84276f') in 0.0132567 seconds
Number of updated asset objects reloaded before import = 0Number of asset objects unloaded after import = 0

========================================================================
Received Import Request.
  Time since last request: 0.000045 seconds.
  path: Packages/com.unity.collections/Unity.Collections.Tests/Jobs/JobTests_CombineDependencies.cs
  artifactKey: Guid(ecbee97f2678c1747802e50945a31f1d) Importer(2089858483,b0f066a214c2f5e87bad3c948f4d605d)
Start importing Packages/com.unity.collections/Unity.Collections.Tests/Jobs/JobTests_CombineDependencies.cs using Guid(ecbee97f2678c1747802e50945a31f1d) Importer(2089858483,b0f066a214c2f5e87bad3c948f4d605d) (ScriptedImporter) -> (artifact id: '4c59ef20d398d42290f97a6a436556b6') in 0.0094668 seconds
Number of updated asset objects reloaded before import = 0Number of asset objects unloaded after import = 0

========================================================================
Received Import Request.
  Time since last request: 0.000018 seconds.
  path: Packages/com.unity.mathematics/LICENSE.md
  artifactKey: Guid(a7f87992cd1d44040ae42b05e5fbdaa5) Importer(2089858483,b0f066a214c2f5e87bad3c948f4d605d)
Start importing Packages/com.unity.mathematics/LICENSE.md using Guid(a7f87992cd1d44040ae42b05e5fbdaa5) Importer(2089858483,b0f066a214c2f5e87bad3c948f4d605d) (ScriptedImporter) -> (artifact id: '313e30d8e1afb226176526fa03fa13e4') in 0.0102429 seconds
Number of updated asset objects reloaded before import = 0Number of asset objects unloaded after import = 1

========================================================================
Received Import Request.
  Time since last request: 0.000031 seconds.
  path: Packages/com.unity.mathematics/Tests/Tests/Shared/TestFloat2x2.gen.cs
  artifactKey: Guid(052651d6ebd1a8146ad211a6838dad17) Importer(2089858483,b0f066a214c2f5e87bad3c948f4d605d)
Start importing Packages/com.unity.mathematics/Tests/Tests/Shared/TestFloat2x2.gen.cs using Guid(052651d6ebd1a8146ad211a6838dad17) Importer(2089858483,b0f066a214c2f5e87bad3c948f4d605d) (ScriptedImporter) -> (artifact id: 'aec4a989289e2a63d58b0d52798ed25a') in 0.0131889 seconds
Number of updated asset objects reloaded before import = 0Number of asset objects unloaded after import = 0

========================================================================
Received Import Request.
  Time since last request: 0.000024 seconds.
  path: Packages/com.unity.test-framework/UnityEditor.TestRunner/GUI/IGuiHelper.cs
  artifactKey: Guid(fd57cf917f61bbb42b8f030436426ddd) Importer(2089858483,b0f066a214c2f5e87bad3c948f4d605d)
Start importing Packages/com.unity.test-framework/UnityEditor.TestRunner/GUI/IGuiHelper.cs using Guid(fd57cf917f61bbb42b8f030436426ddd) Importer(2089858483,b0f066a214c2f5e87bad3c948f4d605d) (ScriptedImporter) -> (artifact id: '0d6144f67f263877c149f8c67c44447a') in 0.0113297 seconds
Number of updated asset objects reloaded before import = 0Number of asset objects unloaded after import = 0

========================================================================
Received Import Request.
  Time since last request: 0.000021 seconds.
  path: Packages/com.unity.test-framework/UnityEngine.TestRunner/NUnitExtensions/Attributes/TestEnumerator.cs
  artifactKey: Guid(750aad009559b814dbc27001341fc1c3) Importer(2089858483,b0f066a214c2f5e87bad3c948f4d605d)
Start importing Packages/com.unity.test-framework/UnityEngine.TestRunner/NUnitExtensions/Attributes/TestEnumerator.cs using Guid(750aad009559b814dbc27001341fc1c3) Importer(2089858483,b0f066a214c2f5e87bad3c948f4d605d) (ScriptedImporter) -> (artifact id: '14983be6a666c5ee456aad326e55d0a8') in 0.0136747 seconds
Number of updated asset objects reloaded before import = 0Number of asset objects unloaded after import = 0

========================================================================
Received Import Request.
  Time since last request: 0.000021 seconds.
  path: Packages/com.unity.mathematics/Unity.Mathematics/uint3x4.gen.cs
  artifactKey: Guid(b26cb334c782240eb950a56e23e0378c) Importer(2089858483,b0f066a214c2f5e87bad3c948f4d605d)
Start importing Packages/com.unity.mathematics/Unity.Mathematics/uint3x4.gen.cs using Guid(b26cb334c782240eb950a56e23e0378c) Importer(2089858483,b0f066a214c2f5e87bad3c948f4d605d) (ScriptedImporter) -> (artifact id: 'bfcae049d9dd340598af8d263ed25782') in 0.0116857 seconds
Number of updated asset objects reloaded before import = 0Number of asset objects unloaded after import = 0

========================================================================
Received Import Request.
  Time since last request: 0.000038 seconds.
  path: Packages/com.unity.collections/Unity.Collections.Tests/NativeStreamTests.cs
  artifactKey: Guid(ce62bb2f0aba64563accb50660276cff) Importer(2089858483,b0f066a214c2f5e87bad3c948f4d605d)
Start importing Packages/com.unity.collections/Unity.Collections.Tests/NativeStreamTests.cs using Guid(ce62bb2f0aba64563accb50660276cff) Importer(2089858483,b0f066a214c2f5e87bad3c948f4d605d) (ScriptedImporter) -> (artifact id: 'aad7942136949fd6aed5ab03413c3cec') in 0.0126474 seconds
Number of updated asset objects reloaded before import = 0Number of asset objects unloaded after import = 0

========================================================================
Received Import Request.
  Time since last request: 0.000069 seconds.
  path: Packages/com.unity.test-framework/UnityEditor.TestRunner/Api/TestMode.cs
  artifactKey: Guid(cad095eccea17b741bc4cd264e7441cd) Importer(2089858483,b0f066a214c2f5e87bad3c948f4d605d)
Start importing Packages/com.unity.test-framework/UnityEditor.TestRunner/Api/TestMode.cs using Guid(cad095eccea17b741bc4cd264e7441cd) Importer(2089858483,b0f066a214c2f5e87bad3c948f4d605d) (ScriptedImporter) -> (artifact id: '67d5186055f0ff19bcd1655ebb06587c') in 0.0131391 seconds
Number of updated asset objects reloaded before import = 0Number of asset objects unloaded after import = 0

========================================================================
Received Import Request.
  Time since last request: 0.000020 seconds.
  path: Packages/com.unity.netcode.gameobjects/Runtime/Exceptions/NotListeningException.cs
  artifactKey: Guid(dc58b328162929140aeb42e6a4a9354b) Importer(2089858483,b0f066a214c2f5e87bad3c948f4d605d)
Start importing Packages/com.unity.netcode.gameobjects/Runtime/Exceptions/NotListeningException.cs using Guid(dc58b328162929140aeb42e6a4a9354b) Importer(2089858483,b0f066a214c2f5e87bad3c948f4d605d) (ScriptedImporter) -> (artifact id: '66a21370c1c2a2fe6e58a6f4b725fe77') in 0.011437 seconds
Number of updated asset objects reloaded before import = 0Number of asset objects unloaded after import = 0

========================================================================
Received Import Request.
  Time since last request: 0.000038 seconds.
  path: Packages/com.unity.test-framework/UnityEditor.TestRunner/TestRun/Tasks/Events/RegisterTestRunCallbackEventsTask.cs
  artifactKey: Guid(d9b3520efe42f4ee887f8b99b7e1deae) Importer(2089858483,b0f066a214c2f5e87bad3c948f4d605d)
Start importing Packages/com.unity.test-framework/UnityEditor.TestRunner/TestRun/Tasks/Events/RegisterTestRunCallbackEventsTask.cs using Guid(d9b3520efe42f4ee887f8b99b7e1deae) Importer(2089858483,b0f066a214c2f5e87bad3c948f4d605d) (ScriptedImporter) -> (artifact id: '9fa8c2537269edf3ca47269db4d53405') in 0.0135195 seconds
Number of updated asset objects reloaded before import = 0Number of asset objects unloaded after import = 0

========================================================================
Received Import Request.
  Time since last request: 0.000023 seconds.
  path: Packages/com.unity.netcode.gameobjects/Runtime/Logging/LogContext
  artifactKey: Guid(1a57adef9bcf4768866c1e922dff4ad1) Importer(2089858483,b0f066a214c2f5e87bad3c948f4d605d)
Start importing Packages/com.unity.netcode.gameobjects/Runtime/Logging/LogContext using Guid(1a57adef9bcf4768866c1e922dff4ad1) Importer(2089858483,b0f066a214c2f5e87bad3c948f4d605d) (ScriptedImporter) -> (artifact id: '47f6eee144a397989e3bf2cb04e92b8b') in 0.0122822 seconds
Number of updated asset objects reloaded before import = 0Number of asset objects unloaded after import = 1

========================================================================
Received Import Request.
  Time since last request: 0.000030 seconds.
  path: Packages/com.unity.collections/Unity.Collections.Tests/NativeParallelHashMapTests.cs
  artifactKey: Guid(4bd84e58bd56f496990c0624dfe88a1a) Importer(2089858483,b0f066a214c2f5e87bad3c948f4d605d)
Start importing Packages/com.unity.collections/Unity.Collections.Tests/NativeParallelHashMapTests.cs using Guid(4bd84e58bd56f496990c0624dfe88a1a) Importer(2089858483,b0f066a214c2f5e87bad3c948f4d605d) (ScriptedImporter) -> (artifact id: '4a3a530ebc6344e5b404d606b630bde0') in 0.0119306 seconds
Number of updated asset objects reloaded before import = 0Number of asset objects unloaded after import = 0

========================================================================
Received Import Request.
  Time since last request: 0.000029 seconds.
  path: Packages/com.unity.test-framework/UnityEditor.TestRunner/NUnitExtension/Attributes/ITestPlayerBuildModifier.cs
  artifactKey: Guid(6d2f47eae5f447748892c46848956d5f) Importer(2089858483,b0f066a214c2f5e87bad3c948f4d605d)
Start importing Packages/com.unity.test-framework/UnityEditor.TestRunner/NUnitExtension/Attributes/ITestPlayerBuildModifier.cs using Guid(6d2f47eae5f447748892c46848956d5f) Importer(2089858483,b0f066a214c2f5e87bad3c948f4d605d) (ScriptedImporter) -> (artifact id: '4083497bfa391482554c19ace88addbf') in 0.0117947 seconds
Number of updated asset objects reloaded before import = 0Number of asset objects unloaded after import = 0

========================================================================
Received Import Request.
  Time since last request: 0.000021 seconds.
  path: Packages/com.unity.collections/LICENSE.md
  artifactKey: Guid(568f02fe7676e4d659782d6038df91de) Importer(2089858483,b0f066a214c2f5e87bad3c948f4d605d)
Start importing Packages/com.unity.collections/LICENSE.md using Guid(568f02fe7676e4d659782d6038df91de) Importer(2089858483,b0f066a214c2f5e87bad3c948f4d605d) (ScriptedImporter) -> (artifact id: '2d90d129e1b8861d9e2f79fbcd783ba4') in 0.0148923 seconds
Number of updated asset objects reloaded before import = 0Number of asset objects unloaded after import = 1

========================================================================
Received Import Request.
  Time since last request: 0.000039 seconds.
  path: Packages/com.unity.nuget.mono-cecil/Mono.Cecil.Pdb.dll
  artifactKey: Guid(80a939763935fdd40bf953a1e49678cf) Importer(2089858483,b0f066a214c2f5e87bad3c948f4d605d)
Start importing Packages/com.unity.nuget.mono-cecil/Mono.Cecil.Pdb.dll using Guid(80a939763935fdd40bf953a1e49678cf) Importer(2089858483,b0f066a214c2f5e87bad3c948f4d605d) (ScriptedImporter) -> (artifact id: 'fe2ca059e3bee4a841acdb4e04eb6491') in 0.0154916 seconds
Number of updated asset objects reloaded before import = 0Number of asset objects unloaded after import = 0

========================================================================
Received Import Request.
  Time since last request: 0.000109 seconds.
  path: Packages/com.unity.collections/Unity.Collections/CollectionHelper.cs
  artifactKey: Guid(6901d664ec07a214cab08cbd83ca8deb) Importer(2089858483,b0f066a214c2f5e87bad3c948f4d605d)
Start importing Packages/com.unity.collections/Unity.Collections/CollectionHelper.cs using Guid(6901d664ec07a214cab08cbd83ca8deb) Importer(2089858483,b0f066a214c2f5e87bad3c948f4d605d) (ScriptedImporter) -> (artifact id: '63fd5e276daf7e17e68fbd0d4ade845b') in 0.011052 seconds
Number of updated asset objects reloaded before import = 0Number of asset objects unloaded after import = 0

========================================================================
Received Import Request.
  Time since last request: 0.000024 seconds.
  path: Packages/com.unity.collections/Unity.Collections.PerformanceTests/ParallelHashSetPerformanceTests.cs
  artifactKey: Guid(658c5e8f30c4cbe4b88301ce6599a6fb) Importer(2089858483,b0f066a214c2f5e87bad3c948f4d605d)
Start importing Packages/com.unity.collections/Unity.Collections.PerformanceTests/ParallelHashSetPerformanceTests.cs using Guid(658c5e8f30c4cbe4b88301ce6599a6fb) Importer(2089858483,b0f066a214c2f5e87bad3c948f4d605d) (ScriptedImporter) -> (artifact id: 'ebc19681da3c373a6c6c9e89d36054f3') in 0.0134729 seconds
Number of updated asset objects reloaded before import = 0Number of asset objects unloaded after import = 0

========================================================================
Received Import Request.
  Time since last request: 0.000084 seconds.
  path: Packages/com.unity.test-framework/UnityEditor.TestRunner/TestRun/Tasks/InitializeTestProgressTask.cs
  artifactKey: Guid(83d2df796f82ab847a190a706f00d6eb) Importer(2089858483,b0f066a214c2f5e87bad3c948f4d605d)
Start importing Packages/com.unity.test-framework/UnityEditor.TestRunner/TestRun/Tasks/InitializeTestProgressTask.cs using Guid(83d2df796f82ab847a190a706f00d6eb) Importer(2089858483,b0f066a214c2f5e87bad3c948f4d605d) (ScriptedImporter) -> (artifact id: '97e2ae94947343638f2beb4f96f42c07') in 0.0152769 seconds
Number of updated asset objects reloaded before import = 0Number of asset objects unloaded after import = 0

========================================================================
Received Import Request.
  Time since last request: 0.000045 seconds.
  path: Packages/com.unity.netcode.gameobjects/Runtime/Components/Helpers
  artifactKey: Guid(fbc8738cd4ff119499520131b7aa7232) Importer(2089858483,b0f066a214c2f5e87bad3c948f4d605d)
Start importing Packages/com.unity.netcode.gameobjects/Runtime/Components/Helpers using Guid(fbc8738cd4ff119499520131b7aa7232) Importer(2089858483,b0f066a214c2f5e87bad3c948f4d605d) (ScriptedImporter) -> (artifact id: '63ac99ec991346fd7b26230067d90129') in 0.0123293 seconds
Number of updated asset objects reloaded before import = 0Number of asset objects unloaded after import = 1

========================================================================
Received Import Request.
  Time since last request: 0.000044 seconds.
  path: Packages/com.unity.test-framework.performance/Runtime/Statistics/StudentDistributionHelper.cs
  artifactKey: Guid(0f798be1803b48ecaf2670b1cbbc41b1) Importer(2089858483,b0f066a214c2f5e87bad3c948f4d605d)
Start importing Packages/com.unity.test-framework.performance/Runtime/Statistics/StudentDistributionHelper.cs using Guid(0f798be1803b48ecaf2670b1cbbc41b1) Importer(2089858483,b0f066a214c2f5e87bad3c948f4d605d) (ScriptedImporter) -> (artifact id: '8dff37d5269c38d9d93b0737f506fed8') in 0.0134 seconds
Number of updated asset objects reloaded before import = 0Number of asset objects unloaded after import = 0

========================================================================
Received Import Request.
  Time since last request: 0.000022 seconds.
  path: Packages/com.unity.transport/Runtime/UnderlyingConnectionList.cs
  artifactKey: Guid(a987b764e0fb946e3b8e379373082b88) Importer(2089858483,b0f066a214c2f5e87bad3c948f4d605d)
Start importing Packages/com.unity.transport/Runtime/UnderlyingConnectionList.cs using Guid(a987b764e0fb946e3b8e379373082b88) Importer(2089858483,b0f066a214c2f5e87bad3c948f4d605d) (ScriptedImporter) -> (artifact id: 'a5bcea9708c2b3844955d3e27ea81bb2') in 0.0127056 seconds
Number of updated asset objects reloaded before import = 0Number of asset objects unloaded after import = 0

========================================================================
Received Import Request.
  Time since last request: 0.000025 seconds.
  path: Packages/com.unity.mathematics/Tests/Tests/Shared/TestInt2x2.gen.cs
  artifactKey: Guid(041eb9518baf7a846bd945a05063b142) Importer(2089858483,b0f066a214c2f5e87bad3c948f4d605d)
Start importing Packages/com.unity.mathematics/Tests/Tests/Shared/TestInt2x2.gen.cs using Guid(041eb9518baf7a846bd945a05063b142) Importer(2089858483,b0f066a214c2f5e87bad3c948f4d605d) (ScriptedImporter) -> (artifact id: 'cf6a2810ce99122cf94943f861393410') in 0.0120792 seconds
Number of updated asset objects reloaded before import = 0Number of asset objects unloaded after import = 0

========================================================================
Received Import Request.
  Time since last request: 0.000061 seconds.
  path: Packages/com.unity.mathematics/Unity.Mathematics/Noise/noise3D.cs
  artifactKey: Guid(466846e8fd30645168912f2824cedb87) Importer(2089858483,b0f066a214c2f5e87bad3c948f4d605d)
Start importing Packages/com.unity.mathematics/Unity.Mathematics/Noise/noise3D.cs using Guid(466846e8fd30645168912f2824cedb87) Importer(2089858483,b0f066a214c2f5e87bad3c948f4d605d) (ScriptedImporter) -> (artifact id: 'ad42a53034a0af0c51a86d5b340ab7ef') in 0.0114299 seconds
Number of updated asset objects reloaded before import = 0Number of asset objects unloaded after import = 0

========================================================================
Received Import Request.
  Time since last request: 0.000021 seconds.
  path: Packages/com.unity.netcode.gameobjects/Runtime/Metrics/MetricHooks.cs
  artifactKey: Guid(07e749f617714f248823af11048bfe46) Importer(2089858483,b0f066a214c2f5e87bad3c948f4d605d)
Start importing Packages/com.unity.netcode.gameobjects/Runtime/Metrics/MetricHooks.cs using Guid(07e749f617714f248823af11048bfe46) Importer(2089858483,b0f066a214c2f5e87bad3c948f4d605d) (ScriptedImporter) -> (artifact id: 'ff3a5f8bd29f9fe3f33f431b7614cc1a') in 0.0128832 seconds
Number of updated asset objects reloaded before import = 0Number of asset objects unloaded after import = 0

========================================================================
Received Import Request.
  Time since last request: 0.000027 seconds.
  path: Packages/com.unity.mathematics/CHANGELOG.md
  artifactKey: Guid(56de866d5032f461baa43decd9ce3bd8) Importer(2089858483,b0f066a214c2f5e87bad3c948f4d605d)
Start importing Packages/com.unity.mathematics/CHANGELOG.md using Guid(56de866d5032f461baa43decd9ce3bd8) Importer(2089858483,b0f066a214c2f5e87bad3c948f4d605d) (ScriptedImporter) -> (artifact id: '8111e1e6085b450f0c4ef7257570cf52') in 0.0144653 seconds
Number of updated asset objects reloaded before import = 0Number of asset objects unloaded after import = 1

========================================================================
Received Import Request.
  Time since last request: 0.000018 seconds.
  path: Packages/com.unity.collections/Unity.Collections.Tests/UnsafeParallelMultiHashMapTests.cs
  artifactKey: Guid(2d33d4223be73b4448d51d31323799fd) Importer(2089858483,b0f066a214c2f5e87bad3c948f4d605d)
Start importing Packages/com.unity.collections/Unity.Collections.Tests/UnsafeParallelMultiHashMapTests.cs using Guid(2d33d4223be73b4448d51d31323799fd) Importer(2089858483,b0f066a214c2f5e87bad3c948f4d605d) (ScriptedImporter) -> (artifact id: 'e70d9590d814fd8f3921008ea649361d') in 0.0125799 seconds
Number of updated asset objects reloaded before import = 0Number of asset objects unloaded after import = 0

========================================================================
Received Import Request.
  Time since last request: 0.000021 seconds.
  path: Packages/com.unity.netcode.gameobjects/Tests/Runtime/HiddenVariableTests.cs
  artifactKey: Guid(0c64eb7c36fc44eadac730241b23e006) Importer(2089858483,b0f066a214c2f5e87bad3c948f4d605d)
Start importing Packages/com.unity.netcode.gameobjects/Tests/Runtime/HiddenVariableTests.cs using Guid(0c64eb7c36fc44eadac730241b23e006) Importer(2089858483,b0f066a214c2f5e87bad3c948f4d605d) (ScriptedImporter) -> (artifact id: 'cf5f69450a7d18cd0b80943cae179b08') in 0.011372 seconds
Number of updated asset objects reloaded before import = 0Number of asset objects unloaded after import = 0

========================================================================
Received Import Request.
  Time since last request: 0.000028 seconds.
  path: Packages/com.unity.netcode.gameobjects/Runtime/Components/HalfVector3.cs
  artifactKey: Guid(b0e371533eaeac446b16b10886f64f84) Importer(2089858483,b0f066a214c2f5e87bad3c948f4d605d)
Start importing Packages/com.unity.netcode.gameobjects/Runtime/Components/HalfVector3.cs using Guid(b0e371533eaeac446b16b10886f64f84) Importer(2089858483,b0f066a214c2f5e87bad3c948f4d605d) (ScriptedImporter) -> (artifact id: '680ab0a85216da231a41e12f5c05a954') in 0.0126474 seconds
Number of updated asset objects reloaded before import = 0Number of asset objects unloaded after import = 0

========================================================================
Received Import Request.
  Time since last request: 0.000040 seconds.
  path: Packages/com.unity.nuget.mono-cecil/Tests/Editor
  artifactKey: Guid(45ad7246e4741472187b3dbd3cfff518) Importer(2089858483,b0f066a214c2f5e87bad3c948f4d605d)
Start importing Packages/com.unity.nuget.mono-cecil/Tests/Editor using Guid(45ad7246e4741472187b3dbd3cfff518) Importer(2089858483,b0f066a214c2f5e87bad3c948f4d605d) (ScriptedImporter) -> (artifact id: '8283700ce26f25435354157cdccbc61d') in 0.011837 seconds
Number of updated asset objects reloaded before import = 0Number of asset objects unloaded after import = 1

========================================================================
Received Import Request.
  Time since last request: 0.000020 seconds.
  path: Packages/com.unity.collections/Unity.Collections.Tests/DataStreamTests.cs
  artifactKey: Guid(c9fa73c3f49c43bc8f21fedf53591b10) Importer(2089858483,b0f066a214c2f5e87bad3c948f4d605d)
Start importing Packages/com.unity.collections/Unity.Collections.Tests/DataStreamTests.cs using Guid(c9fa73c3f49c43bc8f21fedf53591b10) Importer(2089858483,b0f066a214c2f5e87bad3c948f4d605d) (ScriptedImporter) -> (artifact id: 'e98984094c1676f557b03c062c911318') in 0.013907 seconds
Number of updated asset objects reloaded before import = 0Number of asset objects unloaded after import = 0

========================================================================
Received Import Request.
  Time since last request: 0.000019 seconds.
  path: Packages/com.unity.transport/Runtime/NetworkStack.cs
  artifactKey: Guid(d5bb5126930985a42a34e64822f9cc14) Importer(2089858483,b0f066a214c2f5e87bad3c948f4d605d)
Start importing Packages/com.unity.transport/Runtime/NetworkStack.cs using Guid(d5bb5126930985a42a34e64822f9cc14) Importer(2089858483,b0f066a214c2f5e87bad3c948f4d605d) (ScriptedImporter) -> (artifact id: '72e36b4039c2a1faa4e23dc8532630de') in 0.0127891 seconds
Number of updated asset objects reloaded before import = 0Number of asset objects unloaded after import = 0

========================================================================
Received Import Request.
  Time since last request: 0.000027 seconds.
  path: Packages/com.unity.test-framework.performance/Runtime/Attributes
  artifactKey: Guid(d2bd35c14da30b94c81ec15c7db30136) Importer(2089858483,b0f066a214c2f5e87bad3c948f4d605d)
Start importing Packages/com.unity.test-framework.performance/Runtime/Attributes using Guid(d2bd35c14da30b94c81ec15c7db30136) Importer(2089858483,b0f066a214c2f5e87bad3c948f4d605d) (ScriptedImporter) -> (artifact id: '40163d21bc2d0dc8eb1c984681db9330') in 0.0111485 seconds
Number of updated asset objects reloaded before import = 0Number of asset objects unloaded after import = 1

========================================================================
Received Import Request.
  Time since last request: 0.000100 seconds.
  path: Packages/com.unity.test-framework/UnityEditor.TestRunner/NUnitExtension
  artifactKey: Guid(3f9202a39620f51418046c7754f215f0) Importer(2089858483,b0f066a214c2f5e87bad3c948f4d605d)
Start importing Packages/com.unity.test-framework/UnityEditor.TestRunner/NUnitExtension using Guid(3f9202a39620f51418046c7754f215f0) Importer(2089858483,b0f066a214c2f5e87bad3c948f4d605d) (ScriptedImporter) -> (artifact id: 'b9542e0fb1aefb6575e919855c36ccfc') in 0.0128403 seconds
Number of updated asset objects reloaded before import = 0Number of asset objects unloaded after import = 1

========================================================================
Received Import Request.
  Time since last request: 0.000023 seconds.
  path: Packages/com.unity.burst/Runtime/CompilerServices/IgnoreWarningAttribute.cs
  artifactKey: Guid(fae4cb13a004334fb1b9261d2a368cff) Importer(2089858483,b0f066a214c2f5e87bad3c948f4d605d)
Start importing Packages/com.unity.burst/Runtime/CompilerServices/IgnoreWarningAttribute.cs using Guid(fae4cb13a004334fb1b9261d2a368cff) Importer(2089858483,b0f066a214c2f5e87bad3c948f4d605d) (ScriptedImporter) -> (artifact id: '1741596d73baa03278fe1550d1ae9e63') in 0.0149522 seconds
Number of updated asset objects reloaded before import = 0Number of asset objects unloaded after import = 0

========================================================================
Received Import Request.
  Time since last request: 0.000028 seconds.
  path: Packages/com.unity.test-framework.performance/Runtime/Data
  artifactKey: Guid(0369bc643b4a11246a869e582c0f275a) Importer(2089858483,b0f066a214c2f5e87bad3c948f4d605d)
Start importing Packages/com.unity.test-framework.performance/Runtime/Data using Guid(0369bc643b4a11246a869e582c0f275a) Importer(2089858483,b0f066a214c2f5e87bad3c948f4d605d) (ScriptedImporter) -> (artifact id: '24d68491c07ccc658ea469111aeb4bdb') in 0.0133367 seconds
Number of updated asset objects reloaded before import = 0Number of asset objects unloaded after import = 1

========================================================================
Received Import Request.
  Time since last request: 0.000019 seconds.
  path: Packages/com.unity.mathematics/Unity.Mathematics/PropertyAttributes.cs
  artifactKey: Guid(61cbbdd02bb00406b94029228cb3b73b) Importer(2089858483,b0f066a214c2f5e87bad3c948f4d605d)
Start importing Packages/com.unity.mathematics/Unity.Mathematics/PropertyAttributes.cs using Guid(61cbbdd02bb00406b94029228cb3b73b) Importer(2089858483,b0f066a214c2f5e87bad3c948f4d605d) (ScriptedImporter) -> (artifact id: '62cde37c2359bc8796c5e872ad6d6fe8') in 0.0122193 seconds
Number of updated asset objects reloaded before import = 0Number of asset objects unloaded after import = 0

========================================================================
Received Import Request.
  Time since last request: 0.000060 seconds.
  path: Packages/com.unity.netcode.gameobjects/Runtime/Transports/UTP/BatchedSendQueue.cs
  artifactKey: Guid(ddf8f97f695d740f297dc42242b76b8c) Importer(2089858483,b0f066a214c2f5e87bad3c948f4d605d)
Start importing Packages/com.unity.netcode.gameobjects/Runtime/Transports/UTP/BatchedSendQueue.cs using Guid(ddf8f97f695d740f297dc42242b76b8c) Importer(2089858483,b0f066a214c2f5e87bad3c948f4d605d) (ScriptedImporter) -> (artifact id: '91713cccc37bf92bcd8d9a3658077ba3') in 0.0168479 seconds
Number of updated asset objects reloaded before import = 0Number of asset objects unloaded after import = 0

========================================================================
Received Import Request.
  Time since last request: 0.000018 seconds.
  path: Packages/com.unity.test-framework/UnityEditor.TestRunner/TestLaunchers/PlatformSetup/StadiaPlatformSetup.cs
  artifactKey: Guid(fa19b42bd3dc35e40a618448bd330270) Importer(2089858483,b0f066a214c2f5e87bad3c948f4d605d)
Start importing Packages/com.unity.test-framework/UnityEditor.TestRunner/TestLaunchers/PlatformSetup/StadiaPlatformSetup.cs using Guid(fa19b42bd3dc35e40a618448bd330270) Importer(2089858483,b0f066a214c2f5e87bad3c948f4d605d) (ScriptedImporter) -> (artifact id: '7be1e949d51647fc140e9edd7509f387') in 0.0125151 seconds
Number of updated asset objects reloaded before import = 0Number of asset objects unloaded after import = 0

========================================================================
Received Import Request.
  Time since last request: 0.000043 seconds.
  path: Packages/com.unity.transport/Runtime/NetworkParams.cs
  artifactKey: Guid(727aa4ae963216b4aa40606d66cb2df1) Importer(2089858483,b0f066a214c2f5e87bad3c948f4d605d)
Start importing Packages/com.unity.transport/Runtime/NetworkParams.cs using Guid(727aa4ae963216b4aa40606d66cb2df1) Importer(2089858483,b0f066a214c2f5e87bad3c948f4d605d) (ScriptedImporter) -> (artifact id: '76c20a01070f1180d22566270fc7cea2') in 0.0129804 seconds
Number of updated asset objects reloaded before import = 0Number of asset objects unloaded after import = 0

========================================================================
Received Import Request.
  Time since last request: 0.000029 seconds.
  path: Packages/com.unity.test-framework/UnityEditor.TestRunner/UnityTestProtocol/ITestRunnerApiMapper.cs
  artifactKey: Guid(6de79ae237e51554da96fd28f68b66a6) Importer(2089858483,b0f066a214c2f5e87bad3c948f4d605d)
Start importing Packages/com.unity.test-framework/UnityEditor.TestRunner/UnityTestProtocol/ITestRunnerApiMapper.cs using Guid(6de79ae237e51554da96fd28f68b66a6) Importer(2089858483,b0f066a214c2f5e87bad3c948f4d605d) (ScriptedImporter) -> (artifact id: '215d069a21884cb3d34bd5607600fc78') in 0.0168238 seconds
Number of updated asset objects reloaded before import = 0Number of asset objects unloaded after import = 0

========================================================================
Received Import Request.
  Time since last request: 0.000020 seconds.
  path: Packages/com.unity.netcode.gameobjects/Runtime/Connection/NetworkConnectionManager.cs
  artifactKey: Guid(d98eff74d73bc2a42bd5624c47ce8fe1) Importer(2089858483,b0f066a214c2f5e87bad3c948f4d605d)
Start importing Packages/com.unity.netcode.gameobjects/Runtime/Connection/NetworkConnectionManager.cs using Guid(d98eff74d73bc2a42bd5624c47ce8fe1) Importer(2089858483,b0f066a214c2f5e87bad3c948f4d605d) (ScriptedImporter) -> (artifact id: 'f7843e22d4afa808eb7d91aac8239161') in 0.0111368 seconds
Number of updated asset objects reloaded before import = 0Number of asset objects unloaded after import = 0

========================================================================
Received Import Request.
  Time since last request: 0.000058 seconds.
  path: Packages/com.unity.test-framework/UnityEditor.TestRunner/GUI/TestAssets/IActiveFolderTemplateAssetCreator.cs
  artifactKey: Guid(409ee14a63784dc0ab5d002081211814) Importer(2089858483,b0f066a214c2f5e87bad3c948f4d605d)
Start importing Packages/com.unity.test-framework/UnityEditor.TestRunner/GUI/TestAssets/IActiveFolderTemplateAssetCreator.cs using Guid(409ee14a63784dc0ab5d002081211814) Importer(2089858483,b0f066a214c2f5e87bad3c948f4d605d) (ScriptedImporter) -> (artifact id: 'b70162567b13739b0bcb39e6006ba008') in 0.0137444 seconds
Number of updated asset objects reloaded before import = 0Number of asset objects unloaded after import = 0

========================================================================
Received Import Request.
  Time since last request: 0.000047 seconds.
  path: Packages/com.unity.netcode.gameobjects/Tests/Runtime/NetworkVisibilityTests.cs
  artifactKey: Guid(45ff8252bf32540509fde11c19e0f3c2) Importer(2089858483,b0f066a214c2f5e87bad3c948f4d605d)
Start importing Packages/com.unity.netcode.gameobjects/Tests/Runtime/NetworkVisibilityTests.cs using Guid(45ff8252bf32540509fde11c19e0f3c2) Importer(2089858483,b0f066a214c2f5e87bad3c948f4d605d) (ScriptedImporter) -> (artifact id: 'ff08e4e29aeea98810852e200951ad14') in 0.0139058 seconds
Number of updated asset objects reloaded before import = 0Number of asset objects unloaded after import = 0

========================================================================
Received Import Request.
  Time since last request: 0.000034 seconds.
  path: Packages/com.unity.test-framework/UnityEditor.TestRunner/TestRunner/Utils/IEditorAssembliesProxy.cs
  artifactKey: Guid(98808b11e78f6c84a841a6b4bc5a29d2) Importer(2089858483,b0f066a214c2f5e87bad3c948f4d605d)
Start importing Packages/com.unity.test-framework/UnityEditor.TestRunner/TestRunner/Utils/IEditorAssembliesProxy.cs using Guid(98808b11e78f6c84a841a6b4bc5a29d2) Importer(2089858483,b0f066a214c2f5e87bad3c948f4d605d) (ScriptedImporter) -> (artifact id: '01c703bbed24e4ee37ccb390d94580ff') in 0.0136451 seconds
Number of updated asset objects reloaded before import = 0Number of asset objects unloaded after import = 0

========================================================================
Received Import Request.
  Time since last request: 0.000022 seconds.
  path: Packages/com.unity.netcode.gameobjects/Tests/Runtime/TestHelpers/MockTransport.cs
  artifactKey: Guid(335908e9a37f428ba087acf00563c7be) Importer(2089858483,b0f066a214c2f5e87bad3c948f4d605d)
Start importing Packages/com.unity.netcode.gameobjects/Tests/Runtime/TestHelpers/MockTransport.cs using Guid(335908e9a37f428ba087acf00563c7be) Importer(2089858483,b0f066a214c2f5e87bad3c948f4d605d) (ScriptedImporter) -> (artifact id: 'a2d56d3024909332111a9eaaf2b8fcbb') in 0.0159645 seconds
Number of updated asset objects reloaded before import = 0Number of asset objects unloaded after import = 0

========================================================================
Received Import Request.
  Time since last request: 0.000022 seconds.
  path: Packages/com.unity.netcode.gameobjects/Tests/Editor/XXHashTests.cs
  artifactKey: Guid(ce9bdc7200b66410286810307554534b) Importer(2089858483,b0f066a214c2f5e87bad3c948f4d605d)
Start importing Packages/com.unity.netcode.gameobjects/Tests/Editor/XXHashTests.cs using Guid(ce9bdc7200b66410286810307554534b) Importer(2089858483,b0f066a214c2f5e87bad3c948f4d605d) (ScriptedImporter) -> (artifact id: 'c2021f486abac4f0ab36ad06490956a3') in 0.13999 seconds
Number of updated asset objects reloaded before import = 0Number of asset objects unloaded after import = 0

========================================================================
Received Import Request.
  Time since last request: 0.000025 seconds.
  path: Packages/com.unity.mathematics/Tests/Tests/Shared/TestFloat4x4.gen.cs
  artifactKey: Guid(b3a17e2bf2fb0984b96ba8a21a08b8b0) Importer(2089858483,b0f066a214c2f5e87bad3c948f4d605d)
Start importing Packages/com.unity.mathematics/Tests/Tests/Shared/TestFloat4x4.gen.cs using Guid(b3a17e2bf2fb0984b96ba8a21a08b8b0) Importer(2089858483,b0f066a214c2f5e87bad3c948f4d605d) (ScriptedImporter) -> (artifact id: 'ca55a39300dad75de94134547d1fc33e') in 0.0108134 seconds
Number of updated asset objects reloaded before import = 0Number of asset objects unloaded after import = 0

========================================================================
Received Import Request.
  Time since last request: 0.000064 seconds.
  path: Packages/com.unity.collections
  artifactKey: Guid(6ea2c6f3763d4b5a29419bcb653c9df5) Importer(2089858483,b0f066a214c2f5e87bad3c948f4d605d)
Start importing Packages/com.unity.collections using Guid(6ea2c6f3763d4b5a29419bcb653c9df5) Importer(2089858483,b0f066a214c2f5e87bad3c948f4d605d) (ScriptedImporter) -> (artifact id: '299a00cfd467cdb34184c95d3fb14749') in 0.0126545 seconds
Number of updated asset objects reloaded before import = 0Number of asset objects unloaded after import = 1

========================================================================
Received Import Request.
  Time since last request: 0.000022 seconds.
  path: Packages/com.unity.test-framework/UnityEditor.TestRunner/Api/CallbacksDelegator.cs
  artifactKey: Guid(0de03ebd74e2b474fa23d05ab42d0cd8) Importer(2089858483,b0f066a214c2f5e87bad3c948f4d605d)
Start importing Packages/com.unity.test-framework/UnityEditor.TestRunner/Api/CallbacksDelegator.cs using Guid(0de03ebd74e2b474fa23d05ab42d0cd8) Importer(2089858483,b0f066a214c2f5e87bad3c948f4d605d) (ScriptedImporter) -> (artifact id: '55aa5ac0dab53f0ae96577e9fd2837d3') in 0.0148126 seconds
Number of updated asset objects reloaded before import = 0Number of asset objects unloaded after import = 0

========================================================================
Received Import Request.
  Time since last request: 0.000024 seconds.
  path: Packages/com.unity.netcode.gameobjects/Runtime/Messaging/RpcTargets/NotServerRpcTarget.cs
  artifactKey: Guid(c63787afe52f45ffbd5d801f78e7c0d6) Importer(2089858483,b0f066a214c2f5e87bad3c948f4d605d)
Start importing Packages/com.unity.netcode.gameobjects/Runtime/Messaging/RpcTargets/NotServerRpcTarget.cs using Guid(c63787afe52f45ffbd5d801f78e7c0d6) Importer(2089858483,b0f066a214c2f5e87bad3c948f4d605d) (ScriptedImporter) -> (artifact id: '81f1ef346b50b0d9e6466fe9481a0e88') in 0.0116556 seconds
Number of updated asset objects reloaded before import = 0Number of asset objects unloaded after import = 0

========================================================================
Received Import Request.
  Time since last request: 0.000066 seconds.
  path: Packages/com.unity.netcode.gameobjects/Tests/Runtime/DocumentationCodeSamples
  artifactKey: Guid(e017ce40eb7744e03bc0a83fa18ddcc3) Importer(2089858483,b0f066a214c2f5e87bad3c948f4d605d)
Start importing Packages/com.unity.netcode.gameobjects/Tests/Runtime/DocumentationCodeSamples using Guid(e017ce40eb7744e03bc0a83fa18ddcc3) Importer(2089858483,b0f066a214c2f5e87bad3c948f4d605d) (ScriptedImporter) -> (artifact id: '1bdd9fcd24d8e2342717e75b59fabcfb') in 0.0145637 seconds
Number of updated asset objects reloaded before import = 0Number of asset objects unloaded after import = 1

========================================================================
Received Import Request.
  Time since last request: 0.000022 seconds.
  path: Packages/com.unity.mathematics
  artifactKey: Guid(45c97f030cad27ef8667e2ac80bf5783) Importer(2089858483,b0f066a214c2f5e87bad3c948f4d605d)
Start importing Packages/com.unity.mathematics using Guid(45c97f030cad27ef8667e2ac80bf5783) Importer(2089858483,b0f066a214c2f5e87bad3c948f4d605d) (ScriptedImporter) -> (artifact id: '84bc1fa6e77e1ce1a7629ead4bd04f1c') in 0.0123967 seconds
Number of updated asset objects reloaded before import = 0Number of asset objects unloaded after import = 1

========================================================================
Received Import Request.
  Time since last request: 0.000026 seconds.
  path: Packages/com.unity.test-framework/UnityEditor.TestRunner/TestRun/Tasks/UnlockReloadAssembliesTask.cs
  artifactKey: Guid(9729063e08c4a4e438070c8319aff5f5) Importer(2089858483,b0f066a214c2f5e87bad3c948f4d605d)
Start importing Packages/com.unity.test-framework/UnityEditor.TestRunner/TestRun/Tasks/UnlockReloadAssembliesTask.cs using Guid(9729063e08c4a4e438070c8319aff5f5) Importer(2089858483,b0f066a214c2f5e87bad3c948f4d605d) (ScriptedImporter) -> (artifact id: '722a8de2ad0b8160a321ac992b18c0e5') in 0.01367 seconds
Number of updated asset objects reloaded before import = 0Number of asset objects unloaded after import = 0

========================================================================
Received Import Request.
  Time since last request: 0.000019 seconds.
  path: Packages/com.unity.test-framework/UnityEditor.TestRunner/TestRun/Tasks/Platform/PlatformSpecificSetupTask.cs
  artifactKey: Guid(49284fdc918b491aa9f4439e6cc59c9c) Importer(2089858483,b0f066a214c2f5e87bad3c948f4d605d)
Start importing Packages/com.unity.test-framework/UnityEditor.TestRunner/TestRun/Tasks/Platform/PlatformSpecificSetupTask.cs using Guid(49284fdc918b491aa9f4439e6cc59c9c) Importer(2089858483,b0f066a214c2f5e87bad3c948f4d605d) (ScriptedImporter) -> (artifact id: '1b829728238cfee3c484ab4ad247a533') in 0.0132695 seconds
Number of updated asset objects reloaded before import = 0Number of asset objects unloaded after import = 0

========================================================================
Received Import Request.
  Time since last request: 0.000030 seconds.
  path: Packages/com.unity.mathematics/Tests/Properties
  artifactKey: Guid(749a3b666b115be46b00490e7232fb1b) Importer(2089858483,b0f066a214c2f5e87bad3c948f4d605d)
Start importing Packages/com.unity.mathematics/Tests/Properties using Guid(749a3b666b115be46b00490e7232fb1b) Importer(2089858483,b0f066a214c2f5e87bad3c948f4d605d) (ScriptedImporter) -> (artifact id: '3144331be42fc4bb89d2272bf339eb97') in 0.0122782 seconds
Number of updated asset objects reloaded before import = 0Number of asset objects unloaded after import = 1

========================================================================
Received Import Request.
  Time since last request: 0.000019 seconds.
  path: Packages/com.unity.collections/Unity.Collections.Tests/NativeReferenceTests.cs
  artifactKey: Guid(b737b50d5785388458f6bc50c9dfa8ea) Importer(2089858483,b0f066a214c2f5e87bad3c948f4d605d)
Start importing Packages/com.unity.collections/Unity.Collections.Tests/NativeReferenceTests.cs using Guid(b737b50d5785388458f6bc50c9dfa8ea) Importer(2089858483,b0f066a214c2f5e87bad3c948f4d605d) (ScriptedImporter) -> (artifact id: '9b3f4f2a1f1f87aabf15473b8c43d799') in 0.0134385 seconds
Number of updated asset objects reloaded before import = 0Number of asset objects unloaded after import = 0

========================================================================
Received Import Request.
  Time since last request: 0.000054 seconds.
  path: Packages/com.unity.transport/Runtime/StreamSegmentationParameters.cs
  artifactKey: Guid(8c93b0d5e2617504db26322f9a959f53) Importer(2089858483,b0f066a214c2f5e87bad3c948f4d605d)
Start importing Packages/com.unity.transport/Runtime/StreamSegmentationParameters.cs using Guid(8c93b0d5e2617504db26322f9a959f53) Importer(2089858483,b0f066a214c2f5e87bad3c948f4d605d) (ScriptedImporter) -> (artifact id: '793668d76c92b6b533bc100b300b08ae') in 0.0130024 seconds
Number of updated asset objects reloaded before import = 0Number of asset objects unloaded after import = 0

========================================================================
Received Import Request.
  Time since last request: 0.000027 seconds.
  path: Packages/com.unity.netcode.gameobjects/Tests/Runtime/DocumentationCodeSamples/NetworkVariable/CustomSerializationDocsTests.cs
  artifactKey: Guid(22820b0916e341ddbcadc50030dc5f60) Importer(2089858483,b0f066a214c2f5e87bad3c948f4d605d)
Start importing Packages/com.unity.netcode.gameobjects/Tests/Runtime/DocumentationCodeSamples/NetworkVariable/CustomSerializationDocsTests.cs using Guid(22820b0916e341ddbcadc50030dc5f60) Importer(2089858483,b0f066a214c2f5e87bad3c948f4d605d) (ScriptedImporter) -> (artifact id: '5f44fd04fdd78d58b654dc73ac7284bc') in 0.0119966 seconds
Number of updated asset objects reloaded before import = 0Number of asset objects unloaded after import = 0

========================================================================
Received Import Request.
  Time since last request: 0.000041 seconds.
  path: Packages/com.unity.mathematics/Tests/Tests/Shared/TestUint4x3.gen.cs
  artifactKey: Guid(2459d4a10dea40e469cb5f05b3fa80c2) Importer(2089858483,b0f066a214c2f5e87bad3c948f4d605d)
Start importing Packages/com.unity.mathematics/Tests/Tests/Shared/TestUint4x3.gen.cs using Guid(2459d4a10dea40e469cb5f05b3fa80c2) Importer(2089858483,b0f066a214c2f5e87bad3c948f4d605d) (ScriptedImporter) -> (artifact id: '0b0c7c41e2da61d3564e2388ece6fb64') in 0.0142542 seconds
Number of updated asset objects reloaded before import = 0Number of asset objects unloaded after import = 0

========================================================================
Received Import Request.
  Time since last request: 0.000021 seconds.
  path: Packages/com.unity.mathematics/Tests/Tests/Shared/TestInt3x2.gen.cs
  artifactKey: Guid(a70be02e3e9e4764494cdb824f94da34) Importer(2089858483,b0f066a214c2f5e87bad3c948f4d605d)
Start importing Packages/com.unity.mathematics/Tests/Tests/Shared/TestInt3x2.gen.cs using Guid(a70be02e3e9e4764494cdb824f94da34) Importer(2089858483,b0f066a214c2f5e87bad3c948f4d605d) (ScriptedImporter) -> (artifact id: 'd0a59f18ee3bd8edba6fbc41b140eaa1') in 0.0136471 seconds
Number of updated asset objects reloaded before import = 0Number of asset objects unloaded after import = 0

========================================================================
Received Import Request.
  Time since last request: 0.000018 seconds.
  path: Packages/com.unity.test-framework/UnityEditor.TestRunner/TestLaunchers
  artifactKey: Guid(d64d92e4f04a13e4b99ea8d48e9e8ae9) Importer(2089858483,b0f066a214c2f5e87bad3c948f4d605d)
Start importing Packages/com.unity.test-framework/UnityEditor.TestRunner/TestLaunchers using Guid(d64d92e4f04a13e4b99ea8d48e9e8ae9) Importer(2089858483,b0f066a214c2f5e87bad3c948f4d605d) (ScriptedImporter) -> (artifact id: '9913e18c400dd0a5d89c94a774b9fbaa') in 0.01206 seconds
Number of updated asset objects reloaded before import = 0Number of asset objects unloaded after import = 1

========================================================================
Received Import Request.
  Time since last request: 0.000052 seconds.
  path: Packages/com.unity.mathematics/Unity.Mathematics/Noise
  artifactKey: Guid(abc6c021d7cd541b3956a3969c8c3ccb) Importer(2089858483,b0f066a214c2f5e87bad3c948f4d605d)
Start importing Packages/com.unity.mathematics/Unity.Mathematics/Noise using Guid(abc6c021d7cd541b3956a3969c8c3ccb) Importer(2089858483,b0f066a214c2f5e87bad3c948f4d605d) (ScriptedImporter) -> (artifact id: '235e2353f9fc971bde98e107f74af6b8') in 0.01536 seconds
Number of updated asset objects reloaded before import = 0Number of asset objects unloaded after import = 1

========================================================================
Received Import Request.
  Time since last request: 0.000019 seconds.
  path: Packages/com.unity.test-framework/UnityEngine.TestRunner/NUnitExtensions/Filters/NonExplicitFilter.cs
  artifactKey: Guid(e948790d8b7e42e2abef6c45c5bc4c76) Importer(2089858483,b0f066a214c2f5e87bad3c948f4d605d)
Start importing Packages/com.unity.test-framework/UnityEngine.TestRunner/NUnitExtensions/Filters/NonExplicitFilter.cs using Guid(e948790d8b7e42e2abef6c45c5bc4c76) Importer(2089858483,b0f066a214c2f5e87bad3c948f4d605d) (ScriptedImporter) -> (artifact id: '6ba4543f86b5fd01fcd8c6f1c46719b6') in 0.0121804 seconds
Number of updated asset objects reloaded before import = 0Number of asset objects unloaded after import = 0

========================================================================
Received Import Request.
  Time since last request: 0.000050 seconds.
  path: Packages/com.unity.netcode.gameobjects/Runtime/Connection
  artifactKey: Guid(c7155f1167eb96846aab2132b37c2815) Importer(2089858483,b0f066a214c2f5e87bad3c948f4d605d)
Start importing Packages/com.unity.netcode.gameobjects/Runtime/Connection using Guid(c7155f1167eb96846aab2132b37c2815) Importer(2089858483,b0f066a214c2f5e87bad3c948f4d605d) (ScriptedImporter) -> (artifact id: '92027f0fc8363c10975b5382ddf0fb5a') in 0.0114698 seconds
Number of updated asset objects reloaded before import = 0Number of asset objects unloaded after import = 1

========================================================================
Received Import Request.
  Time since last request: 0.000087 seconds.
  path: Packages/com.unity.burst/Runtime/BurstExecutionEnvironment.cs
  artifactKey: Guid(b85cbcd785ff3b1597b89eb2c453f4fe) Importer(2089858483,b0f066a214c2f5e87bad3c948f4d605d)
Start importing Packages/com.unity.burst/Runtime/BurstExecutionEnvironment.cs using Guid(b85cbcd785ff3b1597b89eb2c453f4fe) Importer(2089858483,b0f066a214c2f5e87bad3c948f4d605d) (ScriptedImporter) -> (artifact id: '93c40a88232c4984b23621212fd7f313') in 0.0140692 seconds
Number of updated asset objects reloaded before import = 0Number of asset objects unloaded after import = 0

========================================================================
Received Import Request.
  Time since last request: 0.000052 seconds.
  path: Packages/com.unity.test-framework/UnityEditor.TestRunner/TestRun/Tasks/BuildNUnitFilterTask.cs
  artifactKey: Guid(5640d0c51961421997c9f36f0ec45480) Importer(2089858483,b0f066a214c2f5e87bad3c948f4d605d)
Start importing Packages/com.unity.test-framework/UnityEditor.TestRunner/TestRun/Tasks/BuildNUnitFilterTask.cs using Guid(5640d0c51961421997c9f36f0ec45480) Importer(2089858483,b0f066a214c2f5e87bad3c948f4d605d) (ScriptedImporter) -> (artifact id: '36ed6d9c0b958776534103e30bfea46f') in 0.0119083 seconds
Number of updated asset objects reloaded before import = 0Number of asset objects unloaded after import = 0

========================================================================
Received Import Request.
  Time since last request: 0.000051 seconds.
  path: Packages/com.unity.test-framework/UnityEngine.TestRunner/Utils/PostBuildCleanupWithTestDataAttribute.cs
  artifactKey: Guid(e440d63dae5d049ca83c823c9f246b17) Importer(2089858483,b0f066a214c2f5e87bad3c948f4d605d)
Start importing Packages/com.unity.test-framework/UnityEngine.TestRunner/Utils/PostBuildCleanupWithTestDataAttribute.cs using Guid(e440d63dae5d049ca83c823c9f246b17) Importer(2089858483,b0f066a214c2f5e87bad3c948f4d605d) (ScriptedImporter) -> (artifact id: '1902fa7e93fa78e2cc6f12524866f41e') in 0.0144456 seconds
Number of updated asset objects reloaded before import = 0Number of asset objects unloaded after import = 0

========================================================================
Received Import Request.
  Time since last request: 0.000033 seconds.
  path: Packages/com.unity.netcode.gameobjects/Tests/Runtime/TestHelpers/Components
  artifactKey: Guid(19fbc3f43e13a9144a9c66c68a1c43c1) Importer(2089858483,b0f066a214c2f5e87bad3c948f4d605d)
Start importing Packages/com.unity.netcode.gameobjects/Tests/Runtime/TestHelpers/Components using Guid(19fbc3f43e13a9144a9c66c68a1c43c1) Importer(2089858483,b0f066a214c2f5e87bad3c948f4d605d) (ScriptedImporter) -> (artifact id: 'c56308607d93d1ce9aa8ce2f741730eb') in 0.0132713 seconds
Number of updated asset objects reloaded before import = 0Number of asset objects unloaded after import = 1

========================================================================
Received Import Request.
  Time since last request: 0.000025 seconds.
  path: Packages/com.unity.test-framework/UnityEditor.TestRunner/CommandLineTest/LogSavingCallbacks.cs
  artifactKey: Guid(8d20eedbe40f0ce41a4c4f633f225de8) Importer(2089858483,b0f066a214c2f5e87bad3c948f4d605d)
Start importing Packages/com.unity.test-framework/UnityEditor.TestRunner/CommandLineTest/LogSavingCallbacks.cs using Guid(8d20eedbe40f0ce41a4c4f633f225de8) Importer(2089858483,b0f066a214c2f5e87bad3c948f4d605d) (ScriptedImporter) -> (artifact id: '964a93a3dd7df93d6ea5524b1d26daf7') in 0.0135459 seconds
Number of updated asset objects reloaded before import = 0Number of asset objects unloaded after import = 0

========================================================================
Received Import Request.
  Time since last request: 0.000103 seconds.
  path: Packages/com.unity.ext.nunit
  artifactKey: Guid(aa43149513e0d0ab612ac9968c8a459c) Importer(2089858483,b0f066a214c2f5e87bad3c948f4d605d)
Start importing Packages/com.unity.ext.nunit using Guid(aa43149513e0d0ab612ac9968c8a459c) Importer(2089858483,b0f066a214c2f5e87bad3c948f4d605d) (ScriptedImporter) -> (artifact id: '9b16922a4eeb4bec6c1e5935b2ae39e4') in 0.0112518 seconds
Number of updated asset objects reloaded before import = 0Number of asset objects unloaded after import = 1

========================================================================
Received Import Request.
  Time since last request: 0.000024 seconds.
  path: Packages/com.unity.burst/Runtime/SafeStringArrayHelper.cs
  artifactKey: Guid(7273d19b0a90368f9cf1cc0ebff15acf) Importer(2089858483,b0f066a214c2f5e87bad3c948f4d605d)
Start importing Packages/com.unity.burst/Runtime/SafeStringArrayHelper.cs using Guid(7273d19b0a90368f9cf1cc0ebff15acf) Importer(2089858483,b0f066a214c2f5e87bad3c948f4d605d) (ScriptedImporter) -> (artifact id: 'fa1d8e6313012e2032c1138ccc28a9ef') in 0.0161369 seconds
Number of updated asset objects reloaded before import = 0Number of asset objects unloaded after import = 0

========================================================================
Received Import Request.
  Time since last request: 0.000019 seconds.
  path: Packages/com.unity.mathematics/Unity.Mathematics/Properties/AssemblyInfo.cs
  artifactKey: Guid(fb0d7ffc71c40bd49a849e6427f80cb5) Importer(2089858483,b0f066a214c2f5e87bad3c948f4d605d)
Start importing Packages/com.unity.mathematics/Unity.Mathematics/Properties/AssemblyInfo.cs using Guid(fb0d7ffc71c40bd49a849e6427f80cb5) Importer(2089858483,b0f066a214c2f5e87bad3c948f4d605d) (ScriptedImporter) -> (artifact id: '13ce9e2b6d187063215c3a53e0368ceb') in 0.0111602 seconds
Number of updated asset objects reloaded before import = 0Number of asset objects unloaded after import = 0

========================================================================
Received Import Request.
  Time since last request: 0.000031 seconds.
  path: Packages/com.unity.netcode.gameobjects/Tests/Runtime/Components
  artifactKey: Guid(09f6601e441556642ab8217941b24e5c) Importer(2089858483,b0f066a214c2f5e87bad3c948f4d605d)
Start importing Packages/com.unity.netcode.gameobjects/Tests/Runtime/Components using Guid(09f6601e441556642ab8217941b24e5c) Importer(2089858483,b0f066a214c2f5e87bad3c948f4d605d) (ScriptedImporter) -> (artifact id: 'b64f3376f350602de5ec69c803c88762') in 0.0121579 seconds
Number of updated asset objects reloaded before import = 0Number of asset objects unloaded after import = 1

========================================================================
Received Import Request.
  Time since last request: 0.000038 seconds.
  path: Packages/com.unity.netcode.gameobjects/Runtime/Timing/RealTimeProvider.cs
  artifactKey: Guid(5aa5470767d64d8e89ac69ff52a8c404) Importer(2089858483,b0f066a214c2f5e87bad3c948f4d605d)
Start importing Packages/com.unity.netcode.gameobjects/Runtime/Timing/RealTimeProvider.cs using Guid(5aa5470767d64d8e89ac69ff52a8c404) Importer(2089858483,b0f066a214c2f5e87bad3c948f4d605d) (ScriptedImporter) -> (artifact id: 'bceb2941b0ec37822e7fb8436388574d') in 0.0146726 seconds
Number of updated asset objects reloaded before import = 0Number of asset objects unloaded after import = 0

========================================================================
Received Import Request.
  Time since last request: 0.000026 seconds.
  path: Packages/com.unity.test-framework/UnityEngine.TestRunner/NUnitExtensions/Filters/FullNameFilter.cs
  artifactKey: Guid(f07fb40f4e944ebeb84eb8f8a6bb5b13) Importer(2089858483,b0f066a214c2f5e87bad3c948f4d605d)
Start importing Packages/com.unity.test-framework/UnityEngine.TestRunner/NUnitExtensions/Filters/FullNameFilter.cs using Guid(f07fb40f4e944ebeb84eb8f8a6bb5b13) Importer(2089858483,b0f066a214c2f5e87bad3c948f4d605d) (ScriptedImporter) -> (artifact id: '804e2dcab2216777821a778564627a0a') in 0.0124321 seconds
Number of updated asset objects reloaded before import = 0Number of asset objects unloaded after import = 0

========================================================================
Received Import Request.
  Time since last request: 0.000191 seconds.
  path: Packages/com.unity.collections/Unity.Collections.Tests/FixedStringCultureTests.cs
  artifactKey: Guid(e63bf9a80e1c4f6fa05404f9afe1bb32) Importer(2089858483,b0f066a214c2f5e87bad3c948f4d605d)
Start importing Packages/com.unity.collections/Unity.Collections.Tests/FixedStringCultureTests.cs using Guid(e63bf9a80e1c4f6fa05404f9afe1bb32) Importer(2089858483,b0f066a214c2f5e87bad3c948f4d605d) (ScriptedImporter) -> (artifact id: '80448ce20425b428531996a309cae60d') in 0.0112788 seconds
Number of updated asset objects reloaded before import = 0Number of asset objects unloaded after import = 0

========================================================================
Received Import Request.
  Time since last request: 0.000074 seconds.
  path: Packages/com.unity.netcode.gameobjects/Tests/Editor/Unity.Netcode.Editor.Tests.asmdef
  artifactKey: Guid(072b82e2b7c1dcf439827d3fbc4f52a1) Importer(2089858483,b0f066a214c2f5e87bad3c948f4d605d)
Start importing Packages/com.unity.netcode.gameobjects/Tests/Editor/Unity.Netcode.Editor.Tests.asmdef using Guid(072b82e2b7c1dcf439827d3fbc4f52a1) Importer(2089858483,b0f066a214c2f5e87bad3c948f4d605d) (ScriptedImporter) -> (artifact id: 'baa027ceb0a0576e6c133d822f10463e') in 0.0155581 seconds
Number of updated asset objects reloaded before import = 0Number of asset objects unloaded after import = 1

========================================================================
Received Import Request.
  Time since last request: 0.000023 seconds.
  path: Packages/com.unity.test-framework/UnityEditor.TestRunner/TestRun/Tasks/Player
  artifactKey: Guid(94a6220ee1a442249702c9df66e0fe1b) Importer(2089858483,b0f066a214c2f5e87bad3c948f4d605d)
Start importing Packages/com.unity.test-framework/UnityEditor.TestRunner/TestRun/Tasks/Player using Guid(94a6220ee1a442249702c9df66e0fe1b) Importer(2089858483,b0f066a214c2f5e87bad3c948f4d605d) (ScriptedImporter) -> (artifact id: '8223b27b1bc724aebf9d36bb91013316') in 0.0142733 seconds
Number of updated asset objects reloaded before import = 0Number of asset objects unloaded after import = 1

========================================================================
Received Import Request.
  Time since last request: 0.000019 seconds.
  path: Packages/com.unity.burst/Runtime/BurstCompileAttribute.cs
  artifactKey: Guid(c0bbf37c91f333828d3f05b922bc839d) Importer(2089858483,b0f066a214c2f5e87bad3c948f4d605d)
Start importing Packages/com.unity.burst/Runtime/BurstCompileAttribute.cs using Guid(c0bbf37c91f333828d3f05b922bc839d) Importer(2089858483,b0f066a214c2f5e87bad3c948f4d605d) (ScriptedImporter) -> (artifact id: 'ae9ec16731ec59470b9ad4927a196a0a') in 0.0122249 seconds
Number of updated asset objects reloaded before import = 0Number of asset objects unloaded after import = 0

========================================================================
Received Import Request.
  Time since last request: 0.000036 seconds.
  path: Packages/com.unity.mathematics/Unity.Mathematics/bool2x2.gen.cs
  artifactKey: Guid(466955346f18d45f1811f3683f9cf707) Importer(2089858483,b0f066a214c2f5e87bad3c948f4d605d)
Start importing Packages/com.unity.mathematics/Unity.Mathematics/bool2x2.gen.cs using Guid(466955346f18d45f1811f3683f9cf707) Importer(2089858483,b0f066a214c2f5e87bad3c948f4d605d) (ScriptedImporter) -> (artifact id: 'dffa526c16c944d16e402529d48c6685') in 0.0120178 seconds
Number of updated asset objects reloaded before import = 0Number of asset objects unloaded after import = 0

========================================================================
Received Import Request.
  Time since last request: 0.000052 seconds.
  path: Packages/com.unity.test-framework/UnityEditor.TestRunner/GUI/Controls/SelectionDropDown.cs
  artifactKey: Guid(f8f9b43d4e034c2d997f4eb6a0d85a96) Importer(2089858483,b0f066a214c2f5e87bad3c948f4d605d)
Start importing Packages/com.unity.test-framework/UnityEditor.TestRunner/GUI/Controls/SelectionDropDown.cs using Guid(f8f9b43d4e034c2d997f4eb6a0d85a96) Importer(2089858483,b0f066a214c2f5e87bad3c948f4d605d) (ScriptedImporter) -> (artifact id: '41fc7b890fc447ff9718b9ceb9bed7fd') in 0.0148299 seconds
Number of updated asset objects reloaded before import = 0Number of asset objects unloaded after import = 0

========================================================================
Received Import Request.
  Time since last request: 0.000026 seconds.
  path: Packages/com.unity.test-framework/UnityEngine.TestRunner/Assertions/ConstraintsExtensions.cs
  artifactKey: Guid(68a48d1900320ed458e118415857faf6) Importer(2089858483,b0f066a214c2f5e87bad3c948f4d605d)
Start importing Packages/com.unity.test-framework/UnityEngine.TestRunner/Assertions/ConstraintsExtensions.cs using Guid(68a48d1900320ed458e118415857faf6) Importer(2089858483,b0f066a214c2f5e87bad3c948f4d605d) (ScriptedImporter) -> (artifact id: '20a1bcceea4d9623a45bcc38b0b1a147') in 0.0130326 seconds
Number of updated asset objects reloaded before import = 0Number of asset objects unloaded after import = 0

========================================================================
Received Import Request.
  Time since last request: 0.000028 seconds.
  path: Packages/com.unity.netcode.gameobjects/Tests/Runtime/Prefabs/NetworkPrefabHandlerSynchronizationTests.cs
  artifactKey: Guid(63f7e166459749bfbbf88e5b82ab917d) Importer(2089858483,b0f066a214c2f5e87bad3c948f4d605d)
Start importing Packages/com.unity.netcode.gameobjects/Tests/Runtime/Prefabs/NetworkPrefabHandlerSynchronizationTests.cs using Guid(63f7e166459749bfbbf88e5b82ab917d) Importer(2089858483,b0f066a214c2f5e87bad3c948f4d605d) (ScriptedImporter) -> (artifact id: '1806a95e5ee70aacea84689577d55dd4') in 0.0131742 seconds
Number of updated asset objects reloaded before import = 0Number of asset objects unloaded after import = 0

========================================================================
Received Import Request.
  Time since last request: 0.000034 seconds.
  path: Packages/com.unity.netcode.gameobjects/Editor/Configuration
  artifactKey: Guid(b2f70916f7024c66aa5dfe1e43c151a2) Importer(2089858483,b0f066a214c2f5e87bad3c948f4d605d)
Start importing Packages/com.unity.netcode.gameobjects/Editor/Configuration using Guid(b2f70916f7024c66aa5dfe1e43c151a2) Importer(2089858483,b0f066a214c2f5e87bad3c948f4d605d) (ScriptedImporter) -> (artifact id: '443907722df961b52ce831df67799b88') in 0.0120299 seconds
Number of updated asset objects reloaded before import = 0Number of asset objects unloaded after import = 1

========================================================================
Received Import Request.
  Time since last request: 0.000028 seconds.
  path: Packages/com.unity.test-framework/UnityEditor.TestRunner/TestRunnerWindowSettings.cs
  artifactKey: Guid(2b301b727225f1941974d69e61a55620) Importer(2089858483,b0f066a214c2f5e87bad3c948f4d605d)
Start importing Packages/com.unity.test-framework/UnityEditor.TestRunner/TestRunnerWindowSettings.cs using Guid(2b301b727225f1941974d69e61a55620) Importer(2089858483,b0f066a214c2f5e87bad3c948f4d605d) (ScriptedImporter) -> (artifact id: '8120eabb5c54046abe670437195395b4') in 0.0134666 seconds
Number of updated asset objects reloaded before import = 0Number of asset objects unloaded after import = 0

========================================================================
Received Import Request.
  Time since last request: 0.000029 seconds.
  path: Packages/com.unity.netcode.gameobjects/Tests/Runtime/TestHelpers/MessageHooksConditional.cs
  artifactKey: Guid(2a97b3c56f3b2ba42a0669716e81674f) Importer(2089858483,b0f066a214c2f5e87bad3c948f4d605d)
Start importing Packages/com.unity.netcode.gameobjects/Tests/Runtime/TestHelpers/MessageHooksConditional.cs using Guid(2a97b3c56f3b2ba42a0669716e81674f) Importer(2089858483,b0f066a214c2f5e87bad3c948f4d605d) (ScriptedImporter) -> (artifact id: '46f2b453eb91e6748ca6a551af6fdd50') in 0.0143368 seconds
Number of updated asset objects reloaded before import = 0Number of asset objects unloaded after import = 0

========================================================================
Received Import Request.
  Time since last request: 0.000039 seconds.
  path: Packages/com.unity.netcode.gameobjects/Runtime/Messaging/Messages/ChangeOwnershipMessage.cs
  artifactKey: Guid(841becdc46b20d5408a81bc30ac950f9) Importer(2089858483,b0f066a214c2f5e87bad3c948f4d605d)
Start importing Packages/com.unity.netcode.gameobjects/Runtime/Messaging/Messages/ChangeOwnershipMessage.cs using Guid(841becdc46b20d5408a81bc30ac950f9) Importer(2089858483,b0f066a214c2f5e87bad3c948f4d605d) (ScriptedImporter) -> (artifact id: 'f0d7a45a189a3249cf0463389a0ec937') in 0.0135191 seconds
Number of updated asset objects reloaded before import = 0Number of asset objects unloaded after import = 0

========================================================================
Received Import Request.
  Time since last request: 0.000046 seconds.
  path: Packages/com.unity.test-framework/UnityEditor.TestRunner/TestLaunchers/PlatformSetup/LuminPlatformSetup.cs
  artifactKey: Guid(c38ae0585d6a55042a2d678330689685) Importer(2089858483,b0f066a214c2f5e87bad3c948f4d605d)
Start importing Packages/com.unity.test-framework/UnityEditor.TestRunner/TestLaunchers/PlatformSetup/LuminPlatformSetup.cs using Guid(c38ae0585d6a55042a2d678330689685) Importer(2089858483,b0f066a214c2f5e87bad3c948f4d605d) (ScriptedImporter) -> (artifact id: 'f2b28de92714e6a56c1b89584c6ca52e') in 0.0123473 seconds
Number of updated asset objects reloaded before import = 0Number of asset objects unloaded after import = 0

========================================================================
Received Import Request.
  Time since last request: 0.000049 seconds.
  path: Packages/com.unity.collections/Unity.Collections.PerformanceTests/Unity.PerformanceTesting.Benchmark/README.md
  artifactKey: Guid(2e3a7e16dc0bd2346a2514dd143105a9) Importer(2089858483,b0f066a214c2f5e87bad3c948f4d605d)
Start importing Packages/com.unity.collections/Unity.Collections.PerformanceTests/Unity.PerformanceTesting.Benchmark/README.md using Guid(2e3a7e16dc0bd2346a2514dd143105a9) Importer(2089858483,b0f066a214c2f5e87bad3c948f4d605d) (ScriptedImporter) -> (artifact id: '2303b2e90ba12640910c4daca12c6d65') in 0.0125786 seconds
Number of updated asset objects reloaded before import = 0Number of asset objects unloaded after import = 1

========================================================================
Received Import Request.
  Time since last request: 0.000034 seconds.
  path: Packages/com.unity.test-framework/UnityEditor.TestRunner/CommandLineTest/ResultsSavingCallbacks.cs
  artifactKey: Guid(ef563c5a6ecf64d4193dc144cb7d472a) Importer(2089858483,b0f066a214c2f5e87bad3c948f4d605d)
Start importing Packages/com.unity.test-framework/UnityEditor.TestRunner/CommandLineTest/ResultsSavingCallbacks.cs using Guid(ef563c5a6ecf64d4193dc144cb7d472a) Importer(2089858483,b0f066a214c2f5e87bad3c948f4d605d) (ScriptedImporter) -> (artifact id: 'eb3d7ecbc5a7103c479a2a1904a69ad1') in 0.0144015 seconds
Number of updated asset objects reloaded before import = 0Number of asset objects unloaded after import = 0

========================================================================
Received Import Request.
  Time since last request: 0.000067 seconds.
  path: Packages/com.unity.nuget.mono-cecil/package.json
  artifactKey: Guid(17a4fd582bf2d47479cf5c1508ca82c6) Importer(2089858483,b0f066a214c2f5e87bad3c948f4d605d)
Start importing Packages/com.unity.nuget.mono-cecil/package.json using Guid(17a4fd582bf2d47479cf5c1508ca82c6) Importer(2089858483,b0f066a214c2f5e87bad3c948f4d605d) (ScriptedImporter) -> (artifact id: 'dee57b92d199692dc629cf2ef64cde10') in 0.0137327 seconds
Number of updated asset objects reloaded before import = 0Number of asset objects unloaded after import = 1

========================================================================
Received Import Request.
  Time since last request: 0.000019 seconds.
  path: Packages/com.unity.collections/Unity.Collections.Tests/NativeSortTests.tt
  artifactKey: Guid(175a9e4a17bf01748b02c5c1c653d091) Importer(2089858483,b0f066a214c2f5e87bad3c948f4d605d)
Start importing Packages/com.unity.collections/Unity.Collections.Tests/NativeSortTests.tt using Guid(175a9e4a17bf01748b02c5c1c653d091) Importer(2089858483,b0f066a214c2f5e87bad3c948f4d605d) (ScriptedImporter) -> (artifact id: 'b80256a42eaa59c5108f79b85434f577') in 0.012862 seconds
Number of updated asset objects reloaded before import = 0Number of asset objects unloaded after import = 1

========================================================================
Received Import Request.
  Time since last request: 0.000056 seconds.
  path: Packages/com.unity.netcode.gameobjects/Tests/Runtime/Rpc/RpcTests.cs
  artifactKey: Guid(46681ff78c6154f87acf5e1cccbfc0e1) Importer(2089858483,b0f066a214c2f5e87bad3c948f4d605d)
Start importing Packages/com.unity.netcode.gameobjects/Tests/Runtime/Rpc/RpcTests.cs using Guid(46681ff78c6154f87acf5e1cccbfc0e1) Importer(2089858483,b0f066a214c2f5e87bad3c948f4d605d) (ScriptedImporter) -> (artifact id: '9a7fce3dfca13513a936b8f1326538f5') in 0.0137581 seconds
Number of updated asset objects reloaded before import = 0Number of asset objects unloaded after import = 0

========================================================================
Received Import Request.
  Time since last request: 0.000026 seconds.
  path: Packages/com.unity.transport/Editor/RoslynAnalyzerFix.cs
  artifactKey: Guid(598b7fc458f1fc44897caa0f3ac07e77) Importer(2089858483,b0f066a214c2f5e87bad3c948f4d605d)
Start importing Packages/com.unity.transport/Editor/RoslynAnalyzerFix.cs using Guid(598b7fc458f1fc44897caa0f3ac07e77) Importer(2089858483,b0f066a214c2f5e87bad3c948f4d605d) (ScriptedImporter) -> (artifact id: 'e79f58a1d8bbf97691795f251c2ed902') in 0.0131046 seconds
Number of updated asset objects reloaded before import = 0Number of asset objects unloaded after import = 0

========================================================================
Received Import Request.
  Time since last request: 0.000026 seconds.
  path: Packages/com.unity.mathematics/Unity.Mathematics/uint3x3.gen.cs
  artifactKey: Guid(c1262616ca00349c28426545d8525266) Importer(2089858483,b0f066a214c2f5e87bad3c948f4d605d)
Start importing Packages/com.unity.mathematics/Unity.Mathematics/uint3x3.gen.cs using Guid(c1262616ca00349c28426545d8525266) Importer(2089858483,b0f066a214c2f5e87bad3c948f4d605d) (ScriptedImporter) -> (artifact id: 'b9cd6e85dc05847e8daa33d195db295f') in 0.0148635 seconds
Number of updated asset objects reloaded before import = 0Number of asset objects unloaded after import = 0

========================================================================
Received Import Request.
  Time since last request: 0.000018 seconds.
  path: Packages/com.unity.burst/Runtime/Intrinsics/x86/Fma.cs
  artifactKey: Guid(4d7325591616354d86b1492e282843f4) Importer(2089858483,b0f066a214c2f5e87bad3c948f4d605d)
Start importing Packages/com.unity.burst/Runtime/Intrinsics/x86/Fma.cs using Guid(4d7325591616354d86b1492e282843f4) Importer(2089858483,b0f066a214c2f5e87bad3c948f4d605d) (ScriptedImporter) -> (artifact id: '157e6d91bcf1d423760d406d83acae25') in 0.0114629 seconds
Number of updated asset objects reloaded before import = 0Number of asset objects unloaded after import = 0

========================================================================
Received Import Request.
  Time since last request: 0.000039 seconds.
  path: Packages/com.unity.test-framework/UnityEditor.TestRunner/TestLaunchers/Helpers/DelayedCallback.cs
  artifactKey: Guid(b9d121df8c444236a5b38ccfadfdd1a7) Importer(2089858483,b0f066a214c2f5e87bad3c948f4d605d)
Start importing Packages/com.unity.test-framework/UnityEditor.TestRunner/TestLaunchers/Helpers/DelayedCallback.cs using Guid(b9d121df8c444236a5b38ccfadfdd1a7) Importer(2089858483,b0f066a214c2f5e87bad3c948f4d605d) (ScriptedImporter) -> (artifact id: '459d2c41eae6076d00e5eb37ab9384f8') in 0.0142379 seconds
Number of updated asset objects reloaded before import = 0Number of asset objects unloaded after import = 0

========================================================================
Received Import Request.
  Time since last request: 0.000040 seconds.
  path: Packages/com.unity.test-framework/UnityEngine.TestRunner/Utils/ColorEqualityComparer.cs
  artifactKey: Guid(d6105bc8cf5ce544487daca4cbc62583) Importer(2089858483,b0f066a214c2f5e87bad3c948f4d605d)
Start importing Packages/com.unity.test-framework/UnityEngine.TestRunner/Utils/ColorEqualityComparer.cs using Guid(d6105bc8cf5ce544487daca4cbc62583) Importer(2089858483,b0f066a214c2f5e87bad3c948f4d605d) (ScriptedImporter) -> (artifact id: '2a531f2fd6cd95e4f49cd98790940275') in 0.0148318 seconds
Number of updated asset objects reloaded before import = 0Number of asset objects unloaded after import = 0

========================================================================
Received Import Request.
  Time since last request: 0.000058 seconds.
  path: Packages/com.unity.netcode.gameobjects/Runtime/Messaging/Messages/ConnectionApprovedMessage.cs
  artifactKey: Guid(ebbc74ce01b073340aa445f3bd59ff62) Importer(2089858483,b0f066a214c2f5e87bad3c948f4d605d)
Start importing Packages/com.unity.netcode.gameobjects/Runtime/Messaging/Messages/ConnectionApprovedMessage.cs using Guid(ebbc74ce01b073340aa445f3bd59ff62) Importer(2089858483,b0f066a214c2f5e87bad3c948f4d605d) (ScriptedImporter) -> (artifact id: '2d4c42ced87efc053f1c3aa7f5b24fde') in 0.0137169 seconds
Number of updated asset objects reloaded before import = 0Number of asset objects unloaded after import = 0

========================================================================
Received Import Request.
  Time since last request: 0.000048 seconds.
  path: Packages/com.unity.netcode.gameobjects/Runtime/Messaging/RpcTargets/IIndividualRpcTarget.cs
  artifactKey: Guid(c658d9641f564d9890bef4f558f1cea6) Importer(2089858483,b0f066a214c2f5e87bad3c948f4d605d)
Start importing Packages/com.unity.netcode.gameobjects/Runtime/Messaging/RpcTargets/IIndividualRpcTarget.cs using Guid(c658d9641f564d9890bef4f558f1cea6) Importer(2089858483,b0f066a214c2f5e87bad3c948f4d605d) (ScriptedImporter) -> (artifact id: 'a17387c25619964829de37ccdf9b023f') in 0.0146186 seconds
Number of updated asset objects reloaded before import = 0Number of asset objects unloaded after import = 0

========================================================================
Received Import Request.
  Time since last request: 0.000039 seconds.
  path: Packages/com.unity.netcode.gameobjects/Tests/Runtime/TestHelpers/MessageHooks.cs
  artifactKey: Guid(e860701e80ca3be4d8cb89d340faebd1) Importer(2089858483,b0f066a214c2f5e87bad3c948f4d605d)
Start importing Packages/com.unity.netcode.gameobjects/Tests/Runtime/TestHelpers/MessageHooks.cs using Guid(e860701e80ca3be4d8cb89d340faebd1) Importer(2089858483,b0f066a214c2f5e87bad3c948f4d605d) (ScriptedImporter) -> (artifact id: 'fc16d38e4abfc29ff80df2c6228ad4a3') in 0.0124899 seconds
Number of updated asset objects reloaded before import = 0Number of asset objects unloaded after import = 0

========================================================================
Received Import Request.
  Time since last request: 0.000024 seconds.
  path: Packages/com.unity.netcode.gameobjects/Tests/Runtime/NetworkTransform/NetworkTransformGeneral.cs
  artifactKey: Guid(7a69eaaf3c4b8464a93520a3514bf5e8) Importer(2089858483,b0f066a214c2f5e87bad3c948f4d605d)
Start importing Packages/com.unity.netcode.gameobjects/Tests/Runtime/NetworkTransform/NetworkTransformGeneral.cs using Guid(7a69eaaf3c4b8464a93520a3514bf5e8) Importer(2089858483,b0f066a214c2f5e87bad3c948f4d605d) (ScriptedImporter) -> (artifact id: '27e79c3e4c6bf411ed674d1c72d6e8b7') in 0.0136961 seconds
Number of updated asset objects reloaded before import = 0Number of asset objects unloaded after import = 0

========================================================================
Received Import Request.
  Time since last request: 0.000024 seconds.
  path: Packages/com.unity.netcode.gameobjects/Tests/Runtime/NetworkObject/NetworkObjectSpawnManyObjectsTests.cs
  artifactKey: Guid(4e0439aa2d2a72e4aa42b051d26af366) Importer(2089858483,b0f066a214c2f5e87bad3c948f4d605d)
Start importing Packages/com.unity.netcode.gameobjects/Tests/Runtime/NetworkObject/NetworkObjectSpawnManyObjectsTests.cs using Guid(4e0439aa2d2a72e4aa42b051d26af366) Importer(2089858483,b0f066a214c2f5e87bad3c948f4d605d) (ScriptedImporter) -> (artifact id: '66d4be8017b6effb9226d69c508700d0') in 0.0149805 seconds
Number of updated asset objects reloaded before import = 0Number of asset objects unloaded after import = 0

========================================================================
Received Import Request.
  Time since last request: 0.000028 seconds.
  path: Packages/com.unity.test-framework.performance/Runtime/Meters/IStopWatch.cs
  artifactKey: Guid(c9c6fc292cac43d7a2bc05803fd5f49f) Importer(2089858483,b0f066a214c2f5e87bad3c948f4d605d)
Start importing Packages/com.unity.test-framework.performance/Runtime/Meters/IStopWatch.cs using Guid(c9c6fc292cac43d7a2bc05803fd5f49f) Importer(2089858483,b0f066a214c2f5e87bad3c948f4d605d) (ScriptedImporter) -> (artifact id: 'f72f9d5c870935000440e5baaa051ec6') in 0.0111203 seconds
Number of updated asset objects reloaded before import = 0Number of asset objects unloaded after import = 0

========================================================================
Received Import Request.
  Time since last request: 0.000044 seconds.
  path: Packages/com.unity.netcode.gameobjects/Tests/Runtime/Physics/RigidbodyContactEventManagerTests.cs
  artifactKey: Guid(6d002e232abdb5049aa3c4f5cc36292d) Importer(2089858483,b0f066a214c2f5e87bad3c948f4d605d)
Start importing Packages/com.unity.netcode.gameobjects/Tests/Runtime/Physics/RigidbodyContactEventManagerTests.cs using Guid(6d002e232abdb5049aa3c4f5cc36292d) Importer(2089858483,b0f066a214c2f5e87bad3c948f4d605d) (ScriptedImporter) -> (artifact id: 'b973c1d8a59e6eec5a8f377c6d95083f') in 0.0139123 seconds
Number of updated asset objects reloaded before import = 0Number of asset objects unloaded after import = 0

========================================================================
Received Import Request.
  Time since last request: 0.000052 seconds.
  path: Packages/com.unity.netcode.gameobjects/Runtime/NetworkVariable/Serialization/INetworkVariableSerializer.cs
  artifactKey: Guid(f78e258ef55f4ee89bc3f24d67b8d242) Importer(2089858483,b0f066a214c2f5e87bad3c948f4d605d)
Start importing Packages/com.unity.netcode.gameobjects/Runtime/NetworkVariable/Serialization/INetworkVariableSerializer.cs using Guid(f78e258ef55f4ee89bc3f24d67b8d242) Importer(2089858483,b0f066a214c2f5e87bad3c948f4d605d) (ScriptedImporter) -> (artifact id: '9b90dfeaf28f429544a3a1f2fda86e74') in 0.0165798 seconds
Number of updated asset objects reloaded before import = 0Number of asset objects unloaded after import = 0

========================================================================
Received Import Request.
  Time since last request: 0.000018 seconds.
  path: Packages/com.unity.test-framework/UnityEngine.TestRunner/Utils/TestRunCallbackListener.cs
  artifactKey: Guid(68f09f0f82599b5448579854e622a4c1) Importer(2089858483,b0f066a214c2f5e87bad3c948f4d605d)
Start importing Packages/com.unity.test-framework/UnityEngine.TestRunner/Utils/TestRunCallbackListener.cs using Guid(68f09f0f82599b5448579854e622a4c1) Importer(2089858483,b0f066a214c2f5e87bad3c948f4d605d) (ScriptedImporter) -> (artifact id: '05d739e55a9debd9791e7f20d779a01b') in 0.013502 seconds
Number of updated asset objects reloaded before import = 0Number of asset objects unloaded after import = 0

========================================================================
Received Import Request.
  Time since last request: 0.000026 seconds.
  path: Packages/com.unity.netcode.gameobjects/Runtime/Messaging/Messages/RpcMessages.cs
  artifactKey: Guid(f8fc9f8cca6a18b428460b62bce2d8f7) Importer(2089858483,b0f066a214c2f5e87bad3c948f4d605d)
Start importing Packages/com.unity.netcode.gameobjects/Runtime/Messaging/Messages/RpcMessages.cs using Guid(f8fc9f8cca6a18b428460b62bce2d8f7) Importer(2089858483,b0f066a214c2f5e87bad3c948f4d605d) (ScriptedImporter) -> (artifact id: 'abb7679861bf554696df07c837f8b6a8') in 0.0132685 seconds
Number of updated asset objects reloaded before import = 0Number of asset objects unloaded after import = 0

========================================================================
Received Import Request.
  Time since last request: 0.000034 seconds.
  path: Packages/com.unity.collections/Unity.Collections.Tests/NativeQueueTests_InJobs.cs
  artifactKey: Guid(54ed1315d43524f428aeb6d72cd16cc0) Importer(2089858483,b0f066a214c2f5e87bad3c948f4d605d)
Start importing Packages/com.unity.collections/Unity.Collections.Tests/NativeQueueTests_InJobs.cs using Guid(54ed1315d43524f428aeb6d72cd16cc0) Importer(2089858483,b0f066a214c2f5e87bad3c948f4d605d) (ScriptedImporter) -> (artifact id: '3746f04722d8a93697ba8f9f44bcb62d') in 0.0138213 seconds
Number of updated asset objects reloaded before import = 0Number of asset objects unloaded after import = 0

========================================================================
Received Import Request.
  Time since last request: 0.000047 seconds.
  path: Packages/com.unity.burst/Editor/BurstDisassembler.Core.ARM64.info.cs
  artifactKey: Guid(58bea487d1963bbab5d6d2ca5e5e495d) Importer(2089858483,b0f066a214c2f5e87bad3c948f4d605d)
Start importing Packages/com.unity.burst/Editor/BurstDisassembler.Core.ARM64.info.cs using Guid(58bea487d1963bbab5d6d2ca5e5e495d) Importer(2089858483,b0f066a214c2f5e87bad3c948f4d605d) (ScriptedImporter) -> (artifact id: '30b49039bfe3bf9cecc6570adc7fbbd1') in 0.0137857 seconds
Number of updated asset objects reloaded before import = 0Number of asset objects unloaded after import = 0

========================================================================
Received Import Request.
  Time since last request: 0.000027 seconds.
  path: Packages/com.unity.transport/Runtime/AssemblyInfo.cs
  artifactKey: Guid(4231ec648d4054f72a4a9cf3adb42c64) Importer(2089858483,b0f066a214c2f5e87bad3c948f4d605d)
Start importing Packages/com.unity.transport/Runtime/AssemblyInfo.cs using Guid(4231ec648d4054f72a4a9cf3adb42c64) Importer(2089858483,b0f066a214c2f5e87bad3c948f4d605d) (ScriptedImporter) -> (artifact id: '6d65c2ba4eb3916b6ac7fff09d968625') in 0.0097558 seconds
Number of updated asset objects reloaded before import = 0Number of asset objects unloaded after import = 0

========================================================================
Received Import Request.
  Time since last request: 0.000018 seconds.
  path: Packages/com.unity.test-framework/UnityEngine.TestRunner/TestRunner/TestTaskWrapper.cs
  artifactKey: Guid(5aec7938f118041779fb739b38477100) Importer(2089858483,b0f066a214c2f5e87bad3c948f4d605d)
Start importing Packages/com.unity.test-framework/UnityEngine.TestRunner/TestRunner/TestTaskWrapper.cs using Guid(5aec7938f118041779fb739b38477100) Importer(2089858483,b0f066a214c2f5e87bad3c948f4d605d) (ScriptedImporter) -> (artifact id: '5703d8215a78a3bfd3ebdcc88c22fc9e') in 0.0089309 seconds
Number of updated asset objects reloaded before import = 0Number of asset objects unloaded after import = 0

========================================================================
Received Import Request.
  Time since last request: 0.000020 seconds.
  path: Packages/com.unity.transport/Runtime/NetworkPipeline.cs
  artifactKey: Guid(261474cc1fff8d34e9e95e2f2dfdd7f5) Importer(2089858483,b0f066a214c2f5e87bad3c948f4d605d)
Start importing Packages/com.unity.transport/Runtime/NetworkPipeline.cs using Guid(261474cc1fff8d34e9e95e2f2dfdd7f5) Importer(2089858483,b0f066a214c2f5e87bad3c948f4d605d) (ScriptedImporter) -> (artifact id: 'ca356695ced85d35c0ddc9670ac91810') in 0.0110532 seconds
Number of updated asset objects reloaded before import = 0Number of asset objects unloaded after import = 0

========================================================================
Received Prepare
Refreshing native plugins compatible for Editor in 0.32 ms, found 0 plugins.
Preloading 0 native plugins for Editor in 0.00 ms.
Unloading 1 Unused Serialized files (Serialized files now loaded: 0)
Unloading 1419 unused Assets / (414.9 KB). Loaded Objects now: 2022.
Memory consumption went from 83.6 MB to 83.2 MB.
Total: 5.654400 ms (FindLiveObjects: 0.209300 ms CreateObjectMapping: 0.115100 ms MarkObjects: 4.819000 ms  DeleteObjects: 0.510100 ms)

Prepare: number of updated asset objects reloaded= 0
========================================================================
Received Import Request.
  Time since last request: 0.093626 seconds.
  path: Assets/NetworkPlayerController.cs
  artifactKey: Guid(6ce45f070b285ea4b8c6a075ef480488) Importer(815301076,1909f56bfc062723c751e8b465ee728b)
Start importing Assets/NetworkPlayerController.cs using Guid(6ce45f070b285ea4b8c6a075ef480488) Importer(815301076,1909f56bfc062723c751e8b465ee728b) (PreviewImporter) -> (artifact id: '71e128833905023fe09945864f06adbb') in 0.0011509 seconds
Number of updated asset objects reloaded before import = 0Number of asset objects unloaded after import = 0

========================================================================
Received Import Request.
  Time since last request: 0.450008 seconds.
  path: Packages/com.unity.netcode.gameobjects/Editor/CodeGen/RuntimeAccessModifiersILPP.cs
  artifactKey: Guid(2c9f2f4b03d774432be69d4c2f53bd2d) Importer(2089858483,b0f066a214c2f5e87bad3c948f4d605d)
Start importing Packages/com.unity.netcode.gameobjects/Editor/CodeGen/RuntimeAccessModifiersILPP.cs using Guid(2c9f2f4b03d774432be69d4c2f53bd2d) Importer(2089858483,b0f066a214c2f5e87bad3c948f4d605d) (ScriptedImporter) -> (artifact id: '26272bd29545431c0796c9a22965a616') in 0.025482 seconds
Number of updated asset objects reloaded before import = 0Number of asset objects unloaded after import = 0

========================================================================
Received Import Request.
  Time since last request: 0.000021 seconds.
  path: Packages/com.unity.test-framework/UnityEditor.TestRunner/TestRunner/Utils
  artifactKey: Guid(1f5bbb88ca730434483440cbc0278ef6) Importer(2089858483,b0f066a214c2f5e87bad3c948f4d605d)
Start importing Packages/com.unity.test-framework/UnityEditor.TestRunner/TestRunner/Utils using Guid(1f5bbb88ca730434483440cbc0278ef6) Importer(2089858483,b0f066a214c2f5e87bad3c948f4d605d) (ScriptedImporter) -> (artifact id: '681e04006d75d4bce476c0415d15bf13') in 0.0167221 seconds
Number of updated asset objects reloaded before import = 0Number of asset objects unloaded after import = 1

========================================================================
Received Import Request.
  Time since last request: 0.000272 seconds.
  path: Packages/com.unity.test-framework/UnityEngine.TestRunner/Utils/Utils.cs
  artifactKey: Guid(9502550ba4785e3499d6c9251fa2114b) Importer(2089858483,b0f066a214c2f5e87bad3c948f4d605d)
Start importing Packages/com.unity.test-framework/UnityEngine.TestRunner/Utils/Utils.cs using Guid(9502550ba4785e3499d6c9251fa2114b) Importer(2089858483,b0f066a214c2f5e87bad3c948f4d605d) (ScriptedImporter) -> (artifact id: 'ca3eb26a1c526108139e68ebd68c41e9') in 0.0169309 seconds
Number of updated asset objects reloaded before import = 0Number of asset objects unloaded after import = 0

========================================================================
Received Import Request.
  Time since last request: 0.000024 seconds.
  path: Packages/com.unity.test-framework/UnityEngine.TestRunner/NUnitExtensions/Attributes/UnityOneTimeTearDownAttribute.cs
  artifactKey: Guid(2a616b371596515498e05300b6598c6a) Importer(2089858483,b0f066a214c2f5e87bad3c948f4d605d)
Start importing Packages/com.unity.test-framework/UnityEngine.TestRunner/NUnitExtensions/Attributes/UnityOneTimeTearDownAttribute.cs using Guid(2a616b371596515498e05300b6598c6a) Importer(2089858483,b0f066a214c2f5e87bad3c948f4d605d) (ScriptedImporter) -> (artifact id: '1cbcfebd3a50bf8225f26f3457184d28') in 0.0220727 seconds
Number of updated asset objects reloaded before import = 0Number of asset objects unloaded after import = 0

========================================================================
Received Import Request.
  Time since last request: 0.000019 seconds.
  path: Packages/com.unity.transport/Runtime/Pipelines/UnreliableSequencedPipelineStage.cs
  artifactKey: Guid(7e08c23b1aba74c94b04b54b8ea39e80) Importer(2089858483,b0f066a214c2f5e87bad3c948f4d605d)
Start importing Packages/com.unity.transport/Runtime/Pipelines/UnreliableSequencedPipelineStage.cs using Guid(7e08c23b1aba74c94b04b54b8ea39e80) Importer(2089858483,b0f066a214c2f5e87bad3c948f4d605d) (ScriptedImporter) -> (artifact id: '043253aee91c043baba602798581178c') in 0.0158867 seconds
Number of updated asset objects reloaded before import = 0Number of asset objects unloaded after import = 0

========================================================================
Received Import Request.
  Time since last request: 0.000044 seconds.
  path: Packages/com.unity.collections/Unity.Collections/NativeHashSet.cs
  artifactKey: Guid(5823667af4bd5fd489bc1a1c24cad9d6) Importer(2089858483,b0f066a214c2f5e87bad3c948f4d605d)
Start importing Packages/com.unity.collections/Unity.Collections/NativeHashSet.cs using Guid(5823667af4bd5fd489bc1a1c24cad9d6) Importer(2089858483,b0f066a214c2f5e87bad3c948f4d605d) (ScriptedImporter) -> (artifact id: '3be7e275be49c081860cda1aa4c09713') in 0.0166943 seconds
Number of updated asset objects reloaded before import = 0Number of asset objects unloaded after import = 0

========================================================================
Received Import Request.
  Time since last request: 0.000063 seconds.
  path: Packages/com.unity.mathematics/Unity.Mathematics/half4.gen.cs
  artifactKey: Guid(a48ec2283f8d80e4b8d21c071400d3da) Importer(2089858483,b0f066a214c2f5e87bad3c948f4d605d)
Start importing Packages/com.unity.mathematics/Unity.Mathematics/half4.gen.cs using Guid(a48ec2283f8d80e4b8d21c071400d3da) Importer(2089858483,b0f066a214c2f5e87bad3c948f4d605d) (ScriptedImporter) -> (artifact id: '7164434deebd4e60c21a039f96fca04b') in 0.0216223 seconds
Number of updated asset objects reloaded before import = 0Number of asset objects unloaded after import = 0

========================================================================
Received Import Request.
  Time since last request: 0.000210 seconds.
  path: Packages/com.unity.test-framework/UnityEngine.TestRunner/Utils/Vector2EqualityComparer.cs
  artifactKey: Guid(58ad09607a0d62d458a78d7174665566) Importer(2089858483,b0f066a214c2f5e87bad3c948f4d605d)
Start importing Packages/com.unity.test-framework/UnityEngine.TestRunner/Utils/Vector2EqualityComparer.cs using Guid(58ad09607a0d62d458a78d7174665566) Importer(2089858483,b0f066a214c2f5e87bad3c948f4d605d) (ScriptedImporter) -> (artifact id: '5e2b204bd208527f27b64ec28e92cd06') in 0.0184922 seconds
Number of updated asset objects reloaded before import = 0Number of asset objects unloaded after import = 0

========================================================================
Received Import Request.
  Time since last request: 0.000536 seconds.
  path: Packages/com.unity.burst/Unity.Burst.CodeGen/Unity.Burst.Cecil.Mdb.dll
  artifactKey: Guid(74f442ba825df4d0483995eadabb1fd4) Importer(2089858483,b0f066a214c2f5e87bad3c948f4d605d)
Start importing Packages/com.unity.burst/Unity.Burst.CodeGen/Unity.Burst.Cecil.Mdb.dll using Guid(74f442ba825df4d0483995eadabb1fd4) Importer(2089858483,b0f066a214c2f5e87bad3c948f4d605d) (ScriptedImporter) -> (artifact id: 'ff3b00efb84a3ce81ba7bacb64bcccbc') in 0.0200828 seconds
Number of updated asset objects reloaded before import = 0Number of asset objects unloaded after import = 0

========================================================================
Received Import Request.
  Time since last request: 0.000017 seconds.
  path: Packages/com.unity.netcode.gameobjects/Editor/Configuration/NetworkPrefabsEditor.cs
  artifactKey: Guid(8d6d0919fa8ff41c9b1d1241256f7364) Importer(2089858483,b0f066a214c2f5e87bad3c948f4d605d)
Start importing Packages/com.unity.netcode.gameobjects/Editor/Configuration/NetworkPrefabsEditor.cs using Guid(8d6d0919fa8ff41c9b1d1241256f7364) Importer(2089858483,b0f066a214c2f5e87bad3c948f4d605d) (ScriptedImporter) -> (artifact id: '3b1ea45bd52e4257583684d1fa538ad5') in 0.0204659 seconds
Number of updated asset objects reloaded before import = 0Number of asset objects unloaded after import = 0

========================================================================
Received Import Request.
  Time since last request: 0.000019 seconds.
  path: Packages/com.unity.netcode.gameobjects
  artifactKey: Guid(bd458abd626512a3739d5d44a8f81bfe) Importer(2089858483,b0f066a214c2f5e87bad3c948f4d605d)
Start importing Packages/com.unity.netcode.gameobjects using Guid(bd458abd626512a3739d5d44a8f81bfe) Importer(2089858483,b0f066a214c2f5e87bad3c948f4d605d) (ScriptedImporter) -> (artifact id: 'b188e0a42545ff1783ec16d2bf60c58d') in 0.0158467 seconds
Number of updated asset objects reloaded before import = 0Number of asset objects unloaded after import = 1

========================================================================
Received Import Request.
  Time since last request: 0.000042 seconds.
  path: Packages/com.unity.netcode.gameobjects/Tests/Editor/Messaging/MessageVersioningTests.cs
  artifactKey: Guid(eac9a654aacb4faf91128c9ab6024543) Importer(2089858483,b0f066a214c2f5e87bad3c948f4d605d)
Start importing Packages/com.unity.netcode.gameobjects/Tests/Editor/Messaging/MessageVersioningTests.cs using Guid(eac9a654aacb4faf91128c9ab6024543) Importer(2089858483,b0f066a214c2f5e87bad3c948f4d605d) (ScriptedImporter) -> (artifact id: '7fa584b919279866d57ec2a4330f52a2') in 0.0245289 seconds
Number of updated asset objects reloaded before import = 0Number of asset objects unloaded after import = 0

========================================================================
Received Import Request.
  Time since last request: 0.000214 seconds.
  path: Packages/com.unity.transport/Runtime/Layers/TopLayer.cs
  artifactKey: Guid(a8de202a940b74467b0aaf93e345f598) Importer(2089858483,b0f066a214c2f5e87bad3c948f4d605d)
Start importing Packages/com.unity.transport/Runtime/Layers/TopLayer.cs using Guid(a8de202a940b74467b0aaf93e345f598) Importer(2089858483,b0f066a214c2f5e87bad3c948f4d605d) (ScriptedImporter) -> (artifact id: 'c06de8b6a148fc0843e397cdfdd84951') in 0.0191021 seconds
Number of updated asset objects reloaded before import = 0Number of asset objects unloaded after import = 0

========================================================================
Received Import Request.
  Time since last request: 0.000046 seconds.
  path: Packages/com.unity.burst/Runtime/NoAliasAttribute.cs
  artifactKey: Guid(2f57b979d8843d3a95743ba60e9c33e3) Importer(2089858483,b0f066a214c2f5e87bad3c948f4d605d)
Start importing Packages/com.unity.burst/Runtime/NoAliasAttribute.cs using Guid(2f57b979d8843d3a95743ba60e9c33e3) Importer(2089858483,b0f066a214c2f5e87bad3c948f4d605d) (ScriptedImporter) -> (artifact id: 'c3c1e2e02978e0bb506729d2a2dd1fca') in 0.0300379 seconds
Number of updated asset objects reloaded before import = 0Number of asset objects unloaded after import = 0

========================================================================
Received Import Request.
  Time since last request: 0.000236 seconds.
  path: Packages/com.unity.burst/Unity.Burst.CodeGen/Unity.Burst.Cecil.Rocks.dll
  artifactKey: Guid(fc89006ebb6404ae7b55bf130d290f91) Importer(2089858483,b0f066a214c2f5e87bad3c948f4d605d)
Start importing Packages/com.unity.burst/Unity.Burst.CodeGen/Unity.Burst.Cecil.Rocks.dll using Guid(fc89006ebb6404ae7b55bf130d290f91) Importer(2089858483,b0f066a214c2f5e87bad3c948f4d605d) (ScriptedImporter) -> (artifact id: 'fe3b2f2868e49f44af809621435ed914') in 0.0197358 seconds
Number of updated asset objects reloaded before import = 0Number of asset objects unloaded after import = 0

========================================================================
Received Import Request.
  Time since last request: 0.000248 seconds.
  path: Packages/com.unity.netcode.gameobjects/Tests/Runtime/NestedNetworkManagerTests.cs
  artifactKey: Guid(738f6d8fc9319fe42a986c2f43989642) Importer(2089858483,b0f066a214c2f5e87bad3c948f4d605d)
Start importing Packages/com.unity.netcode.gameobjects/Tests/Runtime/NestedNetworkManagerTests.cs using Guid(738f6d8fc9319fe42a986c2f43989642) Importer(2089858483,b0f066a214c2f5e87bad3c948f4d605d) (ScriptedImporter) -> (artifact id: 'd0c3fae138306ac06d0a15b78c607f6d') in 0.0177361 seconds
Number of updated asset objects reloaded before import = 0Number of asset objects unloaded after import = 0

========================================================================
Received Import Request.
  Time since last request: 0.000019 seconds.
  path: Packages/com.unity.netcode.gameobjects/Editor/Configuration/NetcodeForGameObjectsProjectSettings.cs
  artifactKey: Guid(2727d53a542a4c1aa312905c3a02d807) Importer(2089858483,b0f066a214c2f5e87bad3c948f4d605d)
Start importing Packages/com.unity.netcode.gameobjects/Editor/Configuration/NetcodeForGameObjectsProjectSettings.cs using Guid(2727d53a542a4c1aa312905c3a02d807) Importer(2089858483,b0f066a214c2f5e87bad3c948f4d605d) (ScriptedImporter) -> (artifact id: '42bad5b92da265444dd06ccd04a867cf') in 0.0180102 seconds
Number of updated asset objects reloaded before import = 0Number of asset objects unloaded after import = 0

========================================================================
Received Import Request.
  Time since last request: 0.000017 seconds.
  path: Packages/com.unity.netcode.gameobjects/Tests/Runtime/Transports/DummyTransport.cs
  artifactKey: Guid(976ca592c7fa4bcb854203dfbadc0ad9) Importer(2089858483,b0f066a214c2f5e87bad3c948f4d605d)
Start importing Packages/com.unity.netcode.gameobjects/Tests/Runtime/Transports/DummyTransport.cs using Guid(976ca592c7fa4bcb854203dfbadc0ad9) Importer(2089858483,b0f066a214c2f5e87bad3c948f4d605d) (ScriptedImporter) -> (artifact id: '57269c5912d50b956e06e0c5f588c943') in 0.0166813 seconds
Number of updated asset objects reloaded before import = 0Number of asset objects unloaded after import = 0

========================================================================
Received Import Request.
  Time since last request: 0.000325 seconds.
  path: Packages/com.unity.collections/Unity.Collections.PerformanceTests/QueueParallelPerformanceTests.cs
  artifactKey: Guid(d625a8f5b6435b040873e7fe625dbbf8) Importer(2089858483,b0f066a214c2f5e87bad3c948f4d605d)
Start importing Packages/com.unity.collections/Unity.Collections.PerformanceTests/QueueParallelPerformanceTests.cs using Guid(d625a8f5b6435b040873e7fe625dbbf8) Importer(2089858483,b0f066a214c2f5e87bad3c948f4d605d) (ScriptedImporter) -> (artifact id: 'b1fe93cdbaf9e9c7a001cdc81be99c13') in 0.0195892 seconds
Number of updated asset objects reloaded before import = 0Number of asset objects unloaded after import = 0

========================================================================
Received Import Request.
  Time since last request: 0.000022 seconds.
  path: Packages/com.unity.test-framework/UnityEngine.TestRunner/AssemblyInfo.cs
  artifactKey: Guid(cc22cc13b69c1094c85e176c008b9ef8) Importer(2089858483,b0f066a214c2f5e87bad3c948f4d605d)
Start importing Packages/com.unity.test-framework/UnityEngine.TestRunner/AssemblyInfo.cs using Guid(cc22cc13b69c1094c85e176c008b9ef8) Importer(2089858483,b0f066a214c2f5e87bad3c948f4d605d) (ScriptedImporter) -> (artifact id: 'ac1454bebdd9f86f8ba60774d732c274') in 0.0311807 seconds
Number of updated asset objects reloaded before import = 0Number of asset objects unloaded after import = 0

========================================================================
Received Import Request.
  Time since last request: 0.000245 seconds.
  path: Packages/com.unity.mathematics/Unity.Mathematics/float3.gen.cs
  artifactKey: Guid(6e8e5da9e769595428f8f1f51e642dd3) Importer(2089858483,b0f066a214c2f5e87bad3c948f4d605d)
Start importing Packages/com.unity.mathematics/Unity.Mathematics/float3.gen.cs using Guid(6e8e5da9e769595428f8f1f51e642dd3) Importer(2089858483,b0f066a214c2f5e87bad3c948f4d605d) (ScriptedImporter) -> (artifact id: 'f5ec59f5865c29501dbf28f939688d86') in 0.0149817 seconds
Number of updated asset objects reloaded before import = 0Number of asset objects unloaded after import = 0

========================================================================
Received Import Request.
  Time since last request: 0.000187 seconds.
  path: Packages/com.unity.mathematics/Unity.Mathematics/Geometry
  artifactKey: Guid(8179f9b7bb3904f5ba86140bea0a128b) Importer(2089858483,b0f066a214c2f5e87bad3c948f4d605d)
Start importing Packages/com.unity.mathematics/Unity.Mathematics/Geometry using Guid(8179f9b7bb3904f5ba86140bea0a128b) Importer(2089858483,b0f066a214c2f5e87bad3c948f4d605d) (ScriptedImporter) -> (artifact id: '6d789822c78ebf47fb61a30cb36e7bcd') in 0.0280106 seconds
Number of updated asset objects reloaded before import = 0Number of asset objects unloaded after import = 1

========================================================================
Received Import Request.
  Time since last request: 0.000289 seconds.
  path: Packages/com.unity.mathematics/Tests/Tests/Shared/TestRigidTransform.cs
  artifactKey: Guid(0ea7743c8ecbfba4abe11751b744207e) Importer(2089858483,b0f066a214c2f5e87bad3c948f4d605d)
Start importing Packages/com.unity.mathematics/Tests/Tests/Shared/TestRigidTransform.cs using Guid(0ea7743c8ecbfba4abe11751b744207e) Importer(2089858483,b0f066a214c2f5e87bad3c948f4d605d) (ScriptedImporter) -> (artifact id: 'bdb542e7494088b84942541451e2de1c') in 0.0165026 seconds
Number of updated asset objects reloaded before import = 0Number of asset objects unloaded after import = 0

========================================================================
Received Import Request.
  Time since last request: 0.000038 seconds.
  path: Packages/com.unity.test-framework/UnityEditor.TestRunner/TestRun/Tasks/LegacyPlayerRunTask.cs
  artifactKey: Guid(b93fe5bbea454ae438fcec241c5fa85b) Importer(2089858483,b0f066a214c2f5e87bad3c948f4d605d)
Start importing Packages/com.unity.test-framework/UnityEditor.TestRunner/TestRun/Tasks/LegacyPlayerRunTask.cs using Guid(b93fe5bbea454ae438fcec241c5fa85b) Importer(2089858483,b0f066a214c2f5e87bad3c948f4d605d) (ScriptedImporter) -> (artifact id: 'bb180af11c20427bb8545e7e89d18c1d') in 0.0224314 seconds
Number of updated asset objects reloaded before import = 0Number of asset objects unloaded after import = 0

========================================================================
Received Import Request.
  Time since last request: 0.000019 seconds.
  path: Packages/com.unity.mathematics/Unity.Mathematics/matrix.gen.cs
  artifactKey: Guid(d1064bad8f85342fd912d0d27f279601) Importer(2089858483,b0f066a214c2f5e87bad3c948f4d605d)
Start importing Packages/com.unity.mathematics/Unity.Mathematics/matrix.gen.cs using Guid(d1064bad8f85342fd912d0d27f279601) Importer(2089858483,b0f066a214c2f5e87bad3c948f4d605d) (ScriptedImporter) -> (artifact id: 'b88436c7794f3532c2f68f0e1262f6fc') in 0.0607039 seconds
Number of updated asset objects reloaded before import = 0Number of asset objects unloaded after import = 0

========================================================================
Received Import Request.
  Time since last request: 0.000029 seconds.
  path: Packages/com.unity.transport/Runtime/NetworkDriverSender.cs
  artifactKey: Guid(b59f91ca62f704c3daeeacb06a42f95c) Importer(2089858483,b0f066a214c2f5e87bad3c948f4d605d)
Start importing Packages/com.unity.transport/Runtime/NetworkDriverSender.cs using Guid(b59f91ca62f704c3daeeacb06a42f95c) Importer(2089858483,b0f066a214c2f5e87bad3c948f4d605d) (ScriptedImporter) -> (artifact id: 'db34ec8d410cffbd9544b18cd8dca59a') in 0.022322 seconds
Number of updated asset objects reloaded before import = 0Number of asset objects unloaded after import = 0

========================================================================
Received Import Request.
  Time since last request: 0.000271 seconds.
  path: Packages/com.unity.netcode.gameobjects/Runtime
  artifactKey: Guid(c83905999e4e71246b5a3ebf2565faf7) Importer(2089858483,b0f066a214c2f5e87bad3c948f4d605d)
Start importing Packages/com.unity.netcode.gameobjects/Runtime using Guid(c83905999e4e71246b5a3ebf2565faf7) Importer(2089858483,b0f066a214c2f5e87bad3c948f4d605d) (ScriptedImporter) -> (artifact id: '3107046a090aed4c7e690f08447a4cd3') in 0.0227212 seconds
Number of updated asset objects reloaded before import = 0Number of asset objects unloaded after import = 1

========================================================================
Received Import Request.
  Time since last request: 0.000545 seconds.
  path: Packages/com.unity.mathematics/Unity.Mathematics/int4.gen.cs
  artifactKey: Guid(9057960b12f46654798f69c411172f73) Importer(2089858483,b0f066a214c2f5e87bad3c948f4d605d)
Start importing Packages/com.unity.mathematics/Unity.Mathematics/int4.gen.cs using Guid(9057960b12f46654798f69c411172f73) Importer(2089858483,b0f066a214c2f5e87bad3c948f4d605d) (ScriptedImporter) -> (artifact id: 'de9ca945be10129b43c1abdd15c6ec11') in 0.0174797 seconds
Number of updated asset objects reloaded before import = 0Number of asset objects unloaded after import = 0

========================================================================
Received Import Request.
  Time since last request: 0.000287 seconds.
  path: Packages/com.unity.test-framework/UnityEditor.TestRunner/TestRun/Data/TaskInfo.cs
  artifactKey: Guid(0d2e1e2a782748e6acb8565ad040df60) Importer(2089858483,b0f066a214c2f5e87bad3c948f4d605d)
Start importing Packages/com.unity.test-framework/UnityEditor.TestRunner/TestRun/Data/TaskInfo.cs using Guid(0d2e1e2a782748e6acb8565ad040df60) Importer(2089858483,b0f066a214c2f5e87bad3c948f4d605d) (ScriptedImporter) -> (artifact id: '7bbeb8ff92dcc996f0844f4cfa00f602') in 0.0155023 seconds
Number of updated asset objects reloaded before import = 0Number of asset objects unloaded after import = 0

========================================================================
Received Import Request.
  Time since last request: 0.000052 seconds.
  path: Packages/com.unity.netcode.gameobjects/Runtime/NetworkVariable/Serialization/ResizableBitVector.cs
  artifactKey: Guid(664696a622e244dfa43b26628c05e4a6) Importer(2089858483,b0f066a214c2f5e87bad3c948f4d605d)
Start importing Packages/com.unity.netcode.gameobjects/Runtime/NetworkVariable/Serialization/ResizableBitVector.cs using Guid(664696a622e244dfa43b26628c05e4a6) Importer(2089858483,b0f066a214c2f5e87bad3c948f4d605d) (ScriptedImporter) -> (artifact id: '6420c8b3f1507a68ad874e931c9a9e01') in 0.0400209 seconds
Number of updated asset objects reloaded before import = 0Number of asset objects unloaded after import = 0

========================================================================
Received Import Request.
  Time since last request: 0.000020 seconds.
  path: Packages/com.unity.test-framework/UnityEditor.TestRunner/TestLaunchers/RemotePlayerLogController.cs
  artifactKey: Guid(edd2a1fe1acbbde43aad39862bb3f4a8) Importer(2089858483,b0f066a214c2f5e87bad3c948f4d605d)
Start importing Packages/com.unity.test-framework/UnityEditor.TestRunner/TestLaunchers/RemotePlayerLogController.cs using Guid(edd2a1fe1acbbde43aad39862bb3f4a8) Importer(2089858483,b0f066a214c2f5e87bad3c948f4d605d) (ScriptedImporter) -> (artifact id: '4d5a5b5a1d276002017466153b19326e') in 0.511994 seconds
Number of updated asset objects reloaded before import = 0Number of asset objects unloaded after import = 0

========================================================================
Received Import Request.
  Time since last request: 0.000118 seconds.
  path: Packages/com.unity.netcode.gameobjects/Tests/Runtime/NetworkLogTests.cs
  artifactKey: Guid(984658de4d8c7ef4582baedfa630773f) Importer(2089858483,b0f066a214c2f5e87bad3c948f4d605d)
Start importing Packages/com.unity.netcode.gameobjects/Tests/Runtime/NetworkLogTests.cs using Guid(984658de4d8c7ef4582baedfa630773f) Importer(2089858483,b0f066a214c2f5e87bad3c948f4d605d) (ScriptedImporter) -> (artifact id: '698ef25650fa0bbcb1c7c1f05713e96f') in 0.0515509 seconds
Number of updated asset objects reloaded before import = 0Number of asset objects unloaded after import = 0

========================================================================
Received Import Request.
  Time since last request: 0.001854 seconds.
  path: Packages/com.unity.test-framework/UnityEngine.TestRunner/NUnitExtensions/Runner/CoroutineTestWorkItem.cs
  artifactKey: Guid(b557515fff172984e8c4400b43f1c631) Importer(2089858483,b0f066a214c2f5e87bad3c948f4d605d)
Start importing Packages/com.unity.test-framework/UnityEngine.TestRunner/NUnitExtensions/Runner/CoroutineTestWorkItem.cs using Guid(b557515fff172984e8c4400b43f1c631) Importer(2089858483,b0f066a214c2f5e87bad3c948f4d605d) (ScriptedImporter) -> (artifact id: 'f4abecc5f22910002f91bce29214ce66') in 0.0135279 seconds
Number of updated asset objects reloaded before import = 0Number of asset objects unloaded after import = 0

========================================================================
Received Import Request.
  Time since last request: 0.000023 seconds.
  path: Packages/com.unity.test-framework/UnityEditor.TestRunner/Api/ITestTreeRebuildCallbacks.cs
  artifactKey: Guid(4230e406313f1db43a4b548e7a3ad2e2) Importer(2089858483,b0f066a214c2f5e87bad3c948f4d605d)
Start importing Packages/com.unity.test-framework/UnityEditor.TestRunner/Api/ITestTreeRebuildCallbacks.cs using Guid(4230e406313f1db43a4b548e7a3ad2e2) Importer(2089858483,b0f066a214c2f5e87bad3c948f4d605d) (ScriptedImporter) -> (artifact id: '06be12d7c95bb6cfdf1593907e740e09') in 0.015277 seconds
Number of updated asset objects reloaded before import = 0Number of asset objects unloaded after import = 0

========================================================================
Received Import Request.
  Time since last request: 0.000331 seconds.
  path: Packages/com.unity.test-framework/UnityEngine.TestRunner/NUnitExtensions/Attributes/TestMustExpectAllLogsAttribute.cs
  artifactKey: Guid(3803f736886e77842995ddbc3531afaa) Importer(2089858483,b0f066a214c2f5e87bad3c948f4d605d)
Start importing Packages/com.unity.test-framework/UnityEngine.TestRunner/NUnitExtensions/Attributes/TestMustExpectAllLogsAttribute.cs using Guid(3803f736886e77842995ddbc3531afaa) Importer(2089858483,b0f066a214c2f5e87bad3c948f4d605d) (ScriptedImporter) -> (artifact id: '797fe77bf97b00177c767573c358f1aa') in 0.0131676 seconds
Number of updated asset objects reloaded before import = 0Number of asset objects unloaded after import = 0

========================================================================
Received Import Request.
  Time since last request: 0.000037 seconds.
  path: Packages/com.unity.netcode.gameobjects/Tests/Runtime/NetworkManagerPlayerPrefab.cs
  artifactKey: Guid(b3132959e2f4cbe42b605770cb364a4e) Importer(2089858483,b0f066a214c2f5e87bad3c948f4d605d)
Start importing Packages/com.unity.netcode.gameobjects/Tests/Runtime/NetworkManagerPlayerPrefab.cs using Guid(b3132959e2f4cbe42b605770cb364a4e) Importer(2089858483,b0f066a214c2f5e87bad3c948f4d605d) (ScriptedImporter) -> (artifact id: '557bdb0b56395f7b2148ec9657349f22') in 0.0195107 seconds
Number of updated asset objects reloaded before import = 0Number of asset objects unloaded after import = 0

========================================================================
Received Import Request.
  Time since last request: 0.000058 seconds.
  path: Packages/com.unity.test-framework/UnityEditor.TestRunner/TestRun/Tasks/Platform
  artifactKey: Guid(d973b7805df545bdae3986ab72a6c2e8) Importer(2089858483,b0f066a214c2f5e87bad3c948f4d605d)
Start importing Packages/com.unity.test-framework/UnityEditor.TestRunner/TestRun/Tasks/Platform using Guid(d973b7805df545bdae3986ab72a6c2e8) Importer(2089858483,b0f066a214c2f5e87bad3c948f4d605d) (ScriptedImporter) -> (artifact id: '12e189231e512f3b6345ef15a8f2491b') in 0.017076 seconds
Number of updated asset objects reloaded before import = 0Number of asset objects unloaded after import = 1

========================================================================
Received Import Request.
  Time since last request: 0.000025 seconds.
  path: Packages/com.unity.netcode.gameobjects/Runtime/Timing/IRealTimeProvider.cs
  artifactKey: Guid(73bdda41e36846e893fd14dbd6de9978) Importer(2089858483,b0f066a214c2f5e87bad3c948f4d605d)
Start importing Packages/com.unity.netcode.gameobjects/Runtime/Timing/IRealTimeProvider.cs using Guid(73bdda41e36846e893fd14dbd6de9978) Importer(2089858483,b0f066a214c2f5e87bad3c948f4d605d) (ScriptedImporter) -> (artifact id: '73daf11cc6acb934e06608acfc7adeba') in 0.0141927 seconds
Number of updated asset objects reloaded before import = 0Number of asset objects unloaded after import = 0

========================================================================
Received Import Request.
  Time since last request: 0.000021 seconds.
  path: Packages/com.unity.transport/Runtime/Pipelines/FragmentationPipelineStage.cs
  artifactKey: Guid(fde48fdaf9c384f9c8260f20718f8d36) Importer(2089858483,b0f066a214c2f5e87bad3c948f4d605d)
Start importing Packages/com.unity.transport/Runtime/Pipelines/FragmentationPipelineStage.cs using Guid(fde48fdaf9c384f9c8260f20718f8d36) Importer(2089858483,b0f066a214c2f5e87bad3c948f4d605d) (ScriptedImporter) -> (artifact id: 'e2f4023a375ab4c01a6f3ff7a2154645') in 0.0254032 seconds
Number of updated asset objects reloaded before import = 0Number of asset objects unloaded after import = 0

========================================================================
Received Import Request.
  Time since last request: 0.000018 seconds.
  path: Packages/com.unity.transport/Runtime/ConnectionList.cs
  artifactKey: Guid(a983c47b15bcf459393545d9f33d8458) Importer(2089858483,b0f066a214c2f5e87bad3c948f4d605d)
Start importing Packages/com.unity.transport/Runtime/ConnectionList.cs using Guid(a983c47b15bcf459393545d9f33d8458) Importer(2089858483,b0f066a214c2f5e87bad3c948f4d605d) (ScriptedImporter) -> (artifact id: 'c447d010f78d1a90ee39b6b528c6024c') in 0.0131776 seconds
Number of updated asset objects reloaded before import = 0Number of asset objects unloaded after import = 0

========================================================================
Received Import Request.
  Time since last request: 0.000037 seconds.
  path: Packages/com.unity.mathematics/Unity.Mathematics/rigid_transform.cs
  artifactKey: Guid(790a4c601e5714c18971af51ef3cbe71) Importer(2089858483,b0f066a214c2f5e87bad3c948f4d605d)
Start importing Packages/com.unity.mathematics/Unity.Mathematics/rigid_transform.cs using Guid(790a4c601e5714c18971af51ef3cbe71) Importer(2089858483,b0f066a214c2f5e87bad3c948f4d605d) (ScriptedImporter) -> (artifact id: 'efd1f11fb832681fde521336378bdd51') in 0.0117708 seconds
Number of updated asset objects reloaded before import = 0Number of asset objects unloaded after import = 0

========================================================================
Received Import Request.
  Time since last request: 0.000023 seconds.
  path: Packages/com.unity.netcode.gameobjects/Runtime/Components/NetworkTransform.cs
  artifactKey: Guid(e96cb6065543e43c4a752faaa1468eb1) Importer(2089858483,b0f066a214c2f5e87bad3c948f4d605d)
Start importing Packages/com.unity.netcode.gameobjects/Runtime/Components/NetworkTransform.cs using Guid(e96cb6065543e43c4a752faaa1468eb1) Importer(2089858483,b0f066a214c2f5e87bad3c948f4d605d) (ScriptedImporter) -> (artifact id: '4b094109e383f9b270000c825103859a') in 0.023695 seconds
Number of updated asset objects reloaded before import = 0Number of asset objects unloaded after import = 0

========================================================================
Received Import Request.
  Time since last request: 0.000028 seconds.
  path: Packages/com.unity.mathematics/Unity.Mathematics/Noise/classicnoise4D.cs
  artifactKey: Guid(283464e0e530a4cdfbf4fae82efed3e3) Importer(2089858483,b0f066a214c2f5e87bad3c948f4d605d)
Start importing Packages/com.unity.mathematics/Unity.Mathematics/Noise/classicnoise4D.cs using Guid(283464e0e530a4cdfbf4fae82efed3e3) Importer(2089858483,b0f066a214c2f5e87bad3c948f4d605d) (ScriptedImporter) -> (artifact id: '706125457c9c9d2de6197f703dba9e01') in 0.0234567 seconds
Number of updated asset objects reloaded before import = 0Number of asset objects unloaded after import = 0

========================================================================
Received Import Request.
  Time since last request: 0.000027 seconds.
  path: Packages/com.unity.test-framework/UnityEditor.TestRunner/TestLaunchers/PlatformSetup
  artifactKey: Guid(ebc4d20cc106cea49b1df1153f0b3b5e) Importer(2089858483,b0f066a214c2f5e87bad3c948f4d605d)
Start importing Packages/com.unity.test-framework/UnityEditor.TestRunner/TestLaunchers/PlatformSetup using Guid(ebc4d20cc106cea49b1df1153f0b3b5e) Importer(2089858483,b0f066a214c2f5e87bad3c948f4d605d) (ScriptedImporter) -> (artifact id: 'c2dd8b5031c733e7b9e0d3c3b7729388') in 0.0269466 seconds
Number of updated asset objects reloaded before import = 0Number of asset objects unloaded after import = 1

========================================================================
Received Import Request.
  Time since last request: 0.000214 seconds.
  path: Packages/com.unity.mathematics/Unity.Mathematics/uint2x4.gen.cs
  artifactKey: Guid(6acdbd744899541e28c4f19a9398b2b7) Importer(2089858483,b0f066a214c2f5e87bad3c948f4d605d)
Start importing Packages/com.unity.mathematics/Unity.Mathematics/uint2x4.gen.cs using Guid(6acdbd744899541e28c4f19a9398b2b7) Importer(2089858483,b0f066a214c2f5e87bad3c948f4d605d) (ScriptedImporter) -> (artifact id: '160e592cd40276cb102c7e8e79018b0b') in 0.0205722 seconds
Number of updated asset objects reloaded before import = 0Number of asset objects unloaded after import = 0

========================================================================
Received Import Request.
  Time since last request: 0.003853 seconds.
  path: Packages/com.unity.test-framework.performance/Runtime/Measurements/ProfilerMeasurementBehaviour.cs
  artifactKey: Guid(e55bf1c69e5bb204d848e5a8ff5da346) Importer(2089858483,b0f066a214c2f5e87bad3c948f4d605d)
Start importing Packages/com.unity.test-framework.performance/Runtime/Measurements/ProfilerMeasurementBehaviour.cs using Guid(e55bf1c69e5bb204d848e5a8ff5da346) Importer(2089858483,b0f066a214c2f5e87bad3c948f4d605d) (ScriptedImporter) -> (artifact id: '2b39006f323246ee5deb1d988a1f53b7') in 0.0236183 seconds
Number of updated asset objects reloaded before import = 0Number of asset objects unloaded after import = 0

========================================================================
Received Import Request.
  Time since last request: 0.001459 seconds.
  path: Packages/com.unity.collections/Unity.Collections.PerformanceTests/HashMapPerformanceTests.cs
  artifactKey: Guid(41c0417bb1f33184482fea43a7d2b5c0) Importer(2089858483,b0f066a214c2f5e87bad3c948f4d605d)
Start importing Packages/com.unity.collections/Unity.Collections.PerformanceTests/HashMapPerformanceTests.cs using Guid(41c0417bb1f33184482fea43a7d2b5c0) Importer(2089858483,b0f066a214c2f5e87bad3c948f4d605d) (ScriptedImporter) -> (artifact id: '7a389fa3209ea646d4302af915ede188') in 0.0201941 seconds
Number of updated asset objects reloaded before import = 0Number of asset objects unloaded after import = 0

========================================================================
Received Import Request.
  Time since last request: 0.001744 seconds.
  path: Packages/com.unity.burst/Editor/BurstMenu.cs
  artifactKey: Guid(fc3edc1fe3ab3742b5a143805ddea9e2) Importer(2089858483,b0f066a214c2f5e87bad3c948f4d605d)
Start importing Packages/com.unity.burst/Editor/BurstMenu.cs using Guid(fc3edc1fe3ab3742b5a143805ddea9e2) Importer(2089858483,b0f066a214c2f5e87bad3c948f4d605d) (ScriptedImporter) -> (artifact id: '327db41178b2b81a38a2eefcee9b7ff1') in 0.0325973 seconds
Number of updated asset objects reloaded before import = 0Number of asset objects unloaded after import = 0

========================================================================
Received Import Request.
  Time since last request: 0.000269 seconds.
  path: Packages/com.unity.test-framework/UnityEngine.TestRunner/Assertions/LogScope/LogEvent.cs
  artifactKey: Guid(0c56471f08a0f6846afc792f0b4205b9) Importer(2089858483,b0f066a214c2f5e87bad3c948f4d605d)
Start importing Packages/com.unity.test-framework/UnityEngine.TestRunner/Assertions/LogScope/LogEvent.cs using Guid(0c56471f08a0f6846afc792f0b4205b9) Importer(2089858483,b0f066a214c2f5e87bad3c948f4d605d) (ScriptedImporter) -> (artifact id: 'b1e13dc1001ea71ce9b49dff875ab26d') in 0.0191676 seconds
Number of updated asset objects reloaded before import = 0Number of asset objects unloaded after import = 0

========================================================================
Received Import Request.
  Time since last request: 0.000026 seconds.
  path: Packages/com.unity.test-framework/UnityEditor.TestRunner/TestRunner/Utils/ITestListCache.cs
  artifactKey: Guid(a704c010bcdb1ec4a9f3417b3c393164) Importer(2089858483,b0f066a214c2f5e87bad3c948f4d605d)
Start importing Packages/com.unity.test-framework/UnityEditor.TestRunner/TestRunner/Utils/ITestListCache.cs using Guid(a704c010bcdb1ec4a9f3417b3c393164) Importer(2089858483,b0f066a214c2f5e87bad3c948f4d605d) (ScriptedImporter) -> (artifact id: '4b214a9a69ea5481718ca5b9317ca25d') in 0.0172594 seconds
Number of updated asset objects reloaded before import = 0Number of asset objects unloaded after import = 0

========================================================================
Received Import Request.
  Time since last request: 0.000028 seconds.
  path: Packages/com.unity.netcode.gameobjects/Tests/Runtime/DistributedAuthority/SpawnDuringSynchronizationTests.cs
  artifactKey: Guid(3535334da619ee944a73ca56e2e76d22) Importer(2089858483,b0f066a214c2f5e87bad3c948f4d605d)
Start importing Packages/com.unity.netcode.gameobjects/Tests/Runtime/DistributedAuthority/SpawnDuringSynchronizationTests.cs using Guid(3535334da619ee944a73ca56e2e76d22) Importer(2089858483,b0f066a214c2f5e87bad3c948f4d605d) (ScriptedImporter) -> (artifact id: '2ff66d04d2b919657fdc4ca0b7332ef0') in 0.018351 seconds
Number of updated asset objects reloaded before import = 0Number of asset objects unloaded after import = 0

========================================================================
Received Import Request.
  Time since last request: 0.000024 seconds.
  path: Packages/com.unity.collections/Unity.Collections/UnsafeUtilityEx.cs
  artifactKey: Guid(656438ffe79c94447bf483cf17d90bf6) Importer(2089858483,b0f066a214c2f5e87bad3c948f4d605d)
Start importing Packages/com.unity.collections/Unity.Collections/UnsafeUtilityEx.cs using Guid(656438ffe79c94447bf483cf17d90bf6) Importer(2089858483,b0f066a214c2f5e87bad3c948f4d605d) (ScriptedImporter) -> (artifact id: 'e03b1d64b21400fe139cd5843f6399e0') in 0.0160776 seconds
Number of updated asset objects reloaded before import = 0Number of asset objects unloaded after import = 0

========================================================================
Received Import Request.
  Time since last request: 0.000024 seconds.
  path: Packages/com.unity.netcode.gameobjects/Runtime/Transports/SinglePlayer/SinglePlayerTransport.cs
  artifactKey: Guid(a6fd89dc549847f4096c58273ff2e979) Importer(2089858483,b0f066a214c2f5e87bad3c948f4d605d)
Start importing Packages/com.unity.netcode.gameobjects/Runtime/Transports/SinglePlayer/SinglePlayerTransport.cs using Guid(a6fd89dc549847f4096c58273ff2e979) Importer(2089858483,b0f066a214c2f5e87bad3c948f4d605d) (ScriptedImporter) -> (artifact id: '2d696c450440f4d6b7b668627c809fcf') in 0.0440009 seconds
Number of updated asset objects reloaded before import = 0Number of asset objects unloaded after import = 0

========================================================================
Received Import Request.
  Time since last request: 0.000136 seconds.
  path: Packages/com.unity.transport/Runtime/Layers/AnalyticsLayer.cs
  artifactKey: Guid(2c0679d6d5f60c04993e31a51d1cc0ff) Importer(2089858483,b0f066a214c2f5e87bad3c948f4d605d)
Start importing Packages/com.unity.transport/Runtime/Layers/AnalyticsLayer.cs using Guid(2c0679d6d5f60c04993e31a51d1cc0ff) Importer(2089858483,b0f066a214c2f5e87bad3c948f4d605d) (ScriptedImporter) -> (artifact id: 'e82ba04d3ad65b14960b5e7782f92675') in 0.0167997 seconds
Number of updated asset objects reloaded before import = 0Number of asset objects unloaded after import = 0

========================================================================
Received Import Request.
  Time since last request: 0.000562 seconds.
  path: Packages/com.unity.transport/Runtime/LoggingParameters.cs
  artifactKey: Guid(5906cf5fc702dfb4c8ca08b9db7799ad) Importer(2089858483,b0f066a214c2f5e87bad3c948f4d605d)
Start importing Packages/com.unity.transport/Runtime/LoggingParameters.cs using Guid(5906cf5fc702dfb4c8ca08b9db7799ad) Importer(2089858483,b0f066a214c2f5e87bad3c948f4d605d) (ScriptedImporter) -> (artifact id: '3de5456d385745491dba7520bd26ed5b') in 0.0189945 seconds
Number of updated asset objects reloaded before import = 0Number of asset objects unloaded after import = 0

========================================================================
Received Import Request.
  Time since last request: 0.000038 seconds.
  path: Packages/com.unity.netcode.gameobjects/Runtime/Spawning/NetworkPrefabHandler.cs
  artifactKey: Guid(03b691ec0c2fc1a44bc560431e6c2745) Importer(2089858483,b0f066a214c2f5e87bad3c948f4d605d)
Start importing Packages/com.unity.netcode.gameobjects/Runtime/Spawning/NetworkPrefabHandler.cs using Guid(03b691ec0c2fc1a44bc560431e6c2745) Importer(2089858483,b0f066a214c2f5e87bad3c948f4d605d) (ScriptedImporter) -> (artifact id: '7ec44e9ed61c37ad3b4456dcc3068894') in 0.0211334 seconds
Number of updated asset objects reloaded before import = 0Number of asset objects unloaded after import = 0

========================================================================
Received Import Request.
  Time since last request: 0.000020 seconds.
  path: Packages/com.unity.netcode.gameobjects/Runtime/Logging/LogLevel.cs
  artifactKey: Guid(b97845a27cb50d44da22aae51800abfe) Importer(2089858483,b0f066a214c2f5e87bad3c948f4d605d)
Start importing Packages/com.unity.netcode.gameobjects/Runtime/Logging/LogLevel.cs using Guid(b97845a27cb50d44da22aae51800abfe) Importer(2089858483,b0f066a214c2f5e87bad3c948f4d605d) (ScriptedImporter) -> (artifact id: '49fe3f9fc4feda8447699457236bcee6') in 0.0227776 seconds
Number of updated asset objects reloaded before import = 0Number of asset objects unloaded after import = 0

========================================================================
Received Import Request.
  Time since last request: 0.000235 seconds.
  path: Packages/com.unity.netcode.gameobjects/Tests/Runtime/StartStopTests.cs
  artifactKey: Guid(e8e36047cb5542bcaade2a9a8746d713) Importer(2089858483,b0f066a214c2f5e87bad3c948f4d605d)
Start importing Packages/com.unity.netcode.gameobjects/Tests/Runtime/StartStopTests.cs using Guid(e8e36047cb5542bcaade2a9a8746d713) Importer(2089858483,b0f066a214c2f5e87bad3c948f4d605d) (ScriptedImporter) -> (artifact id: 'da4338a214416071b095960e9bc4ae0a') in 0.0145351 seconds
Number of updated asset objects reloaded before import = 0Number of asset objects unloaded after import = 0

========================================================================
Received Import Request.
  Time since last request: 0.000150 seconds.
  path: Packages/com.unity.test-framework/UnityEngine.TestRunner/NUnitExtensions
  artifactKey: Guid(3e8d6af343b383544ba5743d119f4062) Importer(2089858483,b0f066a214c2f5e87bad3c948f4d605d)
Start importing Packages/com.unity.test-framework/UnityEngine.TestRunner/NUnitExtensions using Guid(3e8d6af343b383544ba5743d119f4062) Importer(2089858483,b0f066a214c2f5e87bad3c948f4d605d) (ScriptedImporter) -> (artifact id: '4d433bb6f02b067d8e356fa4e10cc727') in 0.0178814 seconds
Number of updated asset objects reloaded before import = 0Number of asset objects unloaded after import = 1

========================================================================
Received Import Request.
  Time since last request: 0.000107 seconds.
  path: Packages/com.unity.burst/Runtime/Editor/BurstCompileTarget.cs
  artifactKey: Guid(8e0e4e7742393f00808df3e4508a7327) Importer(2089858483,b0f066a214c2f5e87bad3c948f4d605d)
Start importing Packages/com.unity.burst/Runtime/Editor/BurstCompileTarget.cs using Guid(8e0e4e7742393f00808df3e4508a7327) Importer(2089858483,b0f066a214c2f5e87bad3c948f4d605d) (ScriptedImporter) -> (artifact id: '7b2a6027adb29638e9bb20aaf4efdf5a') in 0.0203005 seconds
Number of updated asset objects reloaded before import = 0Number of asset objects unloaded after import = 0

========================================================================
Received Import Request.
  Time since last request: 0.000019 seconds.
  path: Packages/com.unity.netcode.gameobjects/Runtime/NetworkVariable/NetworkVariable.cs
  artifactKey: Guid(0f6bd4b05b09e604986db16876d2cd4f) Importer(2089858483,b0f066a214c2f5e87bad3c948f4d605d)
Start importing Packages/com.unity.netcode.gameobjects/Runtime/NetworkVariable/NetworkVariable.cs using Guid(0f6bd4b05b09e604986db16876d2cd4f) Importer(2089858483,b0f066a214c2f5e87bad3c948f4d605d) (ScriptedImporter) -> (artifact id: '0f04ded50098dfdb074f77c2c1ec98aa') in 0.0174951 seconds
Number of updated asset objects reloaded before import = 0Number of asset objects unloaded after import = 0

========================================================================
Received Import Request.
  Time since last request: 0.000019 seconds.
  path: Packages/com.unity.test-framework/UnityEngine.TestRunner/UnityTestProtocol/TestStartedMessage.cs
  artifactKey: Guid(db9a20ff62f649c7b64172ebec68370c) Importer(2089858483,b0f066a214c2f5e87bad3c948f4d605d)
Start importing Packages/com.unity.test-framework/UnityEngine.TestRunner/UnityTestProtocol/TestStartedMessage.cs using Guid(db9a20ff62f649c7b64172ebec68370c) Importer(2089858483,b0f066a214c2f5e87bad3c948f4d605d) (ScriptedImporter) -> (artifact id: 'd256f14939edea140818c1b4b1cc8178') in 0.0159952 seconds
Number of updated asset objects reloaded before import = 0Number of asset objects unloaded after import = 0

========================================================================
Received Import Request.
  Time since last request: 0.000025 seconds.
  path: Packages/com.unity.collections/Unity.Collections/FixedStringUtils.cs
  artifactKey: Guid(8172d9c91a2b64bca91bb78a3a3d4552) Importer(2089858483,b0f066a214c2f5e87bad3c948f4d605d)
Start importing Packages/com.unity.collections/Unity.Collections/FixedStringUtils.cs using Guid(8172d9c91a2b64bca91bb78a3a3d4552) Importer(2089858483,b0f066a214c2f5e87bad3c948f4d605d) (ScriptedImporter) -> (artifact id: '82b262822b52ca4040dee7c5f5b5071e') in 0.0185285 seconds
Number of updated asset objects reloaded before import = 0Number of asset objects unloaded after import = 0

========================================================================
Received Import Request.
  Time since last request: 0.000491 seconds.
  path: Packages/com.unity.test-framework/UnityEngine.TestRunner/Utils/AttributeHelper.cs
  artifactKey: Guid(ae8ce3ffe04ac2c42945fd27e0291fc3) Importer(2089858483,b0f066a214c2f5e87bad3c948f4d605d)
Start importing Packages/com.unity.test-framework/UnityEngine.TestRunner/Utils/AttributeHelper.cs using Guid(ae8ce3ffe04ac2c42945fd27e0291fc3) Importer(2089858483,b0f066a214c2f5e87bad3c948f4d605d) (ScriptedImporter) -> (artifact id: 'd2f79d9b2c193cd634ee8408c204edbd') in 0.0186055 seconds
Number of updated asset objects reloaded before import = 0Number of asset objects unloaded after import = 0

========================================================================
Received Import Request.
  Time since last request: 0.000030 seconds.
  path: Packages/com.unity.transport/Runtime/UDPNetworkInterface.cs
  artifactKey: Guid(700170a841a1d4c06914f899d021cd3a) Importer(2089858483,b0f066a214c2f5e87bad3c948f4d605d)
Start importing Packages/com.unity.transport/Runtime/UDPNetworkInterface.cs using Guid(700170a841a1d4c06914f899d021cd3a) Importer(2089858483,b0f066a214c2f5e87bad3c948f4d605d) (ScriptedImporter) -> (artifact id: '11e72010760c8e826b11ca6c4dea3511') in 0.0168466 seconds
Number of updated asset objects reloaded before import = 0Number of asset objects unloaded after import = 0

========================================================================
Received Import Request.
  Time since last request: 0.000107 seconds.
  path: Packages/com.unity.collections/Unity.Collections.PerformanceTests/BenchmarkAllocator.cs
  artifactKey: Guid(29f92070f574cff4a948d1b4f2b88cd3) Importer(2089858483,b0f066a214c2f5e87bad3c948f4d605d)
Start importing Packages/com.unity.collections/Unity.Collections.PerformanceTests/BenchmarkAllocator.cs using Guid(29f92070f574cff4a948d1b4f2b88cd3) Importer(2089858483,b0f066a214c2f5e87bad3c948f4d605d) (ScriptedImporter) -> (artifact id: '413bf48346b90b000151bf8ade9f2ec6') in 0.0227372 seconds
Number of updated asset objects reloaded before import = 0Number of asset objects unloaded after import = 0

========================================================================
Received Import Request.
  Time since last request: 0.000032 seconds.
  path: Packages/com.unity.test-framework/UnityEditor.TestRunner/TestRun/Tasks/BuildTestTreeTask.cs
  artifactKey: Guid(a0288e1c9324e824bab7e2044a72a434) Importer(2089858483,b0f066a214c2f5e87bad3c948f4d605d)
Start importing Packages/com.unity.test-framework/UnityEditor.TestRunner/TestRun/Tasks/BuildTestTreeTask.cs using Guid(a0288e1c9324e824bab7e2044a72a434) Importer(2089858483,b0f066a214c2f5e87bad3c948f4d605d) (ScriptedImporter) -> (artifact id: '1936cc56e7c1ab8236fdc2e5da4e6483') in 0.0187754 seconds
Number of updated asset objects reloaded before import = 0Number of asset objects unloaded after import = 0

========================================================================
Received Import Request.
  Time since last request: 0.000278 seconds.
  path: Packages/com.unity.test-framework/UnityEditor.TestRunner/TestRunner/Utils/TestListCache.cs
  artifactKey: Guid(d685d97a1eb004f49afea0cc982ff728) Importer(2089858483,b0f066a214c2f5e87bad3c948f4d605d)
Start importing Packages/com.unity.test-framework/UnityEditor.TestRunner/TestRunner/Utils/TestListCache.cs using Guid(d685d97a1eb004f49afea0cc982ff728) Importer(2089858483,b0f066a214c2f5e87bad3c948f4d605d) (ScriptedImporter) -> (artifact id: '3d7f9b0526bffb4094ef84c8be1b312e') in 0.0188627 seconds
Number of updated asset objects reloaded before import = 0Number of asset objects unloaded after import = 0

========================================================================
Received Import Request.
  Time since last request: 0.047378 seconds.
  path: Packages/com.unity.netcode.gameobjects/Runtime/Messaging/ILPPMessageProvider.cs
  artifactKey: Guid(f5bfc2b13811eb5429a0eef59dd88b71) Importer(2089858483,b0f066a214c2f5e87bad3c948f4d605d)
Start importing Packages/com.unity.netcode.gameobjects/Runtime/Messaging/ILPPMessageProvider.cs using Guid(f5bfc2b13811eb5429a0eef59dd88b71) Importer(2089858483,b0f066a214c2f5e87bad3c948f4d605d) (ScriptedImporter) -> (artifact id: '2b11ebe4e9dba9f43e2ac68b70c0d70c') in 0.0144236 seconds
Number of updated asset objects reloaded before import = 0Number of asset objects unloaded after import = 0

========================================================================
Received Import Request.
  Time since last request: 0.000020 seconds.
  path: Packages/com.unity.netcode.gameobjects/Tests/Runtime/TestHelpers/Components/ObjectNameIdentifier.cs
  artifactKey: Guid(a915cfb2e4f748e4f9526a8bf5ee84f2) Importer(2089858483,b0f066a214c2f5e87bad3c948f4d605d)
Start importing Packages/com.unity.netcode.gameobjects/Tests/Runtime/TestHelpers/Components/ObjectNameIdentifier.cs using Guid(a915cfb2e4f748e4f9526a8bf5ee84f2) Importer(2089858483,b0f066a214c2f5e87bad3c948f4d605d) (ScriptedImporter) -> (artifact id: 'e935230b1b2b3a294b319e5e598f394d') in 0.0190281 seconds
Number of updated asset objects reloaded before import = 0Number of asset objects unloaded after import = 0

========================================================================
Received Import Request.
  Time since last request: 0.000021 seconds.
  path: Packages/com.unity.netcode.gameobjects/Runtime/Serialization/BitWriter.cs
  artifactKey: Guid(8d6360e096142c149a11a2e86560c350) Importer(2089858483,b0f066a214c2f5e87bad3c948f4d605d)
Start importing Packages/com.unity.netcode.gameobjects/Runtime/Serialization/BitWriter.cs using Guid(8d6360e096142c149a11a2e86560c350) Importer(2089858483,b0f066a214c2f5e87bad3c948f4d605d) (ScriptedImporter) -> (artifact id: '3eae80dcfab1a184e4ebd7c4d749f4d4') in 0.0178434 seconds
Number of updated asset objects reloaded before import = 0Number of asset objects unloaded after import = 0

========================================================================
Received Import Request.
  Time since last request: 0.000140 seconds.
  path: Packages/com.unity.netcode.gameobjects/Runtime/Components/Interpolator/BufferedLinearInterpolator.cs
  artifactKey: Guid(a12ebf95bdb4445d9a16e4b6adadb6aa) Importer(2089858483,b0f066a214c2f5e87bad3c948f4d605d)
Start importing Packages/com.unity.netcode.gameobjects/Runtime/Components/Interpolator/BufferedLinearInterpolator.cs using Guid(a12ebf95bdb4445d9a16e4b6adadb6aa) Importer(2089858483,b0f066a214c2f5e87bad3c948f4d605d) (ScriptedImporter) -> (artifact id: '10d28a16bc73ca2984a87c6a17c9061c') in 0.015684 seconds
Number of updated asset objects reloaded before import = 0Number of asset objects unloaded after import = 0

========================================================================
Received Import Request.
  Time since last request: 0.000043 seconds.
  path: Packages/com.unity.transport/Runtime/Layers/RelayLayer.cs
  artifactKey: Guid(c348a99b49a4a4de8948c030dbd85a46) Importer(2089858483,b0f066a214c2f5e87bad3c948f4d605d)
Start importing Packages/com.unity.transport/Runtime/Layers/RelayLayer.cs using Guid(c348a99b49a4a4de8948c030dbd85a46) Importer(2089858483,b0f066a214c2f5e87bad3c948f4d605d) (ScriptedImporter) -> (artifact id: 'fc3b9d22ccc1a0563a35b626fa1dfda2') in 0.0165593 seconds
Number of updated asset objects reloaded before import = 0Number of asset objects unloaded after import = 0

========================================================================
Received Import Request.
  Time since last request: 0.000032 seconds.
  path: Packages/com.unity.collections/Unity.Collections.Tests.Playmode
  artifactKey: Guid(1bc474d6c48563e48bf377774df23cb1) Importer(2089858483,b0f066a214c2f5e87bad3c948f4d605d)
Start importing Packages/com.unity.collections/Unity.Collections.Tests.Playmode using Guid(1bc474d6c48563e48bf377774df23cb1) Importer(2089858483,b0f066a214c2f5e87bad3c948f4d605d) (ScriptedImporter) -> (artifact id: '99551c9af0ce23d862c6bf9da8857eec') in 0.0178938 seconds
Number of updated asset objects reloaded before import = 0Number of asset objects unloaded after import = 1

========================================================================
Received Import Request.
  Time since last request: 0.000038 seconds.
  path: Packages/com.unity.netcode.gameobjects/Tests/Runtime/NetworkVariable/NetworkVariableGeneralTests.cs
  artifactKey: Guid(e5a5c7d93dfa81642a2138c3cc5e3300) Importer(2089858483,b0f066a214c2f5e87bad3c948f4d605d)
Start importing Packages/com.unity.netcode.gameobjects/Tests/Runtime/NetworkVariable/NetworkVariableGeneralTests.cs using Guid(e5a5c7d93dfa81642a2138c3cc5e3300) Importer(2089858483,b0f066a214c2f5e87bad3c948f4d605d) (ScriptedImporter) -> (artifact id: 'c6f1d16df17bed3b846fcbb27fb8bb97') in 0.015134 seconds
Number of updated asset objects reloaded before import = 0Number of asset objects unloaded after import = 0

========================================================================
Received Import Request.
  Time since last request: 0.000027 seconds.
  path: Packages/com.unity.collections/Unity.Collections.Tests/NativeContainerTests_ValidateTypesFixture.cs
  artifactKey: Guid(c8a96cba3114f4a3e91b0546fdcd0397) Importer(2089858483,b0f066a214c2f5e87bad3c948f4d605d)
Start importing Packages/com.unity.collections/Unity.Collections.Tests/NativeContainerTests_ValidateTypesFixture.cs using Guid(c8a96cba3114f4a3e91b0546fdcd0397) Importer(2089858483,b0f066a214c2f5e87bad3c948f4d605d) (ScriptedImporter) -> (artifact id: '91b80af8bdd452d8cdd4c14a4772a749') in 0.0166707 seconds
Number of updated asset objects reloaded before import = 0Number of asset objects unloaded after import = 0

========================================================================
Received Import Request.
  Time since last request: 0.000034 seconds.
  path: Packages/com.unity.mathematics/Unity.Mathematics/double2.gen.cs
  artifactKey: Guid(8df28422e0a0640c1896e8de330e2640) Importer(2089858483,b0f066a214c2f5e87bad3c948f4d605d)
Start importing Packages/com.unity.mathematics/Unity.Mathematics/double2.gen.cs using Guid(8df28422e0a0640c1896e8de330e2640) Importer(2089858483,b0f066a214c2f5e87bad3c948f4d605d) (ScriptedImporter) -> (artifact id: '6af3425eef9aad7505bc325352561084') in 0.0189903 seconds
Number of updated asset objects reloaded before import = 0Number of asset objects unloaded after import = 0

========================================================================
Received Import Request.
  Time since last request: 0.000071 seconds.
  path: Packages/com.unity.netcode.gameobjects/Runtime/NetworkVariable/Collections/NetworkList.cs
  artifactKey: Guid(42fb86f9389141347856337e3c62ad80) Importer(2089858483,b0f066a214c2f5e87bad3c948f4d605d)
Start importing Packages/com.unity.netcode.gameobjects/Runtime/NetworkVariable/Collections/NetworkList.cs using Guid(42fb86f9389141347856337e3c62ad80) Importer(2089858483,b0f066a214c2f5e87bad3c948f4d605d) (ScriptedImporter) -> (artifact id: '59ca68f7e92f08e8c8bab498e56e08a4') in 0.0209077 seconds
Number of updated asset objects reloaded before import = 0Number of asset objects unloaded after import = 0

========================================================================
Received Import Request.
  Time since last request: 0.000022 seconds.
  path: Packages/com.unity.netcode.gameobjects/Runtime/Components/Interpolator
  artifactKey: Guid(8eb56856ab05d41fa9e422a92acbc109) Importer(2089858483,b0f066a214c2f5e87bad3c948f4d605d)
Start importing Packages/com.unity.netcode.gameobjects/Runtime/Components/Interpolator using Guid(8eb56856ab05d41fa9e422a92acbc109) Importer(2089858483,b0f066a214c2f5e87bad3c948f4d605d) (ScriptedImporter) -> (artifact id: '4fbb3e209415325d8f6fed0ca5c90e64') in 0.0206411 seconds
Number of updated asset objects reloaded before import = 0Number of asset objects unloaded after import = 1

========================================================================
Received Import Request.
  Time since last request: 0.000275 seconds.
  path: Packages/com.unity.netcode.gameobjects/Tests/Runtime/NetworkObject/NetworkObjectOwnershipTests.cs
  artifactKey: Guid(08f9390096acb44698be8b3eacf242ea) Importer(2089858483,b0f066a214c2f5e87bad3c948f4d605d)
Start importing Packages/com.unity.netcode.gameobjects/Tests/Runtime/NetworkObject/NetworkObjectOwnershipTests.cs using Guid(08f9390096acb44698be8b3eacf242ea) Importer(2089858483,b0f066a214c2f5e87bad3c948f4d605d) (ScriptedImporter) -> (artifact id: 'a8e65ecec071a51ca2477bb67659591a') in 0.0217957 seconds
Number of updated asset objects reloaded before import = 0Number of asset objects unloaded after import = 0

========================================================================
Received Import Request.
  Time since last request: 0.000025 seconds.
  path: Packages/com.unity.collections/Unity.Collections.Editor/JobsMenu.cs
  artifactKey: Guid(7a96926915a7746789220056d7c409a5) Importer(2089858483,b0f066a214c2f5e87bad3c948f4d605d)
Start importing Packages/com.unity.collections/Unity.Collections.Editor/JobsMenu.cs using Guid(7a96926915a7746789220056d7c409a5) Importer(2089858483,b0f066a214c2f5e87bad3c948f4d605d) (ScriptedImporter) -> (artifact id: '469f58771c100cfffc33e09ae24b8d05') in 0.0175181 seconds
Number of updated asset objects reloaded before import = 0Number of asset objects unloaded after import = 0

========================================================================
Received Import Request.
  Time since last request: 0.000026 seconds.
  path: Packages/com.unity.mathematics/Unity.Mathematics/int4x4.gen.cs
  artifactKey: Guid(4d606f419b22349e1a0d1d639bdfac05) Importer(2089858483,b0f066a214c2f5e87bad3c948f4d605d)
Start importing Packages/com.unity.mathematics/Unity.Mathematics/int4x4.gen.cs using Guid(4d606f419b22349e1a0d1d639bdfac05) Importer(2089858483,b0f066a214c2f5e87bad3c948f4d605d) (ScriptedImporter) -> (artifact id: 'f2dc9c635ca1fca20457bebd234cd081') in 0.0166569 seconds
Number of updated asset objects reloaded before import = 0Number of asset objects unloaded after import = 0

========================================================================
Received Import Request.
  Time since last request: 0.000027 seconds.
  path: Packages/com.unity.collections/Unity.Collections.LowLevel.ILSupport
  artifactKey: Guid(6353acf8df7d746d98d65f640d39ea47) Importer(2089858483,b0f066a214c2f5e87bad3c948f4d605d)
Start importing Packages/com.unity.collections/Unity.Collections.LowLevel.ILSupport using Guid(6353acf8df7d746d98d65f640d39ea47) Importer(2089858483,b0f066a214c2f5e87bad3c948f4d605d) (ScriptedImporter) -> (artifact id: 'f4530c3358005d8fdac864f9c90b2938') in 0.0178884 seconds
Number of updated asset objects reloaded before import = 0Number of asset objects unloaded after import = 1

========================================================================
Received Import Request.
  Time since last request: 0.000023 seconds.
  path: Packages/com.unity.test-framework/UnityEngine.TestRunner/NUnitExtensions/Commands/OuterUnityTestActionCommand.cs
  artifactKey: Guid(0d4fc309a0784294c8ab658b53b12320) Importer(2089858483,b0f066a214c2f5e87bad3c948f4d605d)
Start importing Packages/com.unity.test-framework/UnityEngine.TestRunner/NUnitExtensions/Commands/OuterUnityTestActionCommand.cs using Guid(0d4fc309a0784294c8ab658b53b12320) Importer(2089858483,b0f066a214c2f5e87bad3c948f4d605d) (ScriptedImporter) -> (artifact id: '1c9825925ce2cd376345a458cab8545d') in 0.0149919 seconds
Number of updated asset objects reloaded before import = 0Number of asset objects unloaded after import = 0

========================================================================
Received Import Request.
  Time since last request: 0.000692 seconds.
  path: Packages/com.unity.test-framework/UnityEditor.TestRunner/TestLaunchers/PlayerLauncherContextSettings.cs
  artifactKey: Guid(6965880f76f40194593cb53a88f74005) Importer(2089858483,b0f066a214c2f5e87bad3c948f4d605d)
Start importing Packages/com.unity.test-framework/UnityEditor.TestRunner/TestLaunchers/PlayerLauncherContextSettings.cs using Guid(6965880f76f40194593cb53a88f74005) Importer(2089858483,b0f066a214c2f5e87bad3c948f4d605d) (ScriptedImporter) -> (artifact id: '9f4fd2e9ae156aaef5e420b7530513cf') in 0.022057 seconds
Number of updated asset objects reloaded before import = 0Number of asset objects unloaded after import = 0

========================================================================
Received Import Request.
  Time since last request: 0.000393 seconds.
  path: Packages/com.unity.test-framework/UnityEngine.TestRunner/Utils/AssemblyProvider/IAssemblyWrapper.cs
  artifactKey: Guid(1c5afe945b715e149a70113a4be7b32a) Importer(2089858483,b0f066a214c2f5e87bad3c948f4d605d)
Start importing Packages/com.unity.test-framework/UnityEngine.TestRunner/Utils/AssemblyProvider/IAssemblyWrapper.cs using Guid(1c5afe945b715e149a70113a4be7b32a) Importer(2089858483,b0f066a214c2f5e87bad3c948f4d605d) (ScriptedImporter) -> (artifact id: '8fc34c60ba0274185f15146a74adba58') in 0.0178649 seconds
Number of updated asset objects reloaded before import = 0Number of asset objects unloaded after import = 0

========================================================================
Received Import Request.
  Time since last request: 0.000024 seconds.
  path: Packages/com.unity.netcode.gameobjects/Runtime/Components/Helpers/AttachableBehaviour.cs
  artifactKey: Guid(7aa87489bfc51d448940c66c2a2cf840) Importer(2089858483,b0f066a214c2f5e87bad3c948f4d605d)
Start importing Packages/com.unity.netcode.gameobjects/Runtime/Components/Helpers/AttachableBehaviour.cs using Guid(7aa87489bfc51d448940c66c2a2cf840) Importer(2089858483,b0f066a214c2f5e87bad3c948f4d605d) (ScriptedImporter) -> (artifact id: '6524b0caacad600e921e3900ba238cc8') in 0.0166013 seconds
Number of updated asset objects reloaded before import = 0Number of asset objects unloaded after import = 0

========================================================================
Received Import Request.
  Time since last request: 0.000030 seconds.
  path: Packages/com.unity.netcode.gameobjects/Tests/Runtime/TestHelpers/NUnitExtensions/IgnoreIfServiceEnvironmentVariableSetAttribute.cs
  artifactKey: Guid(d27ee61f70254bc68185f63867a8dd3f) Importer(2089858483,b0f066a214c2f5e87bad3c948f4d605d)
Start importing Packages/com.unity.netcode.gameobjects/Tests/Runtime/TestHelpers/NUnitExtensions/IgnoreIfServiceEnvironmentVariableSetAttribute.cs using Guid(d27ee61f70254bc68185f63867a8dd3f) Importer(2089858483,b0f066a214c2f5e87bad3c948f4d605d) (ScriptedImporter) -> (artifact id: '7c6cd49f9532b82a5f967c134a222e5a') in 0.0149895 seconds
Number of updated asset objects reloaded before import = 0Number of asset objects unloaded after import = 0

========================================================================
Received Import Request.
  Time since last request: 0.000063 seconds.
  path: Packages/com.unity.test-framework/UnityEditor.TestRunner/TestRun/Tasks/Scene/RestoreSceneSetupTask.cs
  artifactKey: Guid(337f28535644395459f6de8c60d9db37) Importer(2089858483,b0f066a214c2f5e87bad3c948f4d605d)
Start importing Packages/com.unity.test-framework/UnityEditor.TestRunner/TestRun/Tasks/Scene/RestoreSceneSetupTask.cs using Guid(337f28535644395459f6de8c60d9db37) Importer(2089858483,b0f066a214c2f5e87bad3c948f4d605d) (ScriptedImporter) -> (artifact id: '188b5325b55131ffc2e68bde0d7a44ca') in 0.0149264 seconds
Number of updated asset objects reloaded before import = 0Number of asset objects unloaded after import = 0

========================================================================
Received Import Request.
  Time since last request: 0.000022 seconds.
  path: Packages/com.unity.test-framework/UnityEngine.TestRunner/UnityEngine.TestRunner.asmdef
  artifactKey: Guid(27619889b8ba8c24980f49ee34dbb44a) Importer(2089858483,b0f066a214c2f5e87bad3c948f4d605d)
Start importing Packages/com.unity.test-framework/UnityEngine.TestRunner/UnityEngine.TestRunner.asmdef using Guid(27619889b8ba8c24980f49ee34dbb44a) Importer(2089858483,b0f066a214c2f5e87bad3c948f4d605d) (ScriptedImporter) -> (artifact id: 'ed2569920034aa74dd9ce01f1ed8209a') in 0.0141805 seconds
Number of updated asset objects reloaded before import = 0Number of asset objects unloaded after import = 1

========================================================================
Received Import Request.
  Time since last request: 0.000023 seconds.
  path: Packages/com.unity.collections/Unity.Collections/Jobs/RegisterGenericJobTypeAttribute.cs
  artifactKey: Guid(dad573b7a5d91e84bab5aada3f2f0530) Importer(2089858483,b0f066a214c2f5e87bad3c948f4d605d)
Start importing Packages/com.unity.collections/Unity.Collections/Jobs/RegisterGenericJobTypeAttribute.cs using Guid(dad573b7a5d91e84bab5aada3f2f0530) Importer(2089858483,b0f066a214c2f5e87bad3c948f4d605d) (ScriptedImporter) -> (artifact id: '9cb6d9fedbbeadeec5a6cd4077a3b2b6') in 0.0149207 seconds
Number of updated asset objects reloaded before import = 0Number of asset objects unloaded after import = 0

========================================================================
Received Import Request.
  Time since last request: 0.000027 seconds.
  path: Packages/com.unity.netcode.gameobjects/Tests/Runtime/Serialization/NetworkObjectReferenceTests.cs
  artifactKey: Guid(182c2000b73248b4bbdd79f70ec90cd2) Importer(2089858483,b0f066a214c2f5e87bad3c948f4d605d)
Start importing Packages/com.unity.netcode.gameobjects/Tests/Runtime/Serialization/NetworkObjectReferenceTests.cs using Guid(182c2000b73248b4bbdd79f70ec90cd2) Importer(2089858483,b0f066a214c2f5e87bad3c948f4d605d) (ScriptedImporter) -> (artifact id: '2f53d256e12fd9de1d431bbb6c42826a') in 0.0133292 seconds
Number of updated asset objects reloaded before import = 0Number of asset objects unloaded after import = 0

========================================================================
Received Import Request.
  Time since last request: 0.000032 seconds.
  path: Packages/com.unity.nuget.mono-cecil/Mono.Cecil.Rocks.dll
  artifactKey: Guid(2c942432c8301d3489edbfb539e736bd) Importer(2089858483,b0f066a214c2f5e87bad3c948f4d605d)
Start importing Packages/com.unity.nuget.mono-cecil/Mono.Cecil.Rocks.dll using Guid(2c942432c8301d3489edbfb539e736bd) Importer(2089858483,b0f066a214c2f5e87bad3c948f4d605d) (ScriptedImporter) -> (artifact id: '21b51cbce63e9ee39b21adaabb6a314b') in 0.01455 seconds
Number of updated asset objects reloaded before import = 0Number of asset objects unloaded after import = 0

========================================================================
Received Import Request.
  Time since last request: 0.000024 seconds.
  path: Packages/com.unity.netcode.gameobjects/Editor/NetworkRigidbodyBaseEditor.cs
  artifactKey: Guid(06561c57f81a6354f8bb16076f1de3a9) Importer(2089858483,b0f066a214c2f5e87bad3c948f4d605d)
Start importing Packages/com.unity.netcode.gameobjects/Editor/NetworkRigidbodyBaseEditor.cs using Guid(06561c57f81a6354f8bb16076f1de3a9) Importer(2089858483,b0f066a214c2f5e87bad3c948f4d605d) (ScriptedImporter) -> (artifact id: 'ff030192a26de277fbdb4bcb6b41d7ff') in 0.0151377 seconds
Number of updated asset objects reloaded before import = 0Number of asset objects unloaded after import = 0

========================================================================
Received Import Request.
  Time since last request: 0.000041 seconds.
  path: Packages/com.unity.mathematics/Unity.Mathematics/double4x3.gen.cs
  artifactKey: Guid(673ff09d67f254e00a538d7bbb41618e) Importer(2089858483,b0f066a214c2f5e87bad3c948f4d605d)
Start importing Packages/com.unity.mathematics/Unity.Mathematics/double4x3.gen.cs using Guid(673ff09d67f254e00a538d7bbb41618e) Importer(2089858483,b0f066a214c2f5e87bad3c948f4d605d) (ScriptedImporter) -> (artifact id: 'f300ce2dacb81499bf05da61e47a6584') in 0.0151072 seconds
Number of updated asset objects reloaded before import = 0Number of asset objects unloaded after import = 0

========================================================================
Received Import Request.
  Time since last request: 0.000023 seconds.
  path: Packages/com.unity.nuget.mono-cecil/Mono.Cecil.dll
  artifactKey: Guid(9c645c01fff7ef4408fce23b5ffb344d) Importer(2089858483,b0f066a214c2f5e87bad3c948f4d605d)
Start importing Packages/com.unity.nuget.mono-cecil/Mono.Cecil.dll using Guid(9c645c01fff7ef4408fce23b5ffb344d) Importer(2089858483,b0f066a214c2f5e87bad3c948f4d605d) (ScriptedImporter) -> (artifact id: '7c39e1a7149168134fa4231b31864e87') in 0.018857 seconds
Number of updated asset objects reloaded before import = 0Number of asset objects unloaded after import = 0

========================================================================
Received Import Request.
  Time since last request: 0.000022 seconds.
  path: Packages/com.unity.collections/Unity.Collections.PerformanceTests/BenchmarkContainerParallel.cs
  artifactKey: Guid(eec34f52a2dc6704f938be2c9ab97954) Importer(2089858483,b0f066a214c2f5e87bad3c948f4d605d)
Start importing Packages/com.unity.collections/Unity.Collections.PerformanceTests/BenchmarkContainerParallel.cs using Guid(eec34f52a2dc6704f938be2c9ab97954) Importer(2089858483,b0f066a214c2f5e87bad3c948f4d605d) (ScriptedImporter) -> (artifact id: '97254cf2a862c94b45edbe0d3724c9c4') in 0.0153319 seconds
Number of updated asset objects reloaded before import = 0Number of asset objects unloaded after import = 0

========================================================================
Received Import Request.
  Time since last request: 0.000019 seconds.
  path: Packages/com.unity.test-framework/UnityEditor.TestRunner/GUI/Controls/SelectableItemContent.cs
  artifactKey: Guid(f7d5e5417ccd4aa0bfa39228c674f142) Importer(2089858483,b0f066a214c2f5e87bad3c948f4d605d)
Start importing Packages/com.unity.test-framework/UnityEditor.TestRunner/GUI/Controls/SelectableItemContent.cs using Guid(f7d5e5417ccd4aa0bfa39228c674f142) Importer(2089858483,b0f066a214c2f5e87bad3c948f4d605d) (ScriptedImporter) -> (artifact id: '5d7cf87af9fc90b6f7d2e9889bec4f59') in 0.0152543 seconds
Number of updated asset objects reloaded before import = 0Number of asset objects unloaded after import = 0

========================================================================
Received Import Request.
  Time since last request: 0.000031 seconds.
  path: Packages/com.unity.netcode.gameobjects/Runtime/Messaging/RpcTargets/BaseRpcTarget.cs
  artifactKey: Guid(07c2620262e24eb5a426b521c09b3091) Importer(2089858483,b0f066a214c2f5e87bad3c948f4d605d)
Start importing Packages/com.unity.netcode.gameobjects/Runtime/Messaging/RpcTargets/BaseRpcTarget.cs using Guid(07c2620262e24eb5a426b521c09b3091) Importer(2089858483,b0f066a214c2f5e87bad3c948f4d605d) (ScriptedImporter) -> (artifact id: '96246ccf2d5d4f465512ef8c71df7879') in 0.0173845 seconds
Number of updated asset objects reloaded before import = 0Number of asset objects unloaded after import = 0

========================================================================
Received Import Request.
  Time since last request: 0.000019 seconds.
  path: Packages/com.unity.mathematics/Unity.Mathematics/math.cs
  artifactKey: Guid(a54902d8339407348996f4a12702eaff) Importer(2089858483,b0f066a214c2f5e87bad3c948f4d605d)
Start importing Packages/com.unity.mathematics/Unity.Mathematics/math.cs using Guid(a54902d8339407348996f4a12702eaff) Importer(2089858483,b0f066a214c2f5e87bad3c948f4d605d) (ScriptedImporter) -> (artifact id: '61248cc1bbf58fd2ecc45626b96e64f2') in 0.0156497 seconds
Number of updated asset objects reloaded before import = 0Number of asset objects unloaded after import = 0

========================================================================
Received Import Request.
  Time since last request: 0.000020 seconds.
  path: Packages/com.unity.test-framework/UnityEditor.TestRunner/GUI/TestAssets/ICustomScriptAssembly.cs
  artifactKey: Guid(32829ea9e75c475295f73ff867e2f9d0) Importer(2089858483,b0f066a214c2f5e87bad3c948f4d605d)
Start importing Packages/com.unity.test-framework/UnityEditor.TestRunner/GUI/TestAssets/ICustomScriptAssembly.cs using Guid(32829ea9e75c475295f73ff867e2f9d0) Importer(2089858483,b0f066a214c2f5e87bad3c948f4d605d) (ScriptedImporter) -> (artifact id: '0a7a9fe39517ef2dd06326b171e3a1fc') in 0.0181574 seconds
Number of updated asset objects reloaded before import = 0Number of asset objects unloaded after import = 0

========================================================================
Received Import Request.
  Time since last request: 0.000021 seconds.
  path: Packages/com.unity.mathematics/Unity.Mathematics/int3x4.gen.cs
  artifactKey: Guid(67f00d3260d3e46778497ed1e2b93c92) Importer(2089858483,b0f066a214c2f5e87bad3c948f4d605d)
Start importing Packages/com.unity.mathematics/Unity.Mathematics/int3x4.gen.cs using Guid(67f00d3260d3e46778497ed1e2b93c92) Importer(2089858483,b0f066a214c2f5e87bad3c948f4d605d) (ScriptedImporter) -> (artifact id: '735f9794a3b9163144d8a8501ca64fe8') in 0.0150831 seconds
Number of updated asset objects reloaded before import = 0Number of asset objects unloaded after import = 0

========================================================================
Received Import Request.
  Time since last request: 0.000031 seconds.
  path: Packages/com.unity.mathematics/Unity.Mathematics/double2x3.gen.cs
  artifactKey: Guid(5c05b76c6656d48b1a5a25086c9277c7) Importer(2089858483,b0f066a214c2f5e87bad3c948f4d605d)
Start importing Packages/com.unity.mathematics/Unity.Mathematics/double2x3.gen.cs using Guid(5c05b76c6656d48b1a5a25086c9277c7) Importer(2089858483,b0f066a214c2f5e87bad3c948f4d605d) (ScriptedImporter) -> (artifact id: '632e24e6b1f2d88d536498587d3b6b7f') in 0.0148094 seconds
Number of updated asset objects reloaded before import = 0Number of asset objects unloaded after import = 0

========================================================================
Received Import Request.
  Time since last request: 0.000026 seconds.
  path: Packages/com.unity.test-framework/UnityEngine.TestRunner/NUnitExtensions/Commands/BeforeAfterTestCommandState.cs
  artifactKey: Guid(7f65567c9026afb4db5de3355accc636) Importer(2089858483,b0f066a214c2f5e87bad3c948f4d605d)
Start importing Packages/com.unity.test-framework/UnityEngine.TestRunner/NUnitExtensions/Commands/BeforeAfterTestCommandState.cs using Guid(7f65567c9026afb4db5de3355accc636) Importer(2089858483,b0f066a214c2f5e87bad3c948f4d605d) (ScriptedImporter) -> (artifact id: '54ddaeeba4a64ab1463344a93bed56bd') in 0.0174744 seconds
Number of updated asset objects reloaded before import = 0Number of asset objects unloaded after import = 0

========================================================================
Received Import Request.
  Time since last request: 0.000254 seconds.
  path: Packages/com.unity.test-framework.performance/ValidationExceptions.json
  artifactKey: Guid(a23a55c69f9544b56a85639e7258ea1d) Importer(2089858483,b0f066a214c2f5e87bad3c948f4d605d)
Start importing Packages/com.unity.test-framework.performance/ValidationExceptions.json using Guid(a23a55c69f9544b56a85639e7258ea1d) Importer(2089858483,b0f066a214c2f5e87bad3c948f4d605d) (ScriptedImporter) -> (artifact id: '331b3e56754deae8766cd70cb8a368e0') in 0.0165322 seconds
Number of updated asset objects reloaded before import = 0Number of asset objects unloaded after import = 1

========================================================================
Received Import Request.
  Time since last request: 0.000021 seconds.
  path: Packages/com.unity.netcode.gameobjects/Runtime/Messaging/NetworkManagerHooks.cs
  artifactKey: Guid(c2be7fa492911d549bfca52be96c0906) Importer(2089858483,b0f066a214c2f5e87bad3c948f4d605d)
Start importing Packages/com.unity.netcode.gameobjects/Runtime/Messaging/NetworkManagerHooks.cs using Guid(c2be7fa492911d549bfca52be96c0906) Importer(2089858483,b0f066a214c2f5e87bad3c948f4d605d) (ScriptedImporter) -> (artifact id: '5b1f0b33b154ca5ea7d480ae36f6d4ce') in 0.0224879 seconds
Number of updated asset objects reloaded before import = 0Number of asset objects unloaded after import = 0

========================================================================
Received Import Request.
  Time since last request: 0.304928 seconds.
  path: Packages/com.unity.mathematics/Tests/Tests/Shared/TestBool3x4.gen.cs
  artifactKey: Guid(ce96cd62cfbd7e24c9173437069a42ad) Importer(2089858483,b0f066a214c2f5e87bad3c948f4d605d)
Start importing Packages/com.unity.mathematics/Tests/Tests/Shared/TestBool3x4.gen.cs using Guid(ce96cd62cfbd7e24c9173437069a42ad) Importer(2089858483,b0f066a214c2f5e87bad3c948f4d605d) (ScriptedImporter) -> (artifact id: 'aa6390a02645319932ffbc7306c9c155') in 0.0108092 seconds
Number of updated asset objects reloaded before import = 0Number of asset objects unloaded after import = 0

========================================================================
Received Import Request.
  Time since last request: 0.000020 seconds.
  path: Packages/com.unity.test-framework.performance/Editor/TestReportGraph
  artifactKey: Guid(30bb01dc09cb89b4faf344490fee76a7) Importer(2089858483,b0f066a214c2f5e87bad3c948f4d605d)
Start importing Packages/com.unity.test-framework.performance/Editor/TestReportGraph using Guid(30bb01dc09cb89b4faf344490fee76a7) Importer(2089858483,b0f066a214c2f5e87bad3c948f4d605d) (ScriptedImporter) -> (artifact id: '3cb3df1189703b71efc1b4dcd33e5847') in 0.0087375 seconds
Number of updated asset objects reloaded before import = 0Number of asset objects unloaded after import = 1

========================================================================
Received Import Request.
  Time since last request: 0.000021 seconds.
  path: Packages/com.unity.test-framework.performance/Runtime/Statistics
  artifactKey: Guid(18966f2a7fc5d4073a425a1a3d564494) Importer(2089858483,b0f066a214c2f5e87bad3c948f4d605d)
Start importing Packages/com.unity.test-framework.performance/Runtime/Statistics using Guid(18966f2a7fc5d4073a425a1a3d564494) Importer(2089858483,b0f066a214c2f5e87bad3c948f4d605d) (ScriptedImporter) -> (artifact id: '1687a68e0d955203e81803258b7ea521') in 0.0123052 seconds
Number of updated asset objects reloaded before import = 0Number of asset objects unloaded after import = 1

========================================================================
Received Import Request.
  Time since last request: 0.000028 seconds.
  path: Packages/com.unity.netcode.gameobjects/Runtime/NetworkVariable/Serialization/UserNetworkVariableSerialization.cs
  artifactKey: Guid(b295a6756640488b9824d2ec6e26ddae) Importer(2089858483,b0f066a214c2f5e87bad3c948f4d605d)
Start importing Packages/com.unity.netcode.gameobjects/Runtime/NetworkVariable/Serialization/UserNetworkVariableSerialization.cs using Guid(b295a6756640488b9824d2ec6e26ddae) Importer(2089858483,b0f066a214c2f5e87bad3c948f4d605d) (ScriptedImporter) -> (artifact id: 'a31f7b279d307f4ad245cdd8295341d9') in 0.0184675 seconds
Number of updated asset objects reloaded before import = 0Number of asset objects unloaded after import = 0

========================================================================
Received Import Request.
  Time since last request: 0.000027 seconds.
  path: Packages/com.unity.transport/Runtime/Pipelines/SimulatorPipelineStage.cs
  artifactKey: Guid(6c94271ce32ea46fa9d8019f313443eb) Importer(2089858483,b0f066a214c2f5e87bad3c948f4d605d)
Start importing Packages/com.unity.transport/Runtime/Pipelines/SimulatorPipelineStage.cs using Guid(6c94271ce32ea46fa9d8019f313443eb) Importer(2089858483,b0f066a214c2f5e87bad3c948f4d605d) (ScriptedImporter) -> (artifact id: '5aee819cd145ef27172d0fb63d9b4650') in 0.0160701 seconds
Number of updated asset objects reloaded before import = 0Number of asset objects unloaded after import = 0

========================================================================
Received Import Request.
  Time since last request: 0.000033 seconds.
  path: Packages/com.unity.netcode.gameobjects/Tests/Editor/DisconnectMessageTests.cs
  artifactKey: Guid(55a1355c62fe14a118253f8bbee7c3cf) Importer(2089858483,b0f066a214c2f5e87bad3c948f4d605d)
Start importing Packages/com.unity.netcode.gameobjects/Tests/Editor/DisconnectMessageTests.cs using Guid(55a1355c62fe14a118253f8bbee7c3cf) Importer(2089858483,b0f066a214c2f5e87bad3c948f4d605d) (ScriptedImporter) -> (artifact id: 'ff859b14c26bfb94f2e9aafb1094246a') in 0.0159309 seconds
Number of updated asset objects reloaded before import = 0Number of asset objects unloaded after import = 0

========================================================================
Received Import Request.
  Time since last request: 0.000024 seconds.
  path: Packages/com.unity.test-framework/UnityEngine.TestRunner/Utils/AssemblyProvider/AssemblyWrapper.cs
  artifactKey: Guid(2e3b9bbf2c1a3cd4f88883ca32882ec6) Importer(2089858483,b0f066a214c2f5e87bad3c948f4d605d)
Start importing Packages/com.unity.test-framework/UnityEngine.TestRunner/Utils/AssemblyProvider/AssemblyWrapper.cs using Guid(2e3b9bbf2c1a3cd4f88883ca32882ec6) Importer(2089858483,b0f066a214c2f5e87bad3c948f4d605d) (ScriptedImporter) -> (artifact id: '1bbe3e080a1cb2cfd5f32432a115a2b6') in 0.0149509 seconds
Number of updated asset objects reloaded before import = 0Number of asset objects unloaded after import = 0

========================================================================
Received Import Request.
  Time since last request: 0.000021 seconds.
  path: Packages/com.unity.test-framework/UnityEngine.TestRunner/TestRunner/Callbacks
  artifactKey: Guid(61e236e8570a95e4eb754fb291e102e0) Importer(2089858483,b0f066a214c2f5e87bad3c948f4d605d)
Start importing Packages/com.unity.test-framework/UnityEngine.TestRunner/TestRunner/Callbacks using Guid(61e236e8570a95e4eb754fb291e102e0) Importer(2089858483,b0f066a214c2f5e87bad3c948f4d605d) (ScriptedImporter) -> (artifact id: 'f5b7dba2e47f7dd12ed51c8c5a8a14d8') in 0.0182598 seconds
Number of updated asset objects reloaded before import = 0Number of asset objects unloaded after import = 1

========================================================================
Received Import Request.
  Time since last request: 0.000021 seconds.
  path: Packages/com.unity.test-framework/UnityEngine.TestRunner/Assertions/Is.cs
  artifactKey: Guid(6d5833966abeadb429de247e4316eef4) Importer(2089858483,b0f066a214c2f5e87bad3c948f4d605d)
Start importing Packages/com.unity.test-framework/UnityEngine.TestRunner/Assertions/Is.cs using Guid(6d5833966abeadb429de247e4316eef4) Importer(2089858483,b0f066a214c2f5e87bad3c948f4d605d) (ScriptedImporter) -> (artifact id: '8a37eafee7131ca473bbcf71407bc8e8') in 0.01424 seconds
Number of updated asset objects reloaded before import = 0Number of asset objects unloaded after import = 0

========================================================================
Received Import Request.
  Time since last request: 0.000025 seconds.
  path: Packages/com.unity.test-framework/Tests/TestNewCustomAssembly/NewPlayModeTest.cs
  artifactKey: Guid(74e0dd7cd2eda394aafc22c5859b35c8) Importer(2089858483,b0f066a214c2f5e87bad3c948f4d605d)
Start importing Packages/com.unity.test-framework/Tests/TestNewCustomAssembly/NewPlayModeTest.cs using Guid(74e0dd7cd2eda394aafc22c5859b35c8) Importer(2089858483,b0f066a214c2f5e87bad3c948f4d605d) (ScriptedImporter) -> (artifact id: '4a52a45f8941f649d79c809cf3e68c70') in 0.0154919 seconds
Number of updated asset objects reloaded before import = 0Number of asset objects unloaded after import = 0

========================================================================
Received Import Request.
  Time since last request: 0.000025 seconds.
  path: Packages/com.unity.netcode.gameobjects/Tests/Runtime/Rpc/RpcDuringOnNetworkSpawn.cs
  artifactKey: Guid(0d296381391ec064b9815743cc161bc9) Importer(2089858483,b0f066a214c2f5e87bad3c948f4d605d)
Start importing Packages/com.unity.netcode.gameobjects/Tests/Runtime/Rpc/RpcDuringOnNetworkSpawn.cs using Guid(0d296381391ec064b9815743cc161bc9) Importer(2089858483,b0f066a214c2f5e87bad3c948f4d605d) (ScriptedImporter) -> (artifact id: 'dfc7cb813b0e9ccf7c1ba6bb01efb377') in 0.0142861 seconds
Number of updated asset objects reloaded before import = 0Number of asset objects unloaded after import = 0

========================================================================
Received Import Request.
  Time since last request: 0.000022 seconds.
  path: Packages/com.unity.collections/Unity.Collections.Tests/ConcurrentMaskTests.cs
  artifactKey: Guid(b21a3382971974da1b398c348949244e) Importer(2089858483,b0f066a214c2f5e87bad3c948f4d605d)
Start importing Packages/com.unity.collections/Unity.Collections.Tests/ConcurrentMaskTests.cs using Guid(b21a3382971974da1b398c348949244e) Importer(2089858483,b0f066a214c2f5e87bad3c948f4d605d) (ScriptedImporter) -> (artifact id: 'b90ea26e8ee50ff90a57e78d35051dc7') in 0.031559 seconds
Number of updated asset objects reloaded before import = 0Number of asset objects unloaded after import = 0

========================================================================
Received Import Request.
  Time since last request: 0.000018 seconds.
  path: Packages/com.unity.test-framework.performance/Runtime/Measurements/ScopeMeasurement.cs
  artifactKey: Guid(f7250ae0d09b4f228bb132e8f30d3f6e) Importer(2089858483,b0f066a214c2f5e87bad3c948f4d605d)
Start importing Packages/com.unity.test-framework.performance/Runtime/Measurements/ScopeMeasurement.cs using Guid(f7250ae0d09b4f228bb132e8f30d3f6e) Importer(2089858483,b0f066a214c2f5e87bad3c948f4d605d) (ScriptedImporter) -> (artifact id: '84a5d9e6510f21d185365e70ef2d4808') in 0.0276354 seconds
Number of updated asset objects reloaded before import = 0Number of asset objects unloaded after import = 0

========================================================================
Received Import Request.
  Time since last request: 0.000018 seconds.
  path: Packages/com.unity.mathematics/Unity.Mathematics/Noise/classicnoise2D.cs
  artifactKey: Guid(cdfa008cc8af3440983f8c7beef680b9) Importer(2089858483,b0f066a214c2f5e87bad3c948f4d605d)
Start importing Packages/com.unity.mathematics/Unity.Mathematics/Noise/classicnoise2D.cs using Guid(cdfa008cc8af3440983f8c7beef680b9) Importer(2089858483,b0f066a214c2f5e87bad3c948f4d605d) (ScriptedImporter) -> (artifact id: 'd0c5a2258e4943eb69cc7e22c0d24c58') in 0.0159676 seconds
Number of updated asset objects reloaded before import = 0Number of asset objects unloaded after import = 0

========================================================================
Received Import Request.
  Time since last request: 0.000122 seconds.
  path: Packages/com.unity.test-framework/UnityEditor.TestRunner/TestLaunchers/PlayerLauncherTestRunSettings.cs
  artifactKey: Guid(c1cba6f3ed484514097080a3bb835958) Importer(2089858483,b0f066a214c2f5e87bad3c948f4d605d)
Start importing Packages/com.unity.test-framework/UnityEditor.TestRunner/TestLaunchers/PlayerLauncherTestRunSettings.cs using Guid(c1cba6f3ed484514097080a3bb835958) Importer(2089858483,b0f066a214c2f5e87bad3c948f4d605d) (ScriptedImporter) -> (artifact id: 'c85071fb7c070a8b8428049d00332ad4') in 0.0152678 seconds
Number of updated asset objects reloaded before import = 0Number of asset objects unloaded after import = 0

========================================================================
Received Import Request.
  Time since last request: 0.000053 seconds.
  path: Packages/com.unity.burst
  artifactKey: Guid(2db9b03aaf3d8754fea6aa2648512f8c) Importer(2089858483,b0f066a214c2f5e87bad3c948f4d605d)
Start importing Packages/com.unity.burst using Guid(2db9b03aaf3d8754fea6aa2648512f8c) Importer(2089858483,b0f066a214c2f5e87bad3c948f4d605d) (ScriptedImporter) -> (artifact id: 'f8c4c66e10687d9d930473a68a83d95f') in 0.0176465 seconds
Number of updated asset objects reloaded before import = 0Number of asset objects unloaded after import = 1

========================================================================
Received Import Request.
  Time since last request: 0.000023 seconds.
  path: Packages/com.unity.transport/Runtime/PacketMetadata.cs
  artifactKey: Guid(64c30722d382b485199363e58710a260) Importer(2089858483,b0f066a214c2f5e87bad3c948f4d605d)
Start importing Packages/com.unity.transport/Runtime/PacketMetadata.cs using Guid(64c30722d382b485199363e58710a260) Importer(2089858483,b0f066a214c2f5e87bad3c948f4d605d) (ScriptedImporter) -> (artifact id: 'e4cd2b1ccfdf3259ffd50fff1903a398') in 0.0154812 seconds
Number of updated asset objects reloaded before import = 0Number of asset objects unloaded after import = 0

========================================================================
Received Import Request.
  Time since last request: 0.000212 seconds.
  path: Packages/com.unity.burst/Runtime/Editor/BurstAssemblyDisable.cs
  artifactKey: Guid(24e5242d7f213ce49a52eefb5d544d24) Importer(2089858483,b0f066a214c2f5e87bad3c948f4d605d)
Start importing Packages/com.unity.burst/Runtime/Editor/BurstAssemblyDisable.cs using Guid(24e5242d7f213ce49a52eefb5d544d24) Importer(2089858483,b0f066a214c2f5e87bad3c948f4d605d) (ScriptedImporter) -> (artifact id: 'ea7a4a1091cd9581111223573a3a6170') in 0.0166938 seconds
Number of updated asset objects reloaded before import = 0Number of asset objects unloaded after import = 0

========================================================================
Received Import Request.
  Time since last request: 0.000018 seconds.
  path: Packages/com.unity.transport/Runtime/NetworkEndpoint.cs
  artifactKey: Guid(f4fec373e8214414a96bbb300a2dcaac) Importer(2089858483,b0f066a214c2f5e87bad3c948f4d605d)
Start importing Packages/com.unity.transport/Runtime/NetworkEndpoint.cs using Guid(f4fec373e8214414a96bbb300a2dcaac) Importer(2089858483,b0f066a214c2f5e87bad3c948f4d605d) (ScriptedImporter) -> (artifact id: 'af191a8d1e9c6093f1992ca8359eac3e') in 0.01742 seconds
Number of updated asset objects reloaded before import = 0Number of asset objects unloaded after import = 0

========================================================================
Received Import Request.
  Time since last request: 0.000030 seconds.
  path: Packages/com.unity.collections/Unity.Collections/NativeHashMap.cs
  artifactKey: Guid(0e9b36beea84b894ca71b7dcd8883525) Importer(2089858483,b0f066a214c2f5e87bad3c948f4d605d)
Start importing Packages/com.unity.collections/Unity.Collections/NativeHashMap.cs using Guid(0e9b36beea84b894ca71b7dcd8883525) Importer(2089858483,b0f066a214c2f5e87bad3c948f4d605d) (ScriptedImporter) -> (artifact id: '5a46e5c44086fa4c691230621761b772') in 0.0171737 seconds
Number of updated asset objects reloaded before import = 0Number of asset objects unloaded after import = 0

========================================================================
Received Import Request.
  Time since last request: 0.000021 seconds.
  path: Packages/com.unity.mathematics/Tests/Tests/Shared/TestInt4.gen.cs
  artifactKey: Guid(682471010e9050444948ecc9c69b3b0c) Importer(2089858483,b0f066a214c2f5e87bad3c948f4d605d)
Start importing Packages/com.unity.mathematics/Tests/Tests/Shared/TestInt4.gen.cs using Guid(682471010e9050444948ecc9c69b3b0c) Importer(2089858483,b0f066a214c2f5e87bad3c948f4d605d) (ScriptedImporter) -> (artifact id: '4d11ab79eefca7a86de7d3fbca1c51a3') in 0.0366336 seconds
Number of updated asset objects reloaded before import = 0Number of asset objects unloaded after import = 0

========================================================================
Received Import Request.
  Time since last request: 0.000363 seconds.
  path: Packages/com.unity.test-framework/UnityEditor.TestRunner/TestLaunchers/PlatformSetup/ApplePlatformSetup.cs
  artifactKey: Guid(f6c189a159d3bde4c964cee562e508ea) Importer(2089858483,b0f066a214c2f5e87bad3c948f4d605d)
Start importing Packages/com.unity.test-framework/UnityEditor.TestRunner/TestLaunchers/PlatformSetup/ApplePlatformSetup.cs using Guid(f6c189a159d3bde4c964cee562e508ea) Importer(2089858483,b0f066a214c2f5e87bad3c948f4d605d) (ScriptedImporter) -> (artifact id: 'c44ad1b6ae960af862f793843186de1d') in 0.0243892 seconds
Number of updated asset objects reloaded before import = 0Number of asset objects unloaded after import = 0

========================================================================
Received Import Request.
  Time since last request: 0.000280 seconds.
  path: Packages/com.unity.netcode.gameobjects/Runtime/Configuration/NetworkConfig.cs
  artifactKey: Guid(1b056e7faa4d1cb4aac7bc304c765c3b) Importer(2089858483,b0f066a214c2f5e87bad3c948f4d605d)
Start importing Packages/com.unity.netcode.gameobjects/Runtime/Configuration/NetworkConfig.cs using Guid(1b056e7faa4d1cb4aac7bc304c765c3b) Importer(2089858483,b0f066a214c2f5e87bad3c948f4d605d) (ScriptedImporter) -> (artifact id: 'b5cf2ce42b6a6a0e59b81899e4158462') in 0.0177593 seconds
Number of updated asset objects reloaded before import = 0Number of asset objects unloaded after import = 0

========================================================================
Received Import Request.
  Time since last request: 0.000271 seconds.
  path: Packages/com.unity.test-framework/UnityEditor.TestRunner/TestLaunchers/PlatformSetup/IPlatformSetup.cs
  artifactKey: Guid(9d614808f9add8a4f8e4860db2c7af0d) Importer(2089858483,b0f066a214c2f5e87bad3c948f4d605d)
Start importing Packages/com.unity.test-framework/UnityEditor.TestRunner/TestLaunchers/PlatformSetup/IPlatformSetup.cs using Guid(9d614808f9add8a4f8e4860db2c7af0d) Importer(2089858483,b0f066a214c2f5e87bad3c948f4d605d) (ScriptedImporter) -> (artifact id: '2ac1261329e067d3bb3000db27ff2d5e') in 0.0159435 seconds
Number of updated asset objects reloaded before import = 0Number of asset objects unloaded after import = 0

========================================================================
Received Import Request.
  Time since last request: 0.000036 seconds.
  path: Packages/com.unity.collections/Unity.Collections.Tests/Jobs/JobTests.cs
  artifactKey: Guid(8693443c8d9368d4b8b9f2beea09d699) Importer(2089858483,b0f066a214c2f5e87bad3c948f4d605d)
Start importing Packages/com.unity.collections/Unity.Collections.Tests/Jobs/JobTests.cs using Guid(8693443c8d9368d4b8b9f2beea09d699) Importer(2089858483,b0f066a214c2f5e87bad3c948f4d605d) (ScriptedImporter) -> (artifact id: 'f3d0d9bb6d1375f1e7f03dbc6a7e793d') in 0.0153661 seconds
Number of updated asset objects reloaded before import = 0Number of asset objects unloaded after import = 0

========================================================================
Received Import Request.
  Time since last request: 0.000036 seconds.
  path: Packages/com.unity.netcode.gameobjects/Tests/Runtime/NetworkVariable/NetworkVariableCollectionsChangingTests.cs
  artifactKey: Guid(adde18d8af294e4786577a51e48ef109) Importer(2089858483,b0f066a214c2f5e87bad3c948f4d605d)
Start importing Packages/com.unity.netcode.gameobjects/Tests/Runtime/NetworkVariable/NetworkVariableCollectionsChangingTests.cs using Guid(adde18d8af294e4786577a51e48ef109) Importer(2089858483,b0f066a214c2f5e87bad3c948f4d605d) (ScriptedImporter) -> (artifact id: '76fdfba5b9d675c4269311dac7064a69') in 0.0142756 seconds
Number of updated asset objects reloaded before import = 0Number of asset objects unloaded after import = 0

========================================================================
Received Import Request.
  Time since last request: 0.000027 seconds.
  path: Packages/com.unity.burst/LICENSE.md
  artifactKey: Guid(3adebabc9c53348aab08029333dba930) Importer(2089858483,b0f066a214c2f5e87bad3c948f4d605d)
Start importing Packages/com.unity.burst/LICENSE.md using Guid(3adebabc9c53348aab08029333dba930) Importer(2089858483,b0f066a214c2f5e87bad3c948f4d605d) (ScriptedImporter) -> (artifact id: 'fd7c6f90b2cdfc1dd83fa9cffa7a379e') in 0.0136568 seconds
Number of updated asset objects reloaded before import = 0Number of asset objects unloaded after import = 1

========================================================================
Received Import Request.
  Time since last request: 0.000023 seconds.
  path: Packages/com.unity.transport/Runtime/Relay/Messages/RelayMessageAccepted.cs
  artifactKey: Guid(ed95cb1bc2ae4e344b0c0ba860491021) Importer(2089858483,b0f066a214c2f5e87bad3c948f4d605d)
Start importing Packages/com.unity.transport/Runtime/Relay/Messages/RelayMessageAccepted.cs using Guid(ed95cb1bc2ae4e344b0c0ba860491021) Importer(2089858483,b0f066a214c2f5e87bad3c948f4d605d) (ScriptedImporter) -> (artifact id: '6c0f40eccc256132a4d7869886eeccaa') in 0.0173242 seconds
Number of updated asset objects reloaded before import = 0Number of asset objects unloaded after import = 0

========================================================================
Received Import Request.
  Time since last request: 0.000020 seconds.
  path: Packages/com.unity.mathematics/Tests/Tests/Shared/TestMath.gen.cs
  artifactKey: Guid(0a9baee454a793140a0be3d7d81d09ee) Importer(2089858483,b0f066a214c2f5e87bad3c948f4d605d)
Start importing Packages/com.unity.mathematics/Tests/Tests/Shared/TestMath.gen.cs using Guid(0a9baee454a793140a0be3d7d81d09ee) Importer(2089858483,b0f066a214c2f5e87bad3c948f4d605d) (ScriptedImporter) -> (artifact id: '4b67d0e3cf7c6fe1d955719f4a1aca7c') in 0.019801 seconds
Number of updated asset objects reloaded before import = 0Number of asset objects unloaded after import = 0

========================================================================
Received Import Request.
  Time since last request: 0.000034 seconds.
  path: Packages/com.unity.netcode.gameobjects/Runtime/Messaging/INetworkMessage.cs
  artifactKey: Guid(16079de8d8821a24c91db930bc892b5d) Importer(2089858483,b0f066a214c2f5e87bad3c948f4d605d)
Start importing Packages/com.unity.netcode.gameobjects/Runtime/Messaging/INetworkMessage.cs using Guid(16079de8d8821a24c91db930bc892b5d) Importer(2089858483,b0f066a214c2f5e87bad3c948f4d605d) (ScriptedImporter) -> (artifact id: 'b3c4bba6cbb7c487c6c6211d14740f5d') in 0.0257 seconds
Number of updated asset objects reloaded before import = 0Number of asset objects unloaded after import = 0

========================================================================
Received Import Request.
  Time since last request: 0.000241 seconds.
  path: Packages/com.unity.test-framework.performance/Runtime/Data/RunSettings.cs
  artifactKey: Guid(60f3b660212a40e7afb5bf15edcd64f2) Importer(2089858483,b0f066a214c2f5e87bad3c948f4d605d)
Start importing Packages/com.unity.test-framework.performance/Runtime/Data/RunSettings.cs using Guid(60f3b660212a40e7afb5bf15edcd64f2) Importer(2089858483,b0f066a214c2f5e87bad3c948f4d605d) (ScriptedImporter) -> (artifact id: '847b8bc45fa91c13bff304c7eb7968ca') in 0.0162799 seconds
Number of updated asset objects reloaded before import = 0Number of asset objects unloaded after import = 0

========================================================================
Received Import Request.
  Time since last request: 0.000148 seconds.
  path: Packages/com.unity.test-framework/UnityEngine.TestRunner/NUnitExtensions/Filters/CategoryFilterExtended.cs
  artifactKey: Guid(ebeedaa04bb53e24ba2e7fb6745e3fd3) Importer(2089858483,b0f066a214c2f5e87bad3c948f4d605d)
Start importing Packages/com.unity.test-framework/UnityEngine.TestRunner/NUnitExtensions/Filters/CategoryFilterExtended.cs using Guid(ebeedaa04bb53e24ba2e7fb6745e3fd3) Importer(2089858483,b0f066a214c2f5e87bad3c948f4d605d) (ScriptedImporter) -> (artifact id: '686b7f520933950750aebbaa2d05386c') in 0.0494683 seconds
Number of updated asset objects reloaded before import = 0Number of asset objects unloaded after import = 0

========================================================================
Received Import Request.
  Time since last request: 0.000258 seconds.
  path: Packages/com.unity.test-framework/UnityEngine.TestRunner/Utils/Vector3ComparerWithEqualsOperator.cs
  artifactKey: Guid(5b994928117e3db418da69c821da7e19) Importer(2089858483,b0f066a214c2f5e87bad3c948f4d605d)
Start importing Packages/com.unity.test-framework/UnityEngine.TestRunner/Utils/Vector3ComparerWithEqualsOperator.cs using Guid(5b994928117e3db418da69c821da7e19) Importer(2089858483,b0f066a214c2f5e87bad3c948f4d605d) (ScriptedImporter) -> (artifact id: 'fd1eda1c7c7d39bc212841ecb492adeb') in 0.0252084 seconds
Number of updated asset objects reloaded before import = 0Number of asset objects unloaded after import = 0

========================================================================
Received Import Request.
  Time since last request: 0.000420 seconds.
  path: Packages/com.unity.test-framework/UnityEditor.TestRunner/GUI/IAssetsDatabaseHelper.cs
  artifactKey: Guid(208e46d59ff6e304db0318377d20f5a1) Importer(2089858483,b0f066a214c2f5e87bad3c948f4d605d)
Start importing Packages/com.unity.test-framework/UnityEditor.TestRunner/GUI/IAssetsDatabaseHelper.cs using Guid(208e46d59ff6e304db0318377d20f5a1) Importer(2089858483,b0f066a214c2f5e87bad3c948f4d605d) (ScriptedImporter) -> (artifact id: '6ea34c636d0c8bd04e0985eb7cb5410e') in 0.0228803 seconds
Number of updated asset objects reloaded before import = 0Number of asset objects unloaded after import = 0

========================================================================
Received Import Request.
  Time since last request: 0.000159 seconds.
  path: Packages/com.unity.collections/Unity.Collections/UnsafeHashSet.cs
  artifactKey: Guid(92809129fe1cd814cb1c8239cdafb470) Importer(2089858483,b0f066a214c2f5e87bad3c948f4d605d)
Start importing Packages/com.unity.collections/Unity.Collections/UnsafeHashSet.cs using Guid(92809129fe1cd814cb1c8239cdafb470) Importer(2089858483,b0f066a214c2f5e87bad3c948f4d605d) (ScriptedImporter) -> (artifact id: 'aa62f6f64b1f6b881da4f7e3ed5ee5e3') in 0.0231578 seconds
Number of updated asset objects reloaded before import = 0Number of asset objects unloaded after import = 0

========================================================================
Received Import Request.
  Time since last request: 0.001027 seconds.
  path: Packages/com.unity.netcode.gameobjects/Runtime/Messaging/MessageDelivery.cs
  artifactKey: Guid(1259b14a36330714f8bbcd688260b782) Importer(2089858483,b0f066a214c2f5e87bad3c948f4d605d)
Start importing Packages/com.unity.netcode.gameobjects/Runtime/Messaging/MessageDelivery.cs using Guid(1259b14a36330714f8bbcd688260b782) Importer(2089858483,b0f066a214c2f5e87bad3c948f4d605d) (ScriptedImporter) -> (artifact id: '3c8ad4bbfc5a41e66b63587709b1b0b3') in 0.0167462 seconds
Number of updated asset objects reloaded before import = 0Number of asset objects unloaded after import = 0

========================================================================
Received Import Request.
  Time since last request: 0.000028 seconds.
  path: Packages/com.unity.mathematics/Unity.Mathematics/Noise/cellular2D.cs
  artifactKey: Guid(7bc458fcf5f30484da36c2a11ca0c50a) Importer(2089858483,b0f066a214c2f5e87bad3c948f4d605d)
Start importing Packages/com.unity.mathematics/Unity.Mathematics/Noise/cellular2D.cs using Guid(7bc458fcf5f30484da36c2a11ca0c50a) Importer(2089858483,b0f066a214c2f5e87bad3c948f4d605d) (ScriptedImporter) -> (artifact id: '8a032043732522c95df83a8ef052d8d9') in 0.0137213 seconds
Number of updated asset objects reloaded before import = 0Number of asset objects unloaded after import = 0

========================================================================
Received Import Request.
  Time since last request: 0.000063 seconds.
  path: Packages/com.unity.collections/Unity.Collections.Tests/Jobs/NativeListDeferredArrayTests.cs
  artifactKey: Guid(5b263730bb62fa74190582398189b6f9) Importer(2089858483,b0f066a214c2f5e87bad3c948f4d605d)
Start importing Packages/com.unity.collections/Unity.Collections.Tests/Jobs/NativeListDeferredArrayTests.cs using Guid(5b263730bb62fa74190582398189b6f9) Importer(2089858483,b0f066a214c2f5e87bad3c948f4d605d) (ScriptedImporter) -> (artifact id: '5825a862715c8148f9b982f7b1254cef') in 0.0346331 seconds
Number of updated asset objects reloaded before import = 0Number of asset objects unloaded after import = 0

========================================================================
Received Import Request.
  Time since last request: 0.160288 seconds.
  path: Packages/com.unity.test-framework/UnityEditor.TestRunner/TestLaunchers/Helpers/PrebuildSetupWithJobDataAttributeFinder.cs
  artifactKey: Guid(bd3135cd5079e43b383e0e53242ef502) Importer(2089858483,b0f066a214c2f5e87bad3c948f4d605d)
Start importing Packages/com.unity.test-framework/UnityEditor.TestRunner/TestLaunchers/Helpers/PrebuildSetupWithJobDataAttributeFinder.cs using Guid(bd3135cd5079e43b383e0e53242ef502) Importer(2089858483,b0f066a214c2f5e87bad3c948f4d605d) (ScriptedImporter) -> (artifact id: '2cfd747d6b4a26d422d7586ddfebaffb') in 0.0094725 seconds
Number of updated asset objects reloaded before import = 0Number of asset objects unloaded after import = 0

========================================================================
Received Import Request.
  Time since last request: 0.000031 seconds.
  path: Packages/com.unity.transport/Runtime/Utilities/UnsafeDynamicRingQueue.cs
  artifactKey: Guid(bcd3ea903f4505f4c803b18c09d7adc0) Importer(2089858483,b0f066a214c2f5e87bad3c948f4d605d)
Start importing Packages/com.unity.transport/Runtime/Utilities/UnsafeDynamicRingQueue.cs using Guid(bcd3ea903f4505f4c803b18c09d7adc0) Importer(2089858483,b0f066a214c2f5e87bad3c948f4d605d) (ScriptedImporter) -> (artifact id: '570554771ed68209a89f6740fff39b30') in 0.0124922 seconds
Number of updated asset objects reloaded before import = 0Number of asset objects unloaded after import = 0

========================================================================
Received Prepare
Begin MonoManager ReloadAssembly
[Licensing::Client] Successfully resolved entitlement details
- Loaded All Assemblies, in  0.567 seconds
Refreshing native plugins compatible for Editor in 0.25 ms, found 0 plugins.
Native extension for WindowsStandalone target not found
[Package Manager] Failed to launch server process. Reason: Unity was launched with the -noUpm command-line argument
[Package Manager] Unable to send message (not connected to server process).
[Package Manager] Cannot connect to Unity Package Manager local server
ScheduleIndexationOnStartup MainProcess:False IndexOnStartup:True
Mono: successfully reloaded assembly
- Finished resetting the current domain, in  0.599 seconds
Domain Reload Profiling: 1163ms
	BeginReloadAssembly (234ms)
		ExecutionOrderSort (0ms)
		DisableScriptedObjects (8ms)
		BackupInstance (0ms)
		ReleaseScriptingObjects (0ms)
		CreateAndSetChildDomain (32ms)
	RebuildCommonClasses (69ms)
	RebuildNativeTypeToScriptingClass (19ms)
	initialDomainReloadingComplete (34ms)
	LoadAllAssembliesAndSetupDomain (206ms)
		LoadAssemblies (288ms)
		RebuildTransferFunctionScriptingTraits (0ms)
		AnalyzeDomain (55ms)
			TypeCache.Refresh (7ms)
				TypeCache.ScanAssembly (0ms)
			BuildScriptInfoCaches (44ms)
			ResolveRequiredComponents (1ms)
	FinalizeReload (600ms)
		ReleaseScriptCaches (0ms)
		RebuildScriptCaches (0ms)
		SetupLoadedEditorAssemblies (448ms)
			LogAssemblyErrors (0ms)
			InitializePlatformSupportModulesInManaged (2ms)
			SetLoadedEditorAssemblies (5ms)
			BeforeProcessingInitializeOnLoad (157ms)
			ProcessInitializeOnLoadAttributes (186ms)
			ProcessInitializeOnLoadMethodAttributes (90ms)
			AfterProcessingInitializeOnLoad (8ms)
			EditorAssembliesLoaded (0ms)
		ExecutionOrderSort2 (0ms)
		AwakeInstancesAfterBackupRestoration (9ms)
Refreshing native plugins compatible for Editor in 0.49 ms, found 0 plugins.
Preloading 0 native plugins for Editor in 0.00 ms.
Unloading 1 Unused Serialized files (Serialized files now loaded: 0)
Unloading 1421 unused Assets / (371.2 KB). Loaded Objects now: 2024.
Memory consumption went from 83.2 MB to 82.9 MB.
Total: 6.010200 ms (FindLiveObjects: 0.295000 ms CreateObjectMapping: 0.094800 ms MarkObjects: 5.076900 ms  DeleteObjects: 0.541900 ms)

Prepare: number of updated asset objects reloaded= 0
========================================================================
Received Import Request.
  Time since last request: 4.255647 seconds.
  path: Assets/NetworkPlayerController.cs
  artifactKey: Guid(6ce45f070b285ea4b8c6a075ef480488) Importer(815301076,1909f56bfc062723c751e8b465ee728b)
Start importing Assets/NetworkPlayerController.cs using Guid(6ce45f070b285ea4b8c6a075ef480488) Importer(815301076,1909f56bfc062723c751e8b465ee728b) (PreviewImporter) -> (artifact id: '21574e4bfb5864e35ab67af3951e1d88') in 0.0024643 seconds
Number of updated asset objects reloaded before import = 0Number of asset objects unloaded after import = 0

========================================================================
Received Prepare
Begin MonoManager ReloadAssembly
[Licensing::Client] Successfully resolved entitlement details
- Loaded All Assemblies, in  0.628 seconds
Refreshing native plugins compatible for Editor in 0.31 ms, found 0 plugins.
Native extension for WindowsStandalone target not found
[Package Manager] Failed to launch server process. Reason: Unity was launched with the -noUpm command-line argument
[Package Manager] Unable to send message (not connected to server process).
[Package Manager] Cannot connect to Unity Package Manager local server
ScheduleIndexationOnStartup MainProcess:False IndexOnStartup:True
Mono: successfully reloaded assembly
- Finished resetting the current domain, in  1.016 seconds
Domain Reload Profiling: 1642ms
	BeginReloadAssembly (268ms)
		ExecutionOrderSort (0ms)
		DisableScriptedObjects (9ms)
		BackupInstance (0ms)
		ReleaseScriptingObjects (0ms)
		CreateAndSetChildDomain (34ms)
	RebuildCommonClasses (55ms)
	RebuildNativeTypeToScriptingClass (19ms)
	initialDomainReloadingComplete (39ms)
	LoadAllAssembliesAndSetupDomain (243ms)
		LoadAssemblies (339ms)
		RebuildTransferFunctionScriptingTraits (0ms)
		AnalyzeDomain (59ms)
			TypeCache.Refresh (7ms)
				TypeCache.ScanAssembly (0ms)
			BuildScriptInfoCaches (48ms)
			ResolveRequiredComponents (1ms)
	FinalizeReload (1017ms)
		ReleaseScriptCaches (0ms)
		RebuildScriptCaches (0ms)
		SetupLoadedEditorAssemblies (855ms)
			LogAssemblyErrors (0ms)
			InitializePlatformSupportModulesInManaged (2ms)
			SetLoadedEditorAssemblies (5ms)
			BeforeProcessingInitializeOnLoad (157ms)
			ProcessInitializeOnLoadAttributes (557ms)
			ProcessInitializeOnLoadMethodAttributes (126ms)
			AfterProcessingInitializeOnLoad (8ms)
			EditorAssembliesLoaded (0ms)
		ExecutionOrderSort2 (0ms)
		AwakeInstancesAfterBackupRestoration (10ms)
Refreshing native plugins compatible for Editor in 0.38 ms, found 0 plugins.
Preloading 0 native plugins for Editor in 0.00 ms.
Unloading 1 Unused Serialized files (Serialized files now loaded: 0)
Unloading 1421 unused Assets / (414.1 KB). Loaded Objects now: 2026.
Memory consumption went from 83.2 MB to 82.8 MB.
Total: 6.317400 ms (FindLiveObjects: 0.215600 ms CreateObjectMapping: 0.086200 ms MarkObjects: 5.453800 ms  DeleteObjects: 0.559800 ms)

Prepare: number of updated asset objects reloaded= 0
========================================================================
Received Import Request.
  Time since last request: 527.084845 seconds.
  path: Assets/NetworkPlayerController.cs
  artifactKey: Guid(6ce45f070b285ea4b8c6a075ef480488) Importer(815301076,1909f56bfc062723c751e8b465ee728b)
Start importing Assets/NetworkPlayerController.cs using Guid(6ce45f070b285ea4b8c6a075ef480488) Importer(815301076,1909f56bfc062723c751e8b465ee728b) (PreviewImporter) -> (artifact id: '7f919d3ea7bfcb515aff3067ca8af2fa') in 0.0022789 seconds
Number of updated asset objects reloaded before import = 0Number of asset objects unloaded after import = 0

========================================================================
Received Import Request.
  Time since last request: 55.985308 seconds.
  path: Assets/PlayerPrefab.prefab
  artifactKey: Guid(d52e1d4c3e86a3a4a8b472847678308b) Importer(815301076,1909f56bfc062723c751e8b465ee728b)
Start importing Assets/PlayerPrefab.prefab using Guid(d52e1d4c3e86a3a4a8b472847678308b) Importer(815301076,1909f56bfc062723c751e8b465ee728b) (PreviewImporter)